Oct 29 19:26:02 ubuntu sshd[825]: Server listening on 0.0.0.0 port 22.
Oct 29 19:26:02 ubuntu sshd[825]: Server listening on :: port 22.
Oct 29 19:26:05 ubuntu sshd[963]: Did not receive identification string from 10.0.2.2
Oct 29 19:26:05 ubuntu sshd[962]: Accepted password for vagrant from 10.0.2.2 port 54757 ssh2
Oct 29 19:26:05 ubuntu sshd[962]: pam_unix(sshd:session): session opened for user vagrant by (uid=0)
Oct 29 19:26:07 ubuntu sudo:  vagrant : TTY=unknown ; PWD=/home/vagrant ; USER=root ; COMMAND=/bin/bash -s -- -v 13.8.5
Oct 29 19:26:07 ubuntu sudo: pam_unix(sudo:session): session opened for user root by (uid=0)
Oct 29 19:26:19 ubuntu sudo: pam_unix(sudo:session): session closed for user root
Oct 29 19:26:19 ubuntu sudo:  vagrant : TTY=unknown ; PWD=/home/vagrant ; USER=root ; COMMAND=/bin/mkdir -p /tmp/packer-chef-solo
Oct 29 19:26:19 ubuntu sudo: pam_unix(sudo:session): session opened for user root by (uid=0)
Oct 29 19:26:19 ubuntu sudo: pam_unix(sudo:session): session closed for user root
Oct 29 19:26:19 ubuntu sudo:  vagrant : TTY=unknown ; PWD=/home/vagrant ; USER=root ; COMMAND=/bin/chmod 0777 /tmp/packer-chef-solo
Oct 29 19:26:19 ubuntu sudo: pam_unix(sudo:session): session opened for user root by (uid=0)
Oct 29 19:26:19 ubuntu sudo: pam_unix(sudo:session): session closed for user root
Oct 29 19:26:19 ubuntu sudo:  vagrant : TTY=unknown ; PWD=/home/vagrant ; USER=root ; COMMAND=/bin/mkdir -p /tmp/packer-chef-solo/cookbooks-0
Oct 29 19:26:19 ubuntu sudo: pam_unix(sudo:session): session opened for user root by (uid=0)
Oct 29 19:26:19 ubuntu sudo: pam_unix(sudo:session): session closed for user root
Oct 29 19:26:19 ubuntu sudo:  vagrant : TTY=unknown ; PWD=/home/vagrant ; USER=root ; COMMAND=/bin/chmod 0777 /tmp/packer-chef-solo/cookbooks-0
Oct 29 19:26:19 ubuntu sudo: pam_unix(sudo:session): session opened for user root by (uid=0)
Oct 29 19:26:19 ubuntu sudo: pam_unix(sudo:session): session closed for user root
Oct 29 19:26:20 ubuntu sudo:  vagrant : TTY=unknown ; PWD=/home/vagrant ; USER=root ; COMMAND=/usr/bin/chef-solo --no-color -c /tmp/packer-chef-solo/solo.rb -j /tmp/packer-chef-solo/node.json
Oct 29 19:26:20 ubuntu sudo: pam_unix(sudo:session): session opened for user root by (uid=0)
Oct 29 19:26:37 ubuntu groupadd[1834]: group added to /etc/group: name=dirmngr, GID=111
Oct 29 19:26:37 ubuntu groupadd[1834]: group added to /etc/gshadow: name=dirmngr
Oct 29 19:26:37 ubuntu groupadd[1834]: new group: name=dirmngr, GID=111
Oct 29 19:26:37 ubuntu useradd[1839]: new user: name=dirmngr, UID=105, GID=111, home=/var/cache/dirmngr, shell=/bin/sh
Oct 29 19:26:37 ubuntu usermod[1844]: change user 'dirmngr' password
Oct 29 19:26:37 ubuntu chage[1849]: changed password expiry for dirmngr
Oct 29 19:26:37 ubuntu su[1879]: Successful su for dirmngr by root
Oct 29 19:26:37 ubuntu su[1879]: + ??? root:dirmngr
Oct 29 19:26:37 ubuntu su[1879]: pam_unix(su:session): session opened for user dirmngr by (uid=0)
Oct 29 19:26:37 ubuntu su[1879]: pam_unix(su:session): session closed for user dirmngr
Oct 29 19:26:38 ubuntu useradd[1894]: new user: name=leia_organa, UID=1111, GID=100, home=/home/leia_organa, shell=/bin/bash
Oct 29 19:26:38 ubuntu useradd[1901]: new user: name=luke_skywalker, UID=1112, GID=100, home=/home/luke_skywalker, shell=/bin/bash
Oct 29 19:26:38 ubuntu useradd[1908]: new user: name=han_solo, UID=1113, GID=100, home=/home/han_solo, shell=/bin/bash
Oct 29 19:26:38 ubuntu useradd[1915]: new user: name=artoo_detoo, UID=1114, GID=100, home=/home/artoo_detoo, shell=/bin/bash
Oct 29 19:26:38 ubuntu useradd[1922]: new user: name=c_three_pio, UID=1115, GID=100, home=/home/c_three_pio, shell=/bin/bash
Oct 29 19:26:38 ubuntu useradd[1929]: new user: name=ben_kenobi, UID=1116, GID=100, home=/home/ben_kenobi, shell=/bin/bash
Oct 29 19:26:38 ubuntu useradd[1936]: new user: name=darth_vader, UID=1117, GID=100, home=/home/darth_vader, shell=/bin/bash
Oct 29 19:26:38 ubuntu useradd[1943]: new user: name=anakin_skywalker, UID=1118, GID=100, home=/home/anakin_skywalker, shell=/bin/bash
Oct 29 19:26:38 ubuntu useradd[1950]: new user: name=jarjar_binks, UID=1119, GID=100, home=/home/jarjar_binks, shell=/bin/bash
Oct 29 19:26:38 ubuntu useradd[1957]: new user: name=lando_calrissian, UID=1120, GID=100, home=/home/lando_calrissian, shell=/bin/bash
Oct 29 19:26:38 ubuntu useradd[1964]: new user: name=boba_fett, UID=1121, GID=100, home=/home/boba_fett, shell=/bin/bash
Oct 29 19:26:38 ubuntu useradd[1971]: new user: name=jabba_hutt, UID=1122, GID=100, home=/home/jabba_hutt, shell=/bin/bash
Oct 29 19:26:38 ubuntu useradd[1978]: new user: name=greedo, UID=1123, GID=100, home=/home/greedo, shell=/bin/bash
Oct 29 19:26:39 ubuntu useradd[1985]: new user: name=chewbacca, UID=1124, GID=100, home=/home/chewbacca, shell=/bin/bash
Oct 29 19:26:39 ubuntu useradd[1992]: new user: name=kylo_ren, UID=1125, GID=100, home=/home/kylo_ren, shell=/bin/bash
Oct 29 19:26:39 ubuntu groupmod[1999]: group changed in /etc/group (group sudo/27)
Oct 29 19:26:39 ubuntu gpasswd[2005]: user leia_organa added by root to group sudo
Oct 29 19:26:39 ubuntu gpasswd[2011]: user luke_skywalker added by root to group sudo
Oct 29 19:26:39 ubuntu gpasswd[2017]: user han_solo added by root to group sudo
Oct 29 19:26:52 ubuntu groupadd[5181]: group added to /etc/group: name=mysql, GID=112
Oct 29 19:26:52 ubuntu groupadd[5181]: group added to /etc/gshadow: name=mysql
Oct 29 19:26:52 ubuntu groupadd[5181]: new group: name=mysql, GID=112
Oct 29 19:26:52 ubuntu useradd[5187]: new user: name=mysql, UID=106, GID=112, home=/nonexistent, shell=/bin/false
Oct 29 19:26:52 ubuntu chage[5192]: changed password expiry for mysql
Oct 29 19:26:52 ubuntu chfn[5195]: changed user 'mysql' information
Oct 29 19:28:06 ubuntu groupadd[18381]: group added to /etc/group: name=ssl-cert, GID=113
Oct 29 19:28:06 ubuntu groupadd[18381]: group added to /etc/gshadow: name=ssl-cert
Oct 29 19:28:06 ubuntu groupadd[18381]: new group: name=ssl-cert, GID=113
Oct 29 19:34:37 ubuntu groupadd[4798]: group added to /etc/group: name=docker, GID=999
Oct 29 19:34:37 ubuntu groupadd[4798]: group added to /etc/gshadow: name=docker
Oct 29 19:34:37 ubuntu groupadd[4798]: new group: name=docker, GID=999
Oct 29 19:34:43 ubuntu groupmod[5515]: group changed in /etc/group (group docker/999)
Oct 29 19:34:43 ubuntu gpasswd[5521]: user boba_fett added by root to group docker
Oct 29 19:34:43 ubuntu gpasswd[5527]: user jabba_hutt added by root to group docker
Oct 29 19:34:43 ubuntu gpasswd[5533]: user greedo added by root to group docker
Oct 29 19:34:43 ubuntu gpasswd[5539]: user chewbacca added by root to group docker
Oct 29 19:37:01 ubuntu sudo:     root : TTY=unknown ; PWD=/ ; USER=boba_fett ; COMMAND=/opt/unrealircd/Unreal3.2/unreal start
Oct 29 19:37:01 ubuntu sudo: pam_unix(sudo:session): session opened for user boba_fett by (uid=0)
Oct 29 19:37:02 ubuntu sudo: pam_unix(sudo:session): session closed for user boba_fett
Oct 29 19:37:02 ubuntu sudo:     root : TTY=unknown ; PWD=/ ; USER=root ; COMMAND=/bin/bash -
Oct 29 19:37:02 ubuntu sudo: pam_unix(sudo:session): session opened for user root by (uid=0)
Oct 29 19:37:40 ubuntu sudo: pam_unix(sudo:session): session closed for user root
Oct 29 19:37:54 ubuntu sudo:     root : TTY=unknown ; PWD=/ ; USER=chewbacca ; COMMAND=/opt/readme_app/start.sh
Oct 29 19:37:54 ubuntu sudo: pam_unix(sudo:session): session opened for user chewbacca by (uid=0)
Oct 29 19:38:15 ubuntu groupadd[18086]: group added to /etc/group: name=avahi, GID=114
Oct 29 19:38:15 ubuntu groupadd[18086]: group added to /etc/gshadow: name=avahi
Oct 29 19:38:15 ubuntu groupadd[18086]: new group: name=avahi, GID=114
Oct 29 19:38:15 ubuntu useradd[18090]: new user: name=avahi, UID=107, GID=114, home=/var/run/avahi-daemon, shell=/bin/false
Oct 29 19:38:15 ubuntu usermod[18095]: change user 'avahi' password
Oct 29 19:38:15 ubuntu chage[18100]: changed password expiry for avahi
Oct 29 19:38:15 ubuntu chfn[18103]: changed user 'avahi' information
Oct 29 19:38:16 ubuntu groupadd[18265]: group added to /etc/group: name=scanner, GID=115
Oct 29 19:38:16 ubuntu groupadd[18265]: group added to /etc/gshadow: name=scanner
Oct 29 19:38:16 ubuntu groupadd[18265]: new group: name=scanner, GID=115
Oct 29 19:38:16 ubuntu groupadd[18325]: group added to /etc/group: name=colord, GID=116
Oct 29 19:38:16 ubuntu groupadd[18325]: group added to /etc/gshadow: name=colord
Oct 29 19:38:16 ubuntu groupadd[18325]: new group: name=colord, GID=116
Oct 29 19:38:16 ubuntu useradd[18331]: new user: name=colord, UID=108, GID=116, home=/var/lib/colord, shell=/bin/false
Oct 29 19:38:16 ubuntu usermod[18336]: change user 'colord' password
Oct 29 19:38:16 ubuntu chage[18341]: changed password expiry for colord
Oct 29 19:38:16 ubuntu chfn[18344]: changed user 'colord' information
Oct 29 19:39:03 ubuntu sudo: pam_unix(sudo:session): session closed for user root
Oct 29 19:39:04 ubuntu sudo:  vagrant : TTY=unknown ; PWD=/home/vagrant ; USER=root ; COMMAND=/sbin/shutdown -P now
Oct 29 19:39:04 ubuntu sudo: pam_unix(sudo:session): session opened for user root by (uid=0)
Jan  8 10:03:29 ubuntu sudo:     root : TTY=unknown ; PWD=/ ; USER=chewbacca ; COMMAND=/opt/readme_app/start.sh
Jan  8 10:03:29 ubuntu sudo: pam_unix(sudo:session): session opened for user chewbacca by (uid=0)
Jan  8 10:03:30 ubuntu sshd[1210]: Server listening on 0.0.0.0 port 22.
Jan  8 10:03:30 ubuntu sshd[1210]: Server listening on :: port 22.
Jan  8 10:03:30 ubuntu su[1242]: Successful su for dirmngr by root
Jan  8 10:03:30 ubuntu su[1242]: + /dev/console root:dirmngr
Jan  8 10:03:30 ubuntu su[1242]: pam_unix(su:session): session opened for user dirmngr by (uid=0)
Jan  8 10:03:30 ubuntu su[1242]: pam_unix(su:session): session closed for user dirmngr
Jan  8 10:03:30 ubuntu sudo:     root : TTY=unknown ; PWD=/ ; USER=boba_fett ; COMMAND=/opt/unrealircd/Unreal3.2/unreal start
Jan  8 10:03:30 ubuntu sudo: pam_unix(sudo:session): session opened for user boba_fett by (uid=0)
Jan  8 10:03:31 ubuntu sudo: pam_unix(sudo:session): session closed for user boba_fett
Jan  8 10:03:35 ubuntu sshd[1814]: Accepted password for vagrant from 10.0.2.2 port 61112 ssh2
Jan  8 10:03:35 ubuntu sshd[1814]: pam_unix(sshd:session): session opened for user vagrant by (uid=0)
Jan  8 10:03:46 ubuntu sshd[1814]: pam_unix(sshd:session): session closed for user vagrant
Jan  8 10:03:46 ubuntu sshd[1984]: Accepted publickey for vagrant from 10.0.2.2 port 61116 ssh2: RSA 09:cd:9c:52:fc:0a:93:12:21:48:59:c1:b3:71:8b:bb
Jan  8 10:03:46 ubuntu sshd[1984]: pam_unix(sshd:session): session opened for user vagrant by (uid=0)
Jan  8 10:03:47 ubuntu sudo:  vagrant : TTY=unknown ; PWD=/home/vagrant ; USER=root ; COMMAND=/bin/bash -l
Jan  8 10:03:47 ubuntu sudo: pam_unix(sudo:session): session opened for user root by (uid=0)
Jan  8 10:03:47 ubuntu sudo: pam_unix(sudo:session): session closed for user root
Jan  8 10:03:47 ubuntu sudo:  vagrant : TTY=unknown ; PWD=/home/vagrant ; USER=root ; COMMAND=/bin/bash -l
Jan  8 10:03:47 ubuntu sudo: pam_unix(sudo:session): session opened for user root by (uid=0)
Jan  8 10:03:47 ubuntu sudo: pam_unix(sudo:session): session closed for user root
Jan  8 10:03:47 ubuntu sudo:  vagrant : TTY=unknown ; PWD=/home/vagrant ; USER=root ; COMMAND=/bin/bash -l
Jan  8 10:03:47 ubuntu sudo: pam_unix(sudo:session): session opened for user root by (uid=0)
Jan  8 10:03:47 ubuntu sudo: pam_unix(sudo:session): session closed for user root
Jan  8 10:03:47 ubuntu sudo:  vagrant : TTY=unknown ; PWD=/home/vagrant ; USER=root ; COMMAND=/bin/bash -l
Jan  8 10:03:47 ubuntu sudo: pam_unix(sudo:session): session opened for user root by (uid=0)
Jan  8 10:03:47 ubuntu sudo: pam_unix(sudo:session): session closed for user root
Jan  8 10:03:47 ubuntu sudo:  vagrant : TTY=unknown ; PWD=/home/vagrant ; USER=root ; COMMAND=/bin/bash -l
Jan  8 10:03:47 ubuntu sudo: pam_unix(sudo:session): session opened for user root by (uid=0)
Jan  8 10:03:47 ubuntu sudo: pam_unix(sudo:session): session closed for user root
Jan  8 10:03:47 ubuntu sudo:  vagrant : TTY=unknown ; PWD=/home/vagrant ; USER=root ; COMMAND=/bin/bash -l
Jan  8 10:03:47 ubuntu sudo: pam_unix(sudo:session): session opened for user root by (uid=0)
Jan  8 10:03:47 ubuntu sudo: pam_unix(sudo:session): session closed for user root
Jan  8 10:03:47 ubuntu sudo:  vagrant : TTY=unknown ; PWD=/home/vagrant ; USER=root ; COMMAND=/bin/bash -l
Jan  8 10:03:47 ubuntu sudo: pam_unix(sudo:session): session opened for user root by (uid=0)
Jan  8 10:03:47 ubuntu sudo: pam_unix(sudo:session): session closed for user root
Jan  8 10:03:47 ubuntu sudo:  vagrant : TTY=unknown ; PWD=/home/vagrant ; USER=root ; COMMAND=/bin/bash -l
Jan  8 10:03:47 ubuntu sudo: pam_unix(sudo:session): session opened for user root by (uid=0)
Jan  8 10:03:47 ubuntu sudo: pam_unix(sudo:session): session closed for user root
Jan  8 10:03:48 ubuntu sudo:  vagrant : TTY=unknown ; PWD=/home/vagrant ; USER=root ; COMMAND=/bin/bash -l
Jan  8 10:03:48 ubuntu sudo: pam_unix(sudo:session): session opened for user root by (uid=0)
Jan  8 10:03:54 ubuntu sshd[1210]: Received signal 15; terminating.
Jan  8 10:03:54 ubuntu sshd[2380]: Server listening on 0.0.0.0 port 22.
Jan  8 10:03:54 ubuntu sshd[2380]: Server listening on :: port 22.
Jan  8 10:03:54 ubuntu sudo: pam_unix(sudo:session): session closed for user root
Jan  8 10:03:54 ubuntu sudo:  vagrant : TTY=unknown ; PWD=/home/vagrant ; USER=root ; COMMAND=/bin/bash -l
Jan  8 10:03:54 ubuntu sudo: pam_unix(sudo:session): session opened for user root by (uid=0)
Jan  8 10:03:54 ubuntu sudo: pam_unix(sudo:session): session closed for user root
Jan  8 10:03:54 ubuntu sudo:  vagrant : TTY=unknown ; PWD=/home/vagrant ; USER=root ; COMMAND=/bin/bash -l
Jan  8 10:03:54 ubuntu sudo: pam_unix(sudo:session): session opened for user root by (uid=0)
Jan  8 10:03:54 ubuntu sudo: pam_unix(sudo:session): session closed for user root
Jan  8 10:03:54 ubuntu sudo:  vagrant : TTY=unknown ; PWD=/home/vagrant ; USER=root ; COMMAND=/bin/bash -l
Jan  8 10:03:54 ubuntu sudo: pam_unix(sudo:session): session opened for user root by (uid=0)
Jan  8 10:03:54 ubuntu sudo: pam_unix(sudo:session): session closed for user root
Jan  8 10:03:55 ubuntu sudo:  vagrant : TTY=unknown ; PWD=/home/vagrant ; USER=root ; COMMAND=/bin/bash -l
Jan  8 10:03:55 ubuntu sudo: pam_unix(sudo:session): session opened for user root by (uid=0)
Jan  8 10:03:55 ubuntu sudo: pam_unix(sudo:session): session closed for user root
Jan  8 10:03:55 ubuntu sudo:  vagrant : TTY=unknown ; PWD=/home/vagrant ; USER=root ; COMMAND=/bin/bash -l
Jan  8 10:03:55 ubuntu sudo: pam_unix(sudo:session): session opened for user root by (uid=0)
Jan  8 10:03:55 ubuntu sudo: pam_unix(sudo:session): session closed for user root
Jan  8 10:03:55 ubuntu sudo:  vagrant : TTY=unknown ; PWD=/home/vagrant ; USER=root ; COMMAND=/bin/bash -l
Jan  8 10:03:55 ubuntu sudo: pam_unix(sudo:session): session opened for user root by (uid=0)
Jan  8 10:03:55 ubuntu sudo: pam_unix(sudo:session): session closed for user root
Jan  8 10:03:55 ubuntu sudo:  vagrant : TTY=unknown ; PWD=/home/vagrant ; USER=root ; COMMAND=/bin/bash -l
Jan  8 10:03:55 ubuntu sudo: pam_unix(sudo:session): session opened for user root by (uid=0)
Jan  8 10:03:55 ubuntu sudo: pam_unix(sudo:session): session closed for user root
Jan  8 10:03:55 ubuntu sudo:  vagrant : TTY=unknown ; PWD=/home/vagrant ; USER=root ; COMMAND=/bin/bash -l
Jan  8 10:03:55 ubuntu sudo: pam_unix(sudo:session): session opened for user root by (uid=0)
Jan  8 10:03:55 ubuntu sudo: pam_unix(sudo:session): session closed for user root
Jan  8 10:03:55 ubuntu sudo:  vagrant : TTY=unknown ; PWD=/home/vagrant ; USER=root ; COMMAND=/bin/bash -l
Jan  8 10:03:55 ubuntu sudo: pam_unix(sudo:session): session opened for user root by (uid=0)
Jan  8 10:03:55 ubuntu sshd[2380]: Received signal 15; terminating.
Jan  8 10:03:55 ubuntu sshd[2582]: Server listening on 0.0.0.0 port 22.
Jan  8 10:03:55 ubuntu sshd[2582]: Server listening on :: port 22.
Jan  8 10:03:55 ubuntu sudo: pam_unix(sudo:session): session closed for user root
Jan  8 10:03:56 ubuntu sudo:  vagrant : TTY=unknown ; PWD=/home/vagrant ; USER=root ; COMMAND=/bin/bash -l
Jan  8 10:03:56 ubuntu sudo: pam_unix(sudo:session): session opened for user root by (uid=0)
Jan  8 10:03:56 ubuntu sudo: pam_unix(sudo:session): session closed for user root
Jan  8 10:03:56 ubuntu sudo:  vagrant : TTY=unknown ; PWD=/home/vagrant ; USER=root ; COMMAND=/bin/bash -l
Jan  8 10:03:56 ubuntu sudo: pam_unix(sudo:session): session opened for user root by (uid=0)
Jan  8 10:03:56 ubuntu sudo: pam_unix(sudo:session): session closed for user root
Jan  8 10:03:57 ubuntu sshd[1961]: fatal: Read from socket failed: Connection reset by peer [preauth]
Jan  8 10:11:14 ubuntu sshd[1984]: pam_unix(sshd:session): session closed for user vagrant
Jan  8 10:15:48 metasploitable3-ub1404 sudo:     root : TTY=unknown ; PWD=/ ; USER=chewbacca ; COMMAND=/opt/readme_app/start.sh
Jan  8 10:15:48 metasploitable3-ub1404 sudo: pam_unix(sudo:session): session opened for user chewbacca by (uid=0)
Jan  8 10:15:48 metasploitable3-ub1404 sshd[1340]: Server listening on 0.0.0.0 port 22.
Jan  8 10:15:48 metasploitable3-ub1404 sshd[1340]: Server listening on :: port 22.
Jan  8 10:15:48 metasploitable3-ub1404 su[1407]: Successful su for dirmngr by root
Jan  8 10:15:48 metasploitable3-ub1404 su[1407]: + /dev/console root:dirmngr
Jan  8 10:15:48 metasploitable3-ub1404 su[1407]: pam_unix(su:session): session opened for user dirmngr by (uid=0)
Jan  8 10:15:48 metasploitable3-ub1404 su[1407]: pam_unix(su:session): session closed for user dirmngr
Jan  8 10:15:48 metasploitable3-ub1404 sudo:     root : TTY=unknown ; PWD=/ ; USER=boba_fett ; COMMAND=/opt/unrealircd/Unreal3.2/unreal start
Jan  8 10:15:48 metasploitable3-ub1404 sudo: pam_unix(sudo:session): session opened for user boba_fett by (uid=0)
Jan  8 10:15:49 metasploitable3-ub1404 sudo: pam_unix(sudo:session): session closed for user boba_fett
Jan  8 10:16:15 metasploitable3-ub1404 login[1860]: pam_unix(login:session): session opened for user vagrant by LOGIN(uid=0)
Jan  8 10:17:01 metasploitable3-ub1404 CRON[2019]: pam_unix(cron:session): session opened for user root by (uid=0)
Jan  8 10:17:01 metasploitable3-ub1404 CRON[2019]: pam_unix(cron:session): session closed for user root
Jan  8 10:17:11 metasploitable3-ub1404 sudo:  vagrant : TTY=tty1 ; PWD=/home/vagrant ; USER=root ; COMMAND=/usr/bin/apt update
Jan  8 10:17:11 metasploitable3-ub1404 sudo: pam_unix(sudo:session): session opened for user root by vagrant(uid=0)
Jan  8 10:17:25 metasploitable3-ub1404 sudo: pam_unix(sudo:session): session closed for user root
Jan  8 10:17:41 metasploitable3-ub1404 sudo:  vagrant : TTY=tty1 ; PWD=/home/vagrant ; USER=root ; COMMAND=/usr/bin/apt upgrade
Jan  8 10:17:41 metasploitable3-ub1404 sudo: pam_unix(sudo:session): session opened for user root by vagrant(uid=0)
Jan  8 10:21:26 metasploitable3-ub1404 systemd-logind[15441]: New seat seat0.
Jan  8 10:21:26 metasploitable3-ub1404 systemd-logind[15441]: Watching system buttons on /dev/input/event0 (Power Button)
Jan  8 10:21:26 metasploitable3-ub1404 systemd-logind[15441]: Watching system buttons on /dev/input/event1 (Sleep Button)
Jan  8 10:21:26 metasploitable3-ub1404 systemd-logind[15441]: Watching system buttons on /dev/input/event3 (Video Bus)
Jan  8 10:21:26 metasploitable3-ub1404 systemd-logind[15441]: New session c2 of user vagrant.
Jan  8 10:21:26 metasploitable3-ub1404 systemd-logind[15441]: New session c1 of user dirmngr.
Jan  8 10:21:44 metasploitable3-ub1404 sudo: pam_unix(sudo:session): session closed for user root
Jan  8 10:23:45 metasploitable3-ub1404 sudo:  vagrant : TTY=tty1 ; PWD=/home/vagrant ; USER=root ; COMMAND=/usr/bin/apt upgrade
Jan  8 10:23:45 metasploitable3-ub1404 sudo: pam_unix(sudo:session): session opened for user root by vagrant(uid=0)
Jan  8 10:24:13 metasploitable3-ub1404 sudo: pam_unix(sudo:session): session closed for user root
Jan  8 10:24:40 metasploitable3-ub1404 sudo:  vagrant : TTY=tty1 ; PWD=/home/vagrant ; USER=root ; COMMAND=/usr/bin/apt update
Jan  8 10:24:40 metasploitable3-ub1404 sudo: pam_unix(sudo:session): session opened for user root by vagrant(uid=0)
Jan  8 10:24:49 metasploitable3-ub1404 sudo: pam_unix(sudo:session): session closed for user root
Jan  8 10:24:53 metasploitable3-ub1404 sudo:  vagrant : TTY=tty1 ; PWD=/home/vagrant ; USER=root ; COMMAND=/usr/bin/apt upgrade
Jan  8 10:24:53 metasploitable3-ub1404 sudo: pam_unix(sudo:session): session opened for user root by vagrant(uid=0)
Jan  8 10:24:54 metasploitable3-ub1404 sudo: pam_unix(sudo:session): session closed for user root
Jan  8 10:27:08 metasploitable3-ub1404 sudo:  vagrant : TTY=tty1 ; PWD=/home/vagrant ; USER=root ; COMMAND=/usr/bin/ua status
Jan  8 10:27:08 metasploitable3-ub1404 sudo: pam_unix(sudo:session): session opened for user root by vagrant(uid=0)
Jan  8 10:27:09 metasploitable3-ub1404 sudo: pam_unix(sudo:session): session closed for user root
Jan  8 10:29:22 metasploitable3-ub1404 sudo:  vagrant : TTY=tty1 ; PWD=/home/vagrant ; USER=root ; COMMAND=/sbin/shutdown -h now
Jan  8 10:29:22 metasploitable3-ub1404 sudo: pam_unix(sudo:session): session opened for user root by vagrant(uid=0)
Jan  8 10:29:22 metasploitable3-ub1404 sudo: pam_unix(sudo:session): session closed for user root
Jan  8 11:04:33 metasploitable3-ub1404 sudo:     root : TTY=unknown ; PWD=/ ; USER=chewbacca ; COMMAND=/opt/readme_app/start.sh
Jan  8 11:04:33 metasploitable3-ub1404 sudo: pam_unix(sudo:session): session opened for user chewbacca by (uid=0)
Jan  8 11:04:33 metasploitable3-ub1404 sshd[1457]: Server listening on 0.0.0.0 port 22.
Jan  8 11:04:33 metasploitable3-ub1404 sshd[1457]: Server listening on :: port 22.
Jan  8 11:04:33 metasploitable3-ub1404 su[1537]: Successful su for dirmngr by root
Jan  8 11:04:33 metasploitable3-ub1404 su[1537]: + /dev/console root:dirmngr
Jan  8 11:04:33 metasploitable3-ub1404 su[1537]: pam_unix(su:session): session opened for user dirmngr by (uid=0)
Jan  8 11:04:34 metasploitable3-ub1404 su[1537]: pam_unix(su:session): session closed for user dirmngr
Jan  8 11:04:34 metasploitable3-ub1404 sudo:     root : TTY=unknown ; PWD=/ ; USER=boba_fett ; COMMAND=/opt/unrealircd/Unreal3.2/unreal start
Jan  8 11:04:34 metasploitable3-ub1404 sudo: pam_unix(sudo:session): session opened for user boba_fett by (uid=0)
Jan  8 11:04:35 metasploitable3-ub1404 sudo: pam_unix(sudo:session): session closed for user boba_fett
Jan  8 11:04:55 metasploitable3-ub1404 login[1839]: pam_unix(login:session): session opened for user vagrant by LOGIN(uid=0)
Jan  8 11:05:11 metasploitable3-ub1404 sudo:  vagrant : TTY=tty1 ; PWD=/home/vagrant ; USER=root ; COMMAND=/sbin/shutdown -h now
Jan  8 11:05:11 metasploitable3-ub1404 sudo: pam_unix(sudo:session): session opened for user root by vagrant(uid=0)
Apr 20 21:05:12 metasploitable3-ub1404 sudo:     root : TTY=unknown ; PWD=/ ; USER=chewbacca ; COMMAND=/opt/readme_app/start.sh
Apr 20 21:05:12 metasploitable3-ub1404 sudo: pam_unix(sudo:session): session opened for user chewbacca by (uid=0)
Apr 20 21:05:12 metasploitable3-ub1404 sshd[1499]: Server listening on 0.0.0.0 port 22.
Apr 20 21:05:12 metasploitable3-ub1404 sshd[1499]: Server listening on :: port 22.
Apr 20 21:05:14 metasploitable3-ub1404 su[1578]: Successful su for dirmngr by root
Apr 20 21:05:14 metasploitable3-ub1404 su[1578]: + /dev/console root:dirmngr
Apr 20 21:05:14 metasploitable3-ub1404 su[1578]: pam_unix(su:session): session opened for user dirmngr by (uid=0)
Apr 20 21:05:14 metasploitable3-ub1404 su[1578]: pam_unix(su:session): session closed for user dirmngr
Apr 20 21:05:15 metasploitable3-ub1404 sudo:     root : TTY=unknown ; PWD=/ ; USER=boba_fett ; COMMAND=/opt/unrealircd/Unreal3.2/unreal start
Apr 20 21:05:15 metasploitable3-ub1404 sudo: pam_unix(sudo:session): session opened for user boba_fett by (uid=0)
Apr 20 21:05:16 metasploitable3-ub1404 sudo: pam_unix(sudo:session): session closed for user boba_fett
Apr 20 21:06:50 metasploitable3-ub1404 login[1455]: pam_unix(login:session): session opened for user vagrant by LOGIN(uid=0)
Apr 20 21:17:01 metasploitable3-ub1404 CRON[2026]: pam_unix(cron:session): session opened for user root by (uid=0)
Apr 20 21:17:01 metasploitable3-ub1404 CRON[2026]: pam_unix(cron:session): session closed for user root
Apr 20 21:42:57 metasploitable3-ub1404 sudo:  vagrant : TTY=tty2 ; PWD=/home/vagrant ; USER=root ; COMMAND=/usr/sbin/service ssh status
Apr 20 21:42:57 metasploitable3-ub1404 sudo: pam_unix(sudo:session): session opened for user root by vagrant(uid=0)
Apr 20 21:42:57 metasploitable3-ub1404 sudo: pam_unix(sudo:session): session closed for user root
Apr 20 21:48:58 metasploitable3-ub1404 sudo:  vagrant : TTY=tty2 ; PWD=/home/vagrant ; USER=root ; COMMAND=/usr/sbin/service ssh start
Apr 20 21:48:58 metasploitable3-ub1404 sudo: pam_unix(sudo:session): session opened for user root by vagrant(uid=0)
Apr 20 21:48:58 metasploitable3-ub1404 sudo: pam_unix(sudo:session): session closed for user root
Apr 20 21:52:53 metasploitable3-ub1404 sudo:  vagrant : TTY=tty2 ; PWD=/home/vagrant ; USER=root ; COMMAND=/bin/netstat -tlnp
Apr 20 21:52:53 metasploitable3-ub1404 sudo: pam_unix(sudo:session): session opened for user root by vagrant(uid=0)
Apr 20 21:52:53 metasploitable3-ub1404 sudo: pam_unix(sudo:session): session closed for user root
Apr 20 21:56:04 metasploitable3-ub1404 sudo:  vagrant : TTY=tty2 ; PWD=/home/vagrant ; USER=root ; COMMAND=/usr/sbin/ufw disable
Apr 20 21:56:04 metasploitable3-ub1404 sudo: pam_unix(sudo:session): session opened for user root by vagrant(uid=0)
Apr 20 21:56:04 metasploitable3-ub1404 sudo: pam_unix(sudo:session): session closed for user root
Apr 20 21:57:26 metasploitable3-ub1404 sudo:  vagrant : TTY=tty2 ; PWD=/home/vagrant ; USER=root ; COMMAND=/usr/sbin/ufw status
Apr 20 21:57:26 metasploitable3-ub1404 sudo: pam_unix(sudo:session): session opened for user root by vagrant(uid=0)
Apr 20 21:57:27 metasploitable3-ub1404 sudo: pam_unix(sudo:session): session closed for user root
Apr 21 06:17:09 metasploitable3-ub1404 sudo:     root : TTY=unknown ; PWD=/ ; USER=chewbacca ; COMMAND=/opt/readme_app/start.sh
Apr 21 06:17:09 metasploitable3-ub1404 sudo: pam_unix(sudo:session): session opened for user chewbacca by (uid=0)
Apr 21 06:17:09 metasploitable3-ub1404 sshd[1452]: Server listening on 0.0.0.0 port 22.
Apr 21 06:17:09 metasploitable3-ub1404 sshd[1452]: Server listening on :: port 22.
Apr 21 06:17:09 metasploitable3-ub1404 su[1532]: Successful su for dirmngr by root
Apr 21 06:17:09 metasploitable3-ub1404 su[1532]: + /dev/console root:dirmngr
Apr 21 06:17:09 metasploitable3-ub1404 su[1532]: pam_unix(su:session): session opened for user dirmngr by (uid=0)
Apr 21 06:17:09 metasploitable3-ub1404 su[1532]: pam_unix(su:session): session closed for user dirmngr
Apr 21 06:17:10 metasploitable3-ub1404 sudo:     root : TTY=unknown ; PWD=/ ; USER=boba_fett ; COMMAND=/opt/unrealircd/Unreal3.2/unreal start
Apr 21 06:17:10 metasploitable3-ub1404 sudo: pam_unix(sudo:session): session opened for user boba_fett by (uid=0)
Apr 21 06:17:11 metasploitable3-ub1404 sudo: pam_unix(sudo:session): session closed for user boba_fett
Apr 21 06:18:10 metasploitable3-ub1404 login[1842]: pam_unix(login:session): session opened for user vagrant by LOGIN(uid=0)
Apr 21 06:25:01 metasploitable3-ub1404 CRON[1990]: pam_unix(cron:session): session opened for user root by (uid=0)
Apr 21 06:25:02 metasploitable3-ub1404 CRON[1990]: pam_unix(cron:session): session closed for user root
Apr 21 06:44:43 metasploitable3-ub1404 sudo:  vagrant : TTY=tty1 ; PWD=/home/vagrant ; USER=root ; COMMAND=/usr/sbin/ufw status
Apr 21 06:44:43 metasploitable3-ub1404 sudo: pam_unix(sudo:session): session opened for user root by vagrant(uid=0)
Apr 21 06:44:44 metasploitable3-ub1404 sudo: pam_unix(sudo:session): session closed for user root
Apr 21 06:47:28 metasploitable3-ub1404 sudo:  vagrant : TTY=tty1 ; PWD=/home/vagrant ; USER=root ; COMMAND=/usr/sbin/service vsftpd restart
Apr 21 06:47:28 metasploitable3-ub1404 sudo: pam_unix(sudo:session): session opened for user root by vagrant(uid=0)
Apr 21 06:47:28 metasploitable3-ub1404 sudo: pam_unix(sudo:session): session closed for user root
Apr 21 06:47:58 metasploitable3-ub1404 sudo:  vagrant : TTY=tty1 ; PWD=/home/vagrant ; USER=root ; COMMAND=/usr/sbin/service vsftpd restart
Apr 21 06:47:58 metasploitable3-ub1404 sudo: pam_unix(sudo:session): session opened for user root by vagrant(uid=0)
Apr 21 06:47:58 metasploitable3-ub1404 sudo: pam_unix(sudo:session): session closed for user root
Apr 21 06:53:56 metasploitable3-ub1404 sudo:     root : TTY=unknown ; PWD=/ ; USER=chewbacca ; COMMAND=/opt/readme_app/start.sh
Apr 21 06:53:56 metasploitable3-ub1404 sudo: pam_unix(sudo:session): session opened for user chewbacca by (uid=0)
Apr 21 06:53:56 metasploitable3-ub1404 sshd[1449]: Server listening on 0.0.0.0 port 22.
Apr 21 06:53:56 metasploitable3-ub1404 sshd[1449]: Server listening on :: port 22.
Apr 21 06:53:57 metasploitable3-ub1404 su[1530]: Successful su for dirmngr by root
Apr 21 06:53:57 metasploitable3-ub1404 su[1530]: + /dev/console root:dirmngr
Apr 21 06:53:57 metasploitable3-ub1404 su[1530]: pam_unix(su:session): session opened for user dirmngr by (uid=0)
Apr 21 06:53:57 metasploitable3-ub1404 su[1530]: pam_unix(su:session): session closed for user dirmngr
Apr 21 06:53:58 metasploitable3-ub1404 sudo:     root : TTY=unknown ; PWD=/ ; USER=boba_fett ; COMMAND=/opt/unrealircd/Unreal3.2/unreal start
Apr 21 06:53:58 metasploitable3-ub1404 sudo: pam_unix(sudo:session): session opened for user boba_fett by (uid=0)
Apr 21 06:53:59 metasploitable3-ub1404 sudo: pam_unix(sudo:session): session closed for user boba_fett
Apr 21 06:54:46 metasploitable3-ub1404 login[1848]: pam_unix(login:session): session opened for user vagrant by LOGIN(uid=0)
Apr 21 07:03:28 metasploitable3-ub1404 sudo:     root : TTY=unknown ; PWD=/ ; USER=chewbacca ; COMMAND=/opt/readme_app/start.sh
Apr 21 07:03:28 metasploitable3-ub1404 sudo: pam_unix(sudo:session): session opened for user chewbacca by (uid=0)
Apr 21 07:03:28 metasploitable3-ub1404 sshd[1386]: Server listening on 0.0.0.0 port 22.
Apr 21 07:03:28 metasploitable3-ub1404 sshd[1386]: Server listening on :: port 22.
Apr 21 07:03:28 metasploitable3-ub1404 su[1509]: Successful su for dirmngr by root
Apr 21 07:03:28 metasploitable3-ub1404 su[1509]: + /dev/console root:dirmngr
Apr 21 07:03:28 metasploitable3-ub1404 su[1509]: pam_unix(su:session): session opened for user dirmngr by (uid=0)
Apr 21 07:03:28 metasploitable3-ub1404 su[1509]: pam_unix(su:session): session closed for user dirmngr
Apr 21 07:03:29 metasploitable3-ub1404 sudo:     root : TTY=unknown ; PWD=/ ; USER=boba_fett ; COMMAND=/opt/unrealircd/Unreal3.2/unreal start
Apr 21 07:03:29 metasploitable3-ub1404 sudo: pam_unix(sudo:session): session opened for user boba_fett by (uid=0)
Apr 21 07:03:30 metasploitable3-ub1404 sudo: pam_unix(sudo:session): session closed for user boba_fett
Apr 21 07:03:43 metasploitable3-ub1404 login[1837]: pam_unix(login:session): session opened for user vagrant by LOGIN(uid=0)
Apr 21 07:06:40 metasploitable3-ub1404 sudo:     root : TTY=unknown ; PWD=/ ; USER=chewbacca ; COMMAND=/opt/readme_app/start.sh
Apr 21 07:06:40 metasploitable3-ub1404 sudo: pam_unix(sudo:session): session opened for user chewbacca by (uid=0)
Apr 21 07:06:40 metasploitable3-ub1404 sshd[1439]: Server listening on 0.0.0.0 port 22.
Apr 21 07:06:40 metasploitable3-ub1404 sshd[1439]: Server listening on :: port 22.
Apr 21 07:06:41 metasploitable3-ub1404 su[1512]: Successful su for dirmngr by root
Apr 21 07:06:41 metasploitable3-ub1404 su[1512]: + /dev/console root:dirmngr
Apr 21 07:06:41 metasploitable3-ub1404 su[1512]: pam_unix(su:session): session opened for user dirmngr by (uid=0)
Apr 21 07:06:41 metasploitable3-ub1404 su[1512]: pam_unix(su:session): session closed for user dirmngr
Apr 21 07:06:41 metasploitable3-ub1404 sudo:     root : TTY=unknown ; PWD=/ ; USER=boba_fett ; COMMAND=/opt/unrealircd/Unreal3.2/unreal start
Apr 21 07:06:41 metasploitable3-ub1404 sudo: pam_unix(sudo:session): session opened for user boba_fett by (uid=0)
Apr 21 07:06:42 metasploitable3-ub1404 sudo: pam_unix(sudo:session): session closed for user boba_fett
Apr 21 07:06:54 metasploitable3-ub1404 login[1797]: pam_unix(login:session): session opened for user vagrant by LOGIN(uid=0)
Apr 21 07:10:15 metasploitable3-ub1404 sudo:     root : TTY=unknown ; PWD=/ ; USER=chewbacca ; COMMAND=/opt/readme_app/start.sh
Apr 21 07:10:15 metasploitable3-ub1404 sudo: pam_unix(sudo:session): session opened for user chewbacca by (uid=0)
Apr 21 07:10:15 metasploitable3-ub1404 sshd[1439]: Server listening on 0.0.0.0 port 22.
Apr 21 07:10:15 metasploitable3-ub1404 sshd[1439]: Server listening on :: port 22.
Apr 21 07:10:16 metasploitable3-ub1404 su[1532]: Successful su for dirmngr by root
Apr 21 07:10:16 metasploitable3-ub1404 su[1532]: + /dev/console root:dirmngr
Apr 21 07:10:16 metasploitable3-ub1404 su[1532]: pam_unix(su:session): session opened for user dirmngr by (uid=0)
Apr 21 07:10:16 metasploitable3-ub1404 su[1532]: pam_unix(su:session): session closed for user dirmngr
Apr 21 07:10:16 metasploitable3-ub1404 sudo:     root : TTY=unknown ; PWD=/ ; USER=boba_fett ; COMMAND=/opt/unrealircd/Unreal3.2/unreal start
Apr 21 07:10:16 metasploitable3-ub1404 sudo: pam_unix(sudo:session): session opened for user boba_fett by (uid=0)
Apr 21 07:10:17 metasploitable3-ub1404 sudo: pam_unix(sudo:session): session closed for user boba_fett
Apr 21 07:10:56 metasploitable3-ub1404 login[1851]: pam_unix(login:auth): check pass; user unknown
Apr 21 07:10:56 metasploitable3-ub1404 login[1851]: pam_unix(login:auth): authentication failure; logname=LOGIN uid=0 euid=0 tty=/dev/tty1 ruser= rhost= 
Apr 21 07:10:59 metasploitable3-ub1404 login[1851]: FAILED LOGIN (1) on '/dev/tty1' FOR 'UNKNOWN', Authentication failure
Apr 21 07:11:27 metasploitable3-ub1404 sudo:     root : TTY=unknown ; PWD=/ ; USER=chewbacca ; COMMAND=/opt/readme_app/start.sh
Apr 21 07:11:27 metasploitable3-ub1404 sudo: pam_unix(sudo:session): session opened for user chewbacca by (uid=0)
Apr 21 07:11:27 metasploitable3-ub1404 sshd[1454]: Server listening on 0.0.0.0 port 22.
Apr 21 07:11:27 metasploitable3-ub1404 sshd[1454]: Server listening on :: port 22.
Apr 21 07:11:27 metasploitable3-ub1404 su[1511]: Successful su for dirmngr by root
Apr 21 07:11:27 metasploitable3-ub1404 su[1511]: + /dev/console root:dirmngr
Apr 21 07:11:27 metasploitable3-ub1404 su[1511]: pam_unix(su:session): session opened for user dirmngr by (uid=0)
Apr 21 07:11:27 metasploitable3-ub1404 su[1511]: pam_unix(su:session): session closed for user dirmngr
Apr 21 07:11:28 metasploitable3-ub1404 sudo:     root : TTY=unknown ; PWD=/ ; USER=boba_fett ; COMMAND=/opt/unrealircd/Unreal3.2/unreal start
Apr 21 07:11:28 metasploitable3-ub1404 sudo: pam_unix(sudo:session): session opened for user boba_fett by (uid=0)
Apr 21 07:11:29 metasploitable3-ub1404 sudo: pam_unix(sudo:session): session closed for user boba_fett
Apr 21 07:11:46 metasploitable3-ub1404 login[1840]: pam_unix(login:session): session opened for user vagrant by LOGIN(uid=0)
Apr 21 07:30:21 metasploitable3-ub1404 sudo:     root : TTY=unknown ; PWD=/ ; USER=chewbacca ; COMMAND=/opt/readme_app/start.sh
Apr 21 07:30:21 metasploitable3-ub1404 sudo: pam_unix(sudo:session): session opened for user chewbacca by (uid=0)
Apr 21 07:30:21 metasploitable3-ub1404 sshd[1398]: Server listening on 0.0.0.0 port 22.
Apr 21 07:30:21 metasploitable3-ub1404 sshd[1398]: Server listening on :: port 22.
Apr 21 07:30:22 metasploitable3-ub1404 su[1521]: Successful su for dirmngr by root
Apr 21 07:30:22 metasploitable3-ub1404 su[1521]: + /dev/console root:dirmngr
Apr 21 07:30:22 metasploitable3-ub1404 su[1521]: pam_unix(su:session): session opened for user dirmngr by (uid=0)
Apr 21 07:30:22 metasploitable3-ub1404 su[1521]: pam_unix(su:session): session closed for user dirmngr
Apr 21 07:30:22 metasploitable3-ub1404 sudo:     root : TTY=unknown ; PWD=/ ; USER=boba_fett ; COMMAND=/opt/unrealircd/Unreal3.2/unreal start
Apr 21 07:30:22 metasploitable3-ub1404 sudo: pam_unix(sudo:session): session opened for user boba_fett by (uid=0)
Apr 21 07:30:23 metasploitable3-ub1404 sudo: pam_unix(sudo:session): session closed for user boba_fett
Apr 21 07:30:45 metasploitable3-ub1404 login[1832]: pam_unix(login:session): session opened for user vagrant by LOGIN(uid=0)
Apr 21 10:20:26 metasploitable3-ub1404 sudo:     root : TTY=unknown ; PWD=/ ; USER=chewbacca ; COMMAND=/opt/readme_app/start.sh
Apr 21 10:20:26 metasploitable3-ub1404 sudo: pam_unix(sudo:session): session opened for user chewbacca by (uid=0)
Apr 21 10:20:26 metasploitable3-ub1404 sshd[1428]: Server listening on 0.0.0.0 port 22.
Apr 21 10:20:26 metasploitable3-ub1404 sshd[1428]: Server listening on :: port 22.
Apr 21 10:20:27 metasploitable3-ub1404 su[1539]: Successful su for dirmngr by root
Apr 21 10:20:27 metasploitable3-ub1404 su[1539]: + /dev/console root:dirmngr
Apr 21 10:20:27 metasploitable3-ub1404 su[1539]: pam_unix(su:session): session opened for user dirmngr by (uid=0)
Apr 21 10:20:27 metasploitable3-ub1404 su[1539]: pam_unix(su:session): session closed for user dirmngr
Apr 21 10:20:27 metasploitable3-ub1404 sudo:     root : TTY=unknown ; PWD=/ ; USER=boba_fett ; COMMAND=/opt/unrealircd/Unreal3.2/unreal start
Apr 21 10:20:27 metasploitable3-ub1404 sudo: pam_unix(sudo:session): session opened for user boba_fett by (uid=0)
Apr 21 10:20:29 metasploitable3-ub1404 sudo: pam_unix(sudo:session): session closed for user boba_fett
Apr 21 10:20:30 metasploitable3-ub1404 sudo: pam_unix(sudo:session): session closed for user chewbacca
Apr 21 10:23:13 metasploitable3-ub1404 login[1859]: pam_unix(login:session): session opened for user vagrant by LOGIN(uid=0)
Apr 21 10:43:35 metasploitable3-ub1404 sudo:     root : TTY=unknown ; PWD=/ ; USER=chewbacca ; COMMAND=/opt/readme_app/start.sh
Apr 21 10:43:35 metasploitable3-ub1404 sudo: pam_unix(sudo:session): session opened for user chewbacca by (uid=0)
Apr 21 10:43:35 metasploitable3-ub1404 sshd[1014]: Server listening on 0.0.0.0 port 22.
Apr 21 10:43:35 metasploitable3-ub1404 sshd[1014]: Server listening on :: port 22.
Apr 21 10:43:36 metasploitable3-ub1404 su[1096]: Successful su for dirmngr by root
Apr 21 10:43:36 metasploitable3-ub1404 su[1096]: + /dev/console root:dirmngr
Apr 21 10:43:36 metasploitable3-ub1404 su[1096]: pam_unix(su:session): session opened for user dirmngr by (uid=0)
Apr 21 10:43:36 metasploitable3-ub1404 su[1096]: pam_unix(su:session): session closed for user dirmngr
Apr 21 10:43:36 metasploitable3-ub1404 sudo:     root : TTY=unknown ; PWD=/ ; USER=boba_fett ; COMMAND=/opt/unrealircd/Unreal3.2/unreal start
Apr 21 10:43:36 metasploitable3-ub1404 sudo: pam_unix(sudo:session): session opened for user boba_fett by (uid=0)
Apr 21 10:43:37 metasploitable3-ub1404 sudo: pam_unix(sudo:session): session closed for user boba_fett
Apr 21 10:44:12 metasploitable3-ub1404 login[1423]: pam_unix(login:session): session opened for user vagrant by LOGIN(uid=0)
Apr 21 10:45:35 metasploitable3-ub1404 sudo:  vagrant : TTY=tty1 ; PWD=/home/vagrant ; USER=root ; COMMAND=/sbin/dhclient eth0
Apr 21 10:45:35 metasploitable3-ub1404 sudo: pam_unix(sudo:session): session opened for user root by vagrant(uid=0)
Apr 21 10:46:02 metasploitable3-ub1404 sudo: pam_unix(sudo:session): session closed for user root
Apr 21 10:46:52 metasploitable3-ub1404 sshd[1014]: Received signal 15; terminating.
Apr 21 10:46:52 metasploitable3-ub1404 sshd[1596]: Server listening on 0.0.0.0 port 22.
Apr 21 10:46:52 metasploitable3-ub1404 sshd[1596]: Server listening on :: port 22.
Apr 21 10:48:22 metasploitable3-ub1404 sudo:  vagrant : TTY=tty1 ; PWD=/home/vagrant ; USER=root ; COMMAND=/sbin/poweroff
Apr 21 10:48:22 metasploitable3-ub1404 sudo: pam_unix(sudo:session): session opened for user root by vagrant(uid=0)
Apr 21 10:57:58 metasploitable3-ub1404 sudo:     root : TTY=unknown ; PWD=/ ; USER=chewbacca ; COMMAND=/opt/readme_app/start.sh
Apr 21 10:57:58 metasploitable3-ub1404 sudo: pam_unix(sudo:session): session opened for user chewbacca by (uid=0)
Apr 21 10:57:58 metasploitable3-ub1404 sshd[1031]: Server listening on 0.0.0.0 port 22.
Apr 21 10:57:58 metasploitable3-ub1404 sshd[1031]: Server listening on :: port 22.
Apr 21 10:57:59 metasploitable3-ub1404 su[1090]: Successful su for dirmngr by root
Apr 21 10:57:59 metasploitable3-ub1404 su[1090]: + /dev/console root:dirmngr
Apr 21 10:57:59 metasploitable3-ub1404 su[1090]: pam_unix(su:session): session opened for user dirmngr by (uid=0)
Apr 21 10:57:59 metasploitable3-ub1404 su[1090]: pam_unix(su:session): session closed for user dirmngr
Apr 21 10:57:59 metasploitable3-ub1404 sudo:     root : TTY=unknown ; PWD=/ ; USER=boba_fett ; COMMAND=/opt/unrealircd/Unreal3.2/unreal start
Apr 21 10:57:59 metasploitable3-ub1404 sudo: pam_unix(sudo:session): session opened for user boba_fett by (uid=0)
Apr 21 10:58:00 metasploitable3-ub1404 sudo: pam_unix(sudo:session): session closed for user boba_fett
Apr 21 10:58:35 metasploitable3-ub1404 login[1427]: pam_unix(login:session): session opened for user vagrant by LOGIN(uid=0)
Apr 21 11:01:00 metasploitable3-ub1404 sshd[1031]: Received signal 15; terminating.
Apr 21 11:01:00 metasploitable3-ub1404 sshd[1577]: Server listening on 0.0.0.0 port 22.
Apr 21 11:01:00 metasploitable3-ub1404 sshd[1577]: Server listening on :: port 22.
Apr 21 11:06:24 metasploitable3-ub1404 sudo:     root : TTY=unknown ; PWD=/ ; USER=chewbacca ; COMMAND=/opt/readme_app/start.sh
Apr 21 11:06:24 metasploitable3-ub1404 sudo: pam_unix(sudo:session): session opened for user chewbacca by (uid=0)
Apr 21 11:06:24 metasploitable3-ub1404 sshd[1417]: Server listening on 0.0.0.0 port 22.
Apr 21 11:06:24 metasploitable3-ub1404 sshd[1417]: Server listening on :: port 22.
Apr 21 11:06:24 metasploitable3-ub1404 su[1491]: Successful su for dirmngr by root
Apr 21 11:06:24 metasploitable3-ub1404 su[1491]: + /dev/console root:dirmngr
Apr 21 11:06:24 metasploitable3-ub1404 su[1491]: pam_unix(su:session): session opened for user dirmngr by (uid=0)
Apr 21 11:06:24 metasploitable3-ub1404 su[1491]: pam_unix(su:session): session closed for user dirmngr
Apr 21 11:06:24 metasploitable3-ub1404 sudo:     root : TTY=unknown ; PWD=/ ; USER=boba_fett ; COMMAND=/opt/unrealircd/Unreal3.2/unreal start
Apr 21 11:06:24 metasploitable3-ub1404 sudo: pam_unix(sudo:session): session opened for user boba_fett by (uid=0)
Apr 21 11:06:25 metasploitable3-ub1404 sudo: pam_unix(sudo:session): session closed for user boba_fett
Apr 21 11:06:40 metasploitable3-ub1404 login[1810]: pam_unix(login:session): session opened for user vagrant by LOGIN(uid=0)
Apr 21 11:16:02 metasploitable3-ub1404 sudo:     root : TTY=unknown ; PWD=/ ; USER=chewbacca ; COMMAND=/opt/readme_app/start.sh
Apr 21 11:16:02 metasploitable3-ub1404 sudo: pam_unix(sudo:session): session opened for user chewbacca by (uid=0)
Apr 21 11:16:02 metasploitable3-ub1404 sshd[1421]: Server listening on 0.0.0.0 port 22.
Apr 21 11:16:02 metasploitable3-ub1404 sshd[1421]: Server listening on :: port 22.
Apr 21 11:16:03 metasploitable3-ub1404 su[1495]: Successful su for dirmngr by root
Apr 21 11:16:03 metasploitable3-ub1404 su[1495]: + /dev/console root:dirmngr
Apr 21 11:16:03 metasploitable3-ub1404 su[1495]: pam_unix(su:session): session opened for user dirmngr by (uid=0)
Apr 21 11:16:03 metasploitable3-ub1404 su[1495]: pam_unix(su:session): session closed for user dirmngr
Apr 21 11:16:03 metasploitable3-ub1404 sudo:     root : TTY=unknown ; PWD=/ ; USER=boba_fett ; COMMAND=/opt/unrealircd/Unreal3.2/unreal start
Apr 21 11:16:03 metasploitable3-ub1404 sudo: pam_unix(sudo:session): session opened for user boba_fett by (uid=0)
Apr 21 11:16:04 metasploitable3-ub1404 sudo: pam_unix(sudo:session): session closed for user boba_fett
Apr 21 11:17:01 metasploitable3-ub1404 CRON[1857]: pam_unix(cron:session): session opened for user root by (uid=0)
Apr 21 11:17:01 metasploitable3-ub1404 CRON[1857]: pam_unix(cron:session): session closed for user root
Apr 21 11:17:15 metasploitable3-ub1404 login[1814]: pam_unix(login:session): session opened for user vagrant by LOGIN(uid=0)
Apr 21 11:36:24 metasploitable3-ub1404 sudo:     root : TTY=unknown ; PWD=/ ; USER=chewbacca ; COMMAND=/opt/readme_app/start.sh
Apr 21 11:36:24 metasploitable3-ub1404 sudo: pam_unix(sudo:session): session opened for user chewbacca by (uid=0)
Apr 21 11:36:24 metasploitable3-ub1404 sshd[1495]: Server listening on 0.0.0.0 port 22.
Apr 21 11:36:24 metasploitable3-ub1404 sshd[1495]: Server listening on :: port 22.
Apr 21 11:36:24 metasploitable3-ub1404 su[1572]: Successful su for dirmngr by root
Apr 21 11:36:24 metasploitable3-ub1404 su[1572]: + /dev/console root:dirmngr
Apr 21 11:36:24 metasploitable3-ub1404 su[1572]: pam_unix(su:session): session opened for user dirmngr by (uid=0)
Apr 21 11:36:24 metasploitable3-ub1404 su[1572]: pam_unix(su:session): session closed for user dirmngr
Apr 21 11:36:24 metasploitable3-ub1404 sudo:     root : TTY=unknown ; PWD=/ ; USER=boba_fett ; COMMAND=/opt/unrealircd/Unreal3.2/unreal start
Apr 21 11:36:24 metasploitable3-ub1404 sudo: pam_unix(sudo:session): session opened for user boba_fett by (uid=0)
Apr 21 11:36:25 metasploitable3-ub1404 sudo: pam_unix(sudo:session): session closed for user boba_fett
Apr 21 11:36:25 metasploitable3-ub1404 sudo: pam_unix(sudo:session): session closed for user chewbacca
Apr 21 11:36:44 metasploitable3-ub1404 login[1888]: pam_unix(login:session): session opened for user vagrant by LOGIN(uid=0)
Apr 21 11:54:04 metasploitable3-ub1404 sudo:  vagrant : TTY=tty1 ; PWD=/home/vagrant ; USER=root ; COMMAND=/usr/sbin/tcpdump -i eth0 icmp
Apr 21 11:54:04 metasploitable3-ub1404 sudo: pam_unix(sudo:session): session opened for user root by vagrant(uid=0)
Apr 21 12:01:02 metasploitable3-ub1404 sudo:     root : TTY=unknown ; PWD=/ ; USER=chewbacca ; COMMAND=/opt/readme_app/start.sh
Apr 21 12:01:02 metasploitable3-ub1404 sudo: pam_unix(sudo:session): session opened for user chewbacca by (uid=0)
Apr 21 12:01:02 metasploitable3-ub1404 sshd[1025]: Server listening on 0.0.0.0 port 22.
Apr 21 12:01:02 metasploitable3-ub1404 sshd[1025]: Server listening on :: port 22.
Apr 21 12:01:02 metasploitable3-ub1404 su[1103]: Successful su for dirmngr by root
Apr 21 12:01:02 metasploitable3-ub1404 su[1103]: + /dev/console root:dirmngr
Apr 21 12:01:02 metasploitable3-ub1404 su[1103]: pam_unix(su:session): session opened for user dirmngr by (uid=0)
Apr 21 12:01:02 metasploitable3-ub1404 su[1103]: pam_unix(su:session): session closed for user dirmngr
Apr 21 12:01:02 metasploitable3-ub1404 sudo:     root : TTY=unknown ; PWD=/ ; USER=boba_fett ; COMMAND=/opt/unrealircd/Unreal3.2/unreal start
Apr 21 12:01:02 metasploitable3-ub1404 sudo: pam_unix(sudo:session): session opened for user boba_fett by (uid=0)
Apr 21 12:01:03 metasploitable3-ub1404 sudo: pam_unix(sudo:session): session closed for user boba_fett
Apr 21 12:02:21 metasploitable3-ub1404 login[1434]: pam_unix(login:session): session opened for user vagrant by LOGIN(uid=0)
Apr 21 12:04:21 metasploitable3-ub1404 sshd[1025]: Received signal 15; terminating.
Apr 21 12:04:21 metasploitable3-ub1404 sshd[1585]: Server listening on 0.0.0.0 port 22.
Apr 21 12:04:21 metasploitable3-ub1404 sshd[1585]: Server listening on :: port 22.
Apr 21 12:07:15 metasploitable3-ub1404 sudo:  vagrant : TTY=tty1 ; PWD=/home/vagrant ; USER=root ; COMMAND=/sbin/dhclient eth0
Apr 21 12:07:15 metasploitable3-ub1404 sudo: pam_unix(sudo:session): session opened for user root by vagrant(uid=0)
Apr 21 12:12:16 metasploitable3-ub1404 sudo: pam_unix(sudo:session): session closed for user root
Apr 21 12:17:48 metasploitable3-ub1404 sudo:     root : TTY=unknown ; PWD=/ ; USER=chewbacca ; COMMAND=/opt/readme_app/start.sh
Apr 21 12:17:48 metasploitable3-ub1404 sudo: pam_unix(sudo:session): session opened for user chewbacca by (uid=0)
Apr 21 12:17:48 metasploitable3-ub1404 sshd[1481]: Server listening on 0.0.0.0 port 22.
Apr 21 12:17:48 metasploitable3-ub1404 sshd[1481]: Server listening on :: port 22.
Apr 21 12:17:48 metasploitable3-ub1404 su[1554]: Successful su for dirmngr by root
Apr 21 12:17:48 metasploitable3-ub1404 su[1554]: + /dev/console root:dirmngr
Apr 21 12:17:48 metasploitable3-ub1404 su[1554]: pam_unix(su:session): session opened for user dirmngr by (uid=0)
Apr 21 12:17:48 metasploitable3-ub1404 su[1554]: pam_unix(su:session): session closed for user dirmngr
Apr 21 12:17:49 metasploitable3-ub1404 sudo:     root : TTY=unknown ; PWD=/ ; USER=boba_fett ; COMMAND=/opt/unrealircd/Unreal3.2/unreal start
Apr 21 12:17:49 metasploitable3-ub1404 sudo: pam_unix(sudo:session): session opened for user boba_fett by (uid=0)
Apr 21 12:17:50 metasploitable3-ub1404 sudo: pam_unix(sudo:session): session closed for user boba_fett
Apr 21 12:18:02 metasploitable3-ub1404 login[1878]: pam_unix(login:auth): check pass; user unknown
Apr 21 12:18:02 metasploitable3-ub1404 login[1878]: pam_unix(login:auth): authentication failure; logname=LOGIN uid=0 euid=0 tty=/dev/tty1 ruser= rhost= 
Apr 21 12:18:06 metasploitable3-ub1404 login[1878]: FAILED LOGIN (1) on '/dev/tty1' FOR 'UNKNOWN', Authentication failure
Apr 21 12:18:45 metasploitable3-ub1404 login[1878]: pam_unix(login:session): session opened for user vagrant by LOGIN(uid=0)
Apr 21 12:21:38 metasploitable3-ub1404 sudo:  vagrant : TTY=tty1 ; PWD=/home/vagrant ; USER=root ; COMMAND=/sbin/dhclient eth0
Apr 21 12:21:38 metasploitable3-ub1404 sudo: pam_unix(sudo:session): session opened for user root by vagrant(uid=0)
Apr 21 12:21:38 metasploitable3-ub1404 sudo: pam_unix(sudo:session): session closed for user root
Apr 21 12:22:12 metasploitable3-ub1404 sudo:  vagrant : TTY=tty1 ; PWD=/home/vagrant ; USER=root ; COMMAND=/sbin/dhclient eth0
Apr 21 12:22:12 metasploitable3-ub1404 sudo: pam_unix(sudo:session): session opened for user root by vagrant(uid=0)
Apr 21 12:22:12 metasploitable3-ub1404 sudo: pam_unix(sudo:session): session closed for user root
Apr 21 12:24:43 metasploitable3-ub1404 sudo:  vagrant : TTY=tty1 ; PWD=/home/vagrant ; USER=root ; COMMAND=/sbin/ip link set eth0 down
Apr 21 12:24:43 metasploitable3-ub1404 sudo: pam_unix(sudo:session): session opened for user root by vagrant(uid=0)
Apr 21 12:24:43 metasploitable3-ub1404 sudo: pam_unix(sudo:session): session closed for user root
Apr 21 12:24:48 metasploitable3-ub1404 sudo:  vagrant : TTY=tty1 ; PWD=/home/vagrant ; USER=root ; COMMAND=/sbin/ip link set eth0 up
Apr 21 12:24:48 metasploitable3-ub1404 sudo: pam_unix(sudo:session): session opened for user root by vagrant(uid=0)
Apr 21 12:24:48 metasploitable3-ub1404 sudo: pam_unix(sudo:session): session closed for user root
Apr 21 12:24:53 metasploitable3-ub1404 sudo:  vagrant : TTY=tty1 ; PWD=/home/vagrant ; USER=root ; COMMAND=/sbin/dhclient eth0
Apr 21 12:24:53 metasploitable3-ub1404 sudo: pam_unix(sudo:session): session opened for user root by vagrant(uid=0)
Apr 21 12:24:53 metasploitable3-ub1404 sudo: pam_unix(sudo:session): session closed for user root
Apr 21 12:33:33 metasploitable3-ub1404 sudo:     root : TTY=unknown ; PWD=/ ; USER=chewbacca ; COMMAND=/opt/readme_app/start.sh
Apr 21 12:33:33 metasploitable3-ub1404 sudo: pam_unix(sudo:session): session opened for user chewbacca by (uid=0)
Apr 21 12:33:33 metasploitable3-ub1404 sshd[1415]: Server listening on 0.0.0.0 port 22.
Apr 21 12:33:33 metasploitable3-ub1404 sshd[1415]: Server listening on :: port 22.
Apr 21 12:33:34 metasploitable3-ub1404 su[1488]: Successful su for dirmngr by root
Apr 21 12:33:34 metasploitable3-ub1404 su[1488]: + /dev/console root:dirmngr
Apr 21 12:33:34 metasploitable3-ub1404 su[1488]: pam_unix(su:session): session opened for user dirmngr by (uid=0)
Apr 21 12:33:34 metasploitable3-ub1404 su[1488]: pam_unix(su:session): session closed for user dirmngr
Apr 21 12:33:34 metasploitable3-ub1404 sudo:     root : TTY=unknown ; PWD=/ ; USER=boba_fett ; COMMAND=/opt/unrealircd/Unreal3.2/unreal start
Apr 21 12:33:34 metasploitable3-ub1404 sudo: pam_unix(sudo:session): session opened for user boba_fett by (uid=0)
Apr 21 12:33:35 metasploitable3-ub1404 sudo: pam_unix(sudo:session): session closed for user boba_fett
Apr 21 12:36:17 metasploitable3-ub1404 login[1795]: pam_unix(login:session): session opened for user vagrant by LOGIN(uid=0)
Apr 21 12:44:21 metasploitable3-ub1404 proftpd[1967]: localhost (192.168.56.7[192.168.56.7]) - USER AmA:): no such user found from 192.168.56.7 [192.168.56.7] to 192.168.56.6:21
Apr 21 12:48:21 metasploitable3-ub1404 sudo:     root : TTY=unknown ; PWD=/ ; USER=chewbacca ; COMMAND=/opt/readme_app/start.sh
Apr 21 12:48:21 metasploitable3-ub1404 sudo: pam_unix(sudo:session): session opened for user chewbacca by (uid=0)
Apr 21 12:48:21 metasploitable3-ub1404 sshd[1419]: Server listening on 0.0.0.0 port 22.
Apr 21 12:48:21 metasploitable3-ub1404 sshd[1419]: Server listening on :: port 22.
Apr 21 12:48:22 metasploitable3-ub1404 su[1487]: Successful su for dirmngr by root
Apr 21 12:48:22 metasploitable3-ub1404 su[1487]: + /dev/console root:dirmngr
Apr 21 12:48:22 metasploitable3-ub1404 su[1487]: pam_unix(su:session): session opened for user dirmngr by (uid=0)
Apr 21 12:48:22 metasploitable3-ub1404 su[1487]: pam_unix(su:session): session closed for user dirmngr
Apr 21 12:48:22 metasploitable3-ub1404 sudo:     root : TTY=unknown ; PWD=/ ; USER=boba_fett ; COMMAND=/opt/unrealircd/Unreal3.2/unreal start
Apr 21 12:48:22 metasploitable3-ub1404 sudo: pam_unix(sudo:session): session opened for user boba_fett by (uid=0)
Apr 21 12:48:23 metasploitable3-ub1404 sudo: pam_unix(sudo:session): session closed for user boba_fett
Apr 21 12:48:57 metasploitable3-ub1404 login[1796]: pam_unix(login:session): session opened for user vagrant by LOGIN(uid=0)
Apr 21 12:55:37 metasploitable3-ub1404 sshd[1969]: Invalid user msfadmin from 192.168.56.7
Apr 21 12:55:37 metasploitable3-ub1404 sshd[1969]: input_userauth_request: invalid user msfadmin [preauth]
Apr 21 12:55:37 metasploitable3-ub1404 sshd[1969]: pam_unix(sshd:auth): check pass; user unknown
Apr 21 12:55:37 metasploitable3-ub1404 sshd[1969]: pam_unix(sshd:auth): authentication failure; logname= uid=0 euid=0 tty=ssh ruser= rhost=192.168.56.7 
Apr 21 12:55:39 metasploitable3-ub1404 sshd[1969]: Failed password for invalid user msfadmin from 192.168.56.7 port 37965 ssh2
Apr 21 12:55:39 metasploitable3-ub1404 sshd[1969]: Connection closed by 192.168.56.7 [preauth]
Apr 21 12:59:33 metasploitable3-ub1404 sshd[1972]: Invalid user msfadmin from 192.168.56.7
Apr 21 12:59:33 metasploitable3-ub1404 sshd[1972]: input_userauth_request: invalid user msfadmin [preauth]
Apr 21 12:59:33 metasploitable3-ub1404 sshd[1972]: pam_unix(sshd:auth): check pass; user unknown
Apr 21 12:59:33 metasploitable3-ub1404 sshd[1972]: pam_unix(sshd:auth): authentication failure; logname= uid=0 euid=0 tty=ssh ruser= rhost=192.168.56.7 
Apr 21 12:59:35 metasploitable3-ub1404 sshd[1972]: Failed password for invalid user msfadmin from 192.168.56.7 port 46493 ssh2
Apr 21 12:59:35 metasploitable3-ub1404 sshd[1972]: Connection closed by 192.168.56.7 [preauth]
Apr 21 13:03:30 metasploitable3-ub1404 sshd[2017]: Invalid user msfadmin from 192.168.56.7
Apr 21 13:03:30 metasploitable3-ub1404 sshd[2017]: input_userauth_request: invalid user msfadmin [preauth]
Apr 21 13:05:31 metasploitable3-ub1404 sshd[2060]: Invalid user msfadmin from 192.168.56.7
Apr 21 13:05:31 metasploitable3-ub1404 sshd[2060]: input_userauth_request: invalid user msfadmin [preauth]
Apr 21 13:05:46 metasploitable3-ub1404 sshd[2060]: pam_unix(sshd:auth): check pass; user unknown
Apr 21 13:05:46 metasploitable3-ub1404 sshd[2060]: pam_unix(sshd:auth): authentication failure; logname= uid=0 euid=0 tty=ssh ruser= rhost=192.168.56.7 
Apr 21 13:05:49 metasploitable3-ub1404 sshd[2060]: Failed password for invalid user msfadmin from 192.168.56.7 port 49842 ssh2
Apr 21 13:06:07 metasploitable3-ub1404 sshd[2060]: pam_unix(sshd:auth): check pass; user unknown
Apr 21 13:06:09 metasploitable3-ub1404 sshd[2060]: Failed password for invalid user msfadmin from 192.168.56.7 port 49842 ssh2
Apr 21 20:52:31 metasploitable3-ub1404 sudo:     root : TTY=unknown ; PWD=/ ; USER=chewbacca ; COMMAND=/opt/readme_app/start.sh
Apr 21 20:52:31 metasploitable3-ub1404 sudo: pam_unix(sudo:session): session opened for user chewbacca by (uid=0)
Apr 21 20:52:31 metasploitable3-ub1404 sshd[1418]: Server listening on 0.0.0.0 port 22.
Apr 21 20:52:31 metasploitable3-ub1404 sshd[1418]: Server listening on :: port 22.
Apr 21 20:52:32 metasploitable3-ub1404 su[1487]: Successful su for dirmngr by root
Apr 21 20:52:32 metasploitable3-ub1404 su[1487]: + /dev/console root:dirmngr
Apr 21 20:52:32 metasploitable3-ub1404 su[1487]: pam_unix(su:session): session opened for user dirmngr by (uid=0)
Apr 21 20:52:32 metasploitable3-ub1404 su[1487]: pam_unix(su:session): session closed for user dirmngr
Apr 21 20:52:32 metasploitable3-ub1404 sudo:     root : TTY=unknown ; PWD=/ ; USER=boba_fett ; COMMAND=/opt/unrealircd/Unreal3.2/unreal start
Apr 21 20:52:32 metasploitable3-ub1404 sudo: pam_unix(sudo:session): session opened for user boba_fett by (uid=0)
Apr 21 20:52:33 metasploitable3-ub1404 sudo: pam_unix(sudo:session): session closed for user boba_fett
Apr 21 20:54:15 metasploitable3-ub1404 login[1804]: pam_unix(login:session): session opened for user vagrant by LOGIN(uid=0)
Apr 21 21:32:59 metasploitable3-ub1404 sudo:     root : TTY=unknown ; PWD=/ ; USER=chewbacca ; COMMAND=/opt/readme_app/start.sh
Apr 21 21:32:59 metasploitable3-ub1404 sudo: pam_unix(sudo:session): session opened for user chewbacca by (uid=0)
Apr 21 21:32:59 metasploitable3-ub1404 sshd[1435]: Server listening on 0.0.0.0 port 22.
Apr 21 21:32:59 metasploitable3-ub1404 sshd[1435]: Server listening on :: port 22.
Apr 21 21:33:00 metasploitable3-ub1404 su[1503]: Successful su for dirmngr by root
Apr 21 21:33:00 metasploitable3-ub1404 su[1503]: + /dev/console root:dirmngr
Apr 21 21:33:00 metasploitable3-ub1404 su[1503]: pam_unix(su:session): session opened for user dirmngr by (uid=0)
Apr 21 21:33:00 metasploitable3-ub1404 su[1503]: pam_unix(su:session): session closed for user dirmngr
Apr 21 21:33:00 metasploitable3-ub1404 sudo:     root : TTY=unknown ; PWD=/ ; USER=boba_fett ; COMMAND=/opt/unrealircd/Unreal3.2/unreal start
Apr 21 21:33:00 metasploitable3-ub1404 sudo: pam_unix(sudo:session): session opened for user boba_fett by (uid=0)
Apr 21 21:33:01 metasploitable3-ub1404 sudo: pam_unix(sudo:session): session closed for user boba_fett
Apr 21 21:33:01 metasploitable3-ub1404 sudo: pam_unix(sudo:session): session closed for user chewbacca
Apr 21 21:33:13 metasploitable3-ub1404 login[1828]: pam_unix(login:session): session opened for user vagrant by LOGIN(uid=0)
Apr 21 21:41:04 metasploitable3-ub1404 sudo:     root : TTY=unknown ; PWD=/ ; USER=chewbacca ; COMMAND=/opt/readme_app/start.sh
Apr 21 21:41:04 metasploitable3-ub1404 sudo: pam_unix(sudo:session): session opened for user chewbacca by (uid=0)
Apr 21 21:41:04 metasploitable3-ub1404 sshd[1413]: Server listening on 0.0.0.0 port 22.
Apr 21 21:41:04 metasploitable3-ub1404 sshd[1413]: Server listening on :: port 22.
Apr 21 21:41:04 metasploitable3-ub1404 su[1489]: Successful su for dirmngr by root
Apr 21 21:41:04 metasploitable3-ub1404 su[1489]: + /dev/console root:dirmngr
Apr 21 21:41:04 metasploitable3-ub1404 su[1489]: pam_unix(su:session): session opened for user dirmngr by (uid=0)
Apr 21 21:41:04 metasploitable3-ub1404 su[1489]: pam_unix(su:session): session closed for user dirmngr
Apr 21 21:41:05 metasploitable3-ub1404 sudo:     root : TTY=unknown ; PWD=/ ; USER=boba_fett ; COMMAND=/opt/unrealircd/Unreal3.2/unreal start
Apr 21 21:41:05 metasploitable3-ub1404 sudo: pam_unix(sudo:session): session opened for user boba_fett by (uid=0)
Apr 21 21:41:06 metasploitable3-ub1404 sudo: pam_unix(sudo:session): session closed for user boba_fett
Apr 21 21:41:06 metasploitable3-ub1404 sudo: pam_unix(sudo:session): session closed for user chewbacca
Apr 21 21:41:24 metasploitable3-ub1404 login[1809]: pam_unix(login:session): session opened for user vagrant by LOGIN(uid=0)
Apr 21 21:45:15 metasploitable3-ub1404 sshd[1925]: Did not receive identification string from 192.168.56.7
Apr 21 21:49:07 metasploitable3-ub1404 sshd[1969]: Invalid user msfadmin from 192.168.56.7
Apr 21 21:49:07 metasploitable3-ub1404 sshd[1969]: input_userauth_request: invalid user msfadmin [preauth]
Apr 21 21:49:07 metasploitable3-ub1404 sshd[1969]: pam_unix(sshd:auth): check pass; user unknown
Apr 21 21:49:07 metasploitable3-ub1404 sshd[1969]: pam_unix(sshd:auth): authentication failure; logname= uid=0 euid=0 tty=ssh ruser= rhost=192.168.56.7 
Apr 21 21:49:09 metasploitable3-ub1404 sshd[1969]: Failed password for invalid user msfadmin from 192.168.56.7 port 40995 ssh2
Apr 21 21:49:09 metasploitable3-ub1404 sshd[1969]: Connection closed by 192.168.56.7 [preauth]
Apr 21 21:52:42 metasploitable3-ub1404 sshd[1979]: Invalid user msfadmin from 192.168.56.7
Apr 21 21:52:42 metasploitable3-ub1404 sshd[1979]: input_userauth_request: invalid user msfadmin [preauth]
Apr 21 21:53:17 metasploitable3-ub1404 sshd[1979]: pam_unix(sshd:auth): check pass; user unknown
Apr 21 21:53:17 metasploitable3-ub1404 sshd[1979]: pam_unix(sshd:auth): authentication failure; logname= uid=0 euid=0 tty=ssh ruser= rhost=192.168.56.7 
Apr 21 21:53:19 metasploitable3-ub1404 sshd[1979]: Failed password for invalid user msfadmin from 192.168.56.7 port 54614 ssh2
Apr 21 21:53:36 metasploitable3-ub1404 sshd[1979]: pam_unix(sshd:auth): check pass; user unknown
Apr 21 21:53:37 metasploitable3-ub1404 sshd[1979]: Failed password for invalid user msfadmin from 192.168.56.7 port 54614 ssh2
Apr 21 22:00:26 metasploitable3-ub1404 sshd[2065]: Invalid user msfadmin from 192.168.56.7
Apr 21 22:00:26 metasploitable3-ub1404 sshd[2065]: input_userauth_request: invalid user msfadmin [preauth]
Apr 21 22:00:26 metasploitable3-ub1404 sshd[2065]: Received disconnect from 192.168.56.7: 11: Bye Bye [preauth]
Apr 21 22:00:26 metasploitable3-ub1404 sshd[2069]: Invalid user msfadmin from 192.168.56.7
Apr 21 22:00:26 metasploitable3-ub1404 sshd[2069]: input_userauth_request: invalid user msfadmin [preauth]
Apr 21 22:00:26 metasploitable3-ub1404 sshd[2069]: pam_unix(sshd:auth): check pass; user unknown
Apr 21 22:00:26 metasploitable3-ub1404 sshd[2069]: pam_unix(sshd:auth): authentication failure; logname= uid=0 euid=0 tty=ssh ruser= rhost=192.168.56.7 
Apr 21 22:00:26 metasploitable3-ub1404 sshd[2067]: Invalid user msfadmin from 192.168.56.7
Apr 21 22:00:26 metasploitable3-ub1404 sshd[2067]: input_userauth_request: invalid user msfadmin [preauth]
Apr 21 22:00:26 metasploitable3-ub1404 sshd[2078]: Invalid user msfadmin from 192.168.56.7
Apr 21 22:00:26 metasploitable3-ub1404 sshd[2078]: input_userauth_request: invalid user msfadmin [preauth]
Apr 21 22:00:26 metasploitable3-ub1404 sshd[2067]: pam_unix(sshd:auth): check pass; user unknown
Apr 21 22:00:26 metasploitable3-ub1404 sshd[2067]: pam_unix(sshd:auth): authentication failure; logname= uid=0 euid=0 tty=ssh ruser= rhost=192.168.56.7 
Apr 21 22:00:26 metasploitable3-ub1404 sshd[2068]: Invalid user msfadmin from 192.168.56.7
Apr 21 22:00:26 metasploitable3-ub1404 sshd[2068]: input_userauth_request: invalid user msfadmin [preauth]
Apr 21 22:00:26 metasploitable3-ub1404 sshd[2077]: Invalid user msfadmin from 192.168.56.7
Apr 21 22:00:26 metasploitable3-ub1404 sshd[2070]: Invalid user msfadmin from 192.168.56.7
Apr 21 22:00:26 metasploitable3-ub1404 sshd[2070]: input_userauth_request: invalid user msfadmin [preauth]
Apr 21 22:00:26 metasploitable3-ub1404 sshd[2068]: pam_unix(sshd:auth): check pass; user unknown
Apr 21 22:00:26 metasploitable3-ub1404 sshd[2068]: pam_unix(sshd:auth): authentication failure; logname= uid=0 euid=0 tty=ssh ruser= rhost=192.168.56.7 
Apr 21 22:00:26 metasploitable3-ub1404 sshd[2077]: input_userauth_request: invalid user msfadmin [preauth]
Apr 21 22:00:26 metasploitable3-ub1404 sshd[2076]: Invalid user msfadmin from 192.168.56.7
Apr 21 22:00:26 metasploitable3-ub1404 sshd[2078]: pam_unix(sshd:auth): check pass; user unknown
Apr 21 22:00:26 metasploitable3-ub1404 sshd[2078]: pam_unix(sshd:auth): authentication failure; logname= uid=0 euid=0 tty=ssh ruser= rhost=192.168.56.7 
Apr 21 22:00:26 metasploitable3-ub1404 sshd[2076]: input_userauth_request: invalid user msfadmin [preauth]
Apr 21 22:00:26 metasploitable3-ub1404 sshd[2075]: Invalid user msfadmin from 192.168.56.7
Apr 21 22:00:26 metasploitable3-ub1404 sshd[2070]: pam_unix(sshd:auth): check pass; user unknown
Apr 21 22:00:26 metasploitable3-ub1404 sshd[2070]: pam_unix(sshd:auth): authentication failure; logname= uid=0 euid=0 tty=ssh ruser= rhost=192.168.56.7 
Apr 21 22:00:26 metasploitable3-ub1404 sshd[2075]: input_userauth_request: invalid user msfadmin [preauth]
Apr 21 22:00:26 metasploitable3-ub1404 sshd[2077]: pam_unix(sshd:auth): check pass; user unknown
Apr 21 22:00:26 metasploitable3-ub1404 sshd[2072]: Invalid user msfadmin from 192.168.56.7
Apr 21 22:00:26 metasploitable3-ub1404 sshd[2072]: input_userauth_request: invalid user msfadmin [preauth]
Apr 21 22:00:26 metasploitable3-ub1404 sshd[2076]: pam_unix(sshd:auth): check pass; user unknown
Apr 21 22:00:26 metasploitable3-ub1404 sshd[2076]: pam_unix(sshd:auth): authentication failure; logname= uid=0 euid=0 tty=ssh ruser= rhost=192.168.56.7 
Apr 21 22:00:26 metasploitable3-ub1404 sshd[2075]: pam_unix(sshd:auth): check pass; user unknown
Apr 21 22:00:26 metasploitable3-ub1404 sshd[2075]: pam_unix(sshd:auth): authentication failure; logname= uid=0 euid=0 tty=ssh ruser= rhost=192.168.56.7 
Apr 21 22:00:26 metasploitable3-ub1404 sshd[2072]: pam_unix(sshd:auth): check pass; user unknown
Apr 21 22:00:26 metasploitable3-ub1404 sshd[2072]: pam_unix(sshd:auth): authentication failure; logname= uid=0 euid=0 tty=ssh ruser= rhost=192.168.56.7 
Apr 21 22:00:26 metasploitable3-ub1404 sshd[2073]: Invalid user msfadmin from 192.168.56.7
Apr 21 22:00:26 metasploitable3-ub1404 sshd[2077]: pam_unix(sshd:auth): authentication failure; logname= uid=0 euid=0 tty=ssh ruser= rhost=192.168.56.7 
Apr 21 22:00:26 metasploitable3-ub1404 sshd[2073]: input_userauth_request: invalid user msfadmin [preauth]
Apr 21 22:00:26 metasploitable3-ub1404 sshd[2074]: Invalid user msfadmin from 192.168.56.7
Apr 21 22:00:26 metasploitable3-ub1404 sshd[2074]: input_userauth_request: invalid user msfadmin [preauth]
Apr 21 22:00:26 metasploitable3-ub1404 sshd[2080]: Invalid user msfadmin from 192.168.56.7
Apr 21 22:00:26 metasploitable3-ub1404 sshd[2080]: input_userauth_request: invalid user msfadmin [preauth]
Apr 21 22:00:26 metasploitable3-ub1404 sshd[2074]: pam_unix(sshd:auth): check pass; user unknown
Apr 21 22:00:26 metasploitable3-ub1404 sshd[2080]: pam_unix(sshd:auth): check pass; user unknown
Apr 21 22:00:26 metasploitable3-ub1404 sshd[2080]: pam_unix(sshd:auth): authentication failure; logname= uid=0 euid=0 tty=ssh ruser= rhost=192.168.56.7 
Apr 21 22:00:26 metasploitable3-ub1404 sshd[2074]: pam_unix(sshd:auth): authentication failure; logname= uid=0 euid=0 tty=ssh ruser= rhost=192.168.56.7 
Apr 21 22:00:26 metasploitable3-ub1404 sshd[2073]: pam_unix(sshd:auth): check pass; user unknown
Apr 21 22:00:26 metasploitable3-ub1404 sshd[2073]: pam_unix(sshd:auth): authentication failure; logname= uid=0 euid=0 tty=ssh ruser= rhost=192.168.56.7 
Apr 21 22:00:26 metasploitable3-ub1404 sshd[2081]: Invalid user msfadmin from 192.168.56.7
Apr 21 22:00:26 metasploitable3-ub1404 sshd[2081]: input_userauth_request: invalid user msfadmin [preauth]
Apr 21 22:00:26 metasploitable3-ub1404 sshd[2081]: pam_unix(sshd:auth): check pass; user unknown
Apr 21 22:00:26 metasploitable3-ub1404 sshd[2081]: pam_unix(sshd:auth): authentication failure; logname= uid=0 euid=0 tty=ssh ruser= rhost=192.168.56.7 
Apr 21 22:00:26 metasploitable3-ub1404 sshd[2071]: Invalid user msfadmin from 192.168.56.7
Apr 21 22:00:26 metasploitable3-ub1404 sshd[2071]: input_userauth_request: invalid user msfadmin [preauth]
Apr 21 22:00:26 metasploitable3-ub1404 sshd[2071]: pam_unix(sshd:auth): check pass; user unknown
Apr 21 22:00:26 metasploitable3-ub1404 sshd[2071]: pam_unix(sshd:auth): authentication failure; logname= uid=0 euid=0 tty=ssh ruser= rhost=192.168.56.7 
Apr 21 22:00:26 metasploitable3-ub1404 sshd[2079]: Invalid user msfadmin from 192.168.56.7
Apr 21 22:00:26 metasploitable3-ub1404 sshd[2079]: input_userauth_request: invalid user msfadmin [preauth]
Apr 21 22:00:26 metasploitable3-ub1404 sshd[2079]: pam_unix(sshd:auth): check pass; user unknown
Apr 21 22:00:26 metasploitable3-ub1404 sshd[2079]: pam_unix(sshd:auth): authentication failure; logname= uid=0 euid=0 tty=ssh ruser= rhost=192.168.56.7 
Apr 21 22:00:28 metasploitable3-ub1404 sshd[2069]: Failed password for invalid user msfadmin from 192.168.56.7 port 58280 ssh2
Apr 21 22:00:28 metasploitable3-ub1404 sshd[2069]: pam_unix(sshd:auth): check pass; user unknown
Apr 21 22:00:28 metasploitable3-ub1404 sshd[2067]: Failed password for invalid user msfadmin from 192.168.56.7 port 58260 ssh2
Apr 21 22:00:28 metasploitable3-ub1404 sshd[2067]: pam_unix(sshd:auth): check pass; user unknown
Apr 21 22:00:28 metasploitable3-ub1404 sshd[2068]: Failed password for invalid user msfadmin from 192.168.56.7 port 58270 ssh2
Apr 21 22:00:28 metasploitable3-ub1404 sshd[2068]: pam_unix(sshd:auth): check pass; user unknown
Apr 21 22:00:28 metasploitable3-ub1404 sshd[2078]: Failed password for invalid user msfadmin from 192.168.56.7 port 58360 ssh2
Apr 21 22:00:28 metasploitable3-ub1404 sshd[2070]: Failed password for invalid user msfadmin from 192.168.56.7 port 58292 ssh2
Apr 21 22:00:28 metasploitable3-ub1404 sshd[2078]: pam_unix(sshd:auth): check pass; user unknown
Apr 21 22:00:28 metasploitable3-ub1404 sshd[2076]: Failed password for invalid user msfadmin from 192.168.56.7 port 58344 ssh2
Apr 21 22:00:28 metasploitable3-ub1404 sshd[2075]: Failed password for invalid user msfadmin from 192.168.56.7 port 58338 ssh2
Apr 21 22:00:28 metasploitable3-ub1404 sshd[2072]: Failed password for invalid user msfadmin from 192.168.56.7 port 58314 ssh2
Apr 21 22:00:28 metasploitable3-ub1404 sshd[2077]: Failed password for invalid user msfadmin from 192.168.56.7 port 58350 ssh2
Apr 21 22:00:28 metasploitable3-ub1404 sshd[2076]: pam_unix(sshd:auth): check pass; user unknown
Apr 21 22:00:28 metasploitable3-ub1404 sshd[2075]: pam_unix(sshd:auth): check pass; user unknown
Apr 21 22:00:28 metasploitable3-ub1404 sshd[2072]: pam_unix(sshd:auth): check pass; user unknown
Apr 21 22:00:28 metasploitable3-ub1404 sshd[2070]: pam_unix(sshd:auth): check pass; user unknown
Apr 21 22:00:28 metasploitable3-ub1404 sshd[2080]: Failed password for invalid user msfadmin from 192.168.56.7 port 58372 ssh2
Apr 21 22:00:28 metasploitable3-ub1404 sshd[2073]: Failed password for invalid user msfadmin from 192.168.56.7 port 58330 ssh2
Apr 21 22:00:28 metasploitable3-ub1404 sshd[2074]: Failed password for invalid user msfadmin from 192.168.56.7 port 58332 ssh2
Apr 21 22:00:28 metasploitable3-ub1404 sshd[2077]: pam_unix(sshd:auth): check pass; user unknown
Apr 21 22:00:28 metasploitable3-ub1404 sshd[2081]: Failed password for invalid user msfadmin from 192.168.56.7 port 58390 ssh2
Apr 21 22:00:28 metasploitable3-ub1404 sshd[2073]: pam_unix(sshd:auth): check pass; user unknown
Apr 21 22:00:28 metasploitable3-ub1404 sshd[2074]: pam_unix(sshd:auth): check pass; user unknown
Apr 21 22:00:28 metasploitable3-ub1404 sshd[2080]: pam_unix(sshd:auth): check pass; user unknown
Apr 21 22:00:28 metasploitable3-ub1404 sshd[2081]: pam_unix(sshd:auth): check pass; user unknown
Apr 21 22:00:28 metasploitable3-ub1404 sshd[2071]: Failed password for invalid user msfadmin from 192.168.56.7 port 58306 ssh2
Apr 21 22:00:28 metasploitable3-ub1404 sshd[2071]: pam_unix(sshd:auth): check pass; user unknown
Apr 21 22:00:28 metasploitable3-ub1404 sshd[2079]: Failed password for invalid user msfadmin from 192.168.56.7 port 58362 ssh2
Apr 21 22:00:28 metasploitable3-ub1404 sshd[2079]: pam_unix(sshd:auth): check pass; user unknown
Apr 21 22:00:30 metasploitable3-ub1404 sshd[2069]: Failed password for invalid user msfadmin from 192.168.56.7 port 58280 ssh2
Apr 21 22:00:30 metasploitable3-ub1404 sshd[2069]: pam_unix(sshd:auth): check pass; user unknown
Apr 21 22:00:30 metasploitable3-ub1404 sshd[2067]: Failed password for invalid user msfadmin from 192.168.56.7 port 58260 ssh2
Apr 21 22:00:30 metasploitable3-ub1404 sshd[2067]: pam_unix(sshd:auth): check pass; user unknown
Apr 21 22:00:30 metasploitable3-ub1404 sshd[2068]: Failed password for invalid user msfadmin from 192.168.56.7 port 58270 ssh2
Apr 21 22:00:30 metasploitable3-ub1404 sshd[2068]: pam_unix(sshd:auth): check pass; user unknown
Apr 21 22:00:30 metasploitable3-ub1404 sshd[2078]: Failed password for invalid user msfadmin from 192.168.56.7 port 58360 ssh2
Apr 21 22:00:30 metasploitable3-ub1404 sshd[2078]: pam_unix(sshd:auth): check pass; user unknown
Apr 21 22:00:30 metasploitable3-ub1404 sshd[2076]: Failed password for invalid user msfadmin from 192.168.56.7 port 58344 ssh2
Apr 21 22:00:30 metasploitable3-ub1404 sshd[2075]: Failed password for invalid user msfadmin from 192.168.56.7 port 58338 ssh2
Apr 21 22:00:30 metasploitable3-ub1404 sshd[2072]: Failed password for invalid user msfadmin from 192.168.56.7 port 58314 ssh2
Apr 21 22:00:30 metasploitable3-ub1404 sshd[2070]: Failed password for invalid user msfadmin from 192.168.56.7 port 58292 ssh2
Apr 21 22:00:30 metasploitable3-ub1404 sshd[2070]: pam_unix(sshd:auth): check pass; user unknown
Apr 21 22:00:30 metasploitable3-ub1404 sshd[2076]: pam_unix(sshd:auth): check pass; user unknown
Apr 21 22:00:30 metasploitable3-ub1404 sshd[2072]: pam_unix(sshd:auth): check pass; user unknown
Apr 21 22:00:30 metasploitable3-ub1404 sshd[2075]: pam_unix(sshd:auth): check pass; user unknown
Apr 21 22:00:30 metasploitable3-ub1404 sshd[2077]: Failed password for invalid user msfadmin from 192.168.56.7 port 58350 ssh2
Apr 21 22:00:30 metasploitable3-ub1404 sshd[2077]: pam_unix(sshd:auth): check pass; user unknown
Apr 21 22:00:30 metasploitable3-ub1404 sshd[2073]: Failed password for invalid user msfadmin from 192.168.56.7 port 58330 ssh2
Apr 21 22:00:30 metasploitable3-ub1404 sshd[2074]: Failed password for invalid user msfadmin from 192.168.56.7 port 58332 ssh2
Apr 21 22:00:30 metasploitable3-ub1404 sshd[2080]: Failed password for invalid user msfadmin from 192.168.56.7 port 58372 ssh2
Apr 21 22:00:30 metasploitable3-ub1404 sshd[2081]: Failed password for invalid user msfadmin from 192.168.56.7 port 58390 ssh2
Apr 21 22:00:30 metasploitable3-ub1404 sshd[2073]: pam_unix(sshd:auth): check pass; user unknown
Apr 21 22:00:30 metasploitable3-ub1404 sshd[2081]: pam_unix(sshd:auth): check pass; user unknown
Apr 21 22:00:30 metasploitable3-ub1404 sshd[2080]: pam_unix(sshd:auth): check pass; user unknown
Apr 21 22:00:30 metasploitable3-ub1404 sshd[2074]: pam_unix(sshd:auth): check pass; user unknown
Apr 21 22:00:30 metasploitable3-ub1404 sshd[2071]: Failed password for invalid user msfadmin from 192.168.56.7 port 58306 ssh2
Apr 21 22:00:30 metasploitable3-ub1404 sshd[2071]: pam_unix(sshd:auth): check pass; user unknown
Apr 21 22:00:30 metasploitable3-ub1404 sshd[2079]: Failed password for invalid user msfadmin from 192.168.56.7 port 58362 ssh2
Apr 21 22:00:30 metasploitable3-ub1404 sshd[2079]: pam_unix(sshd:auth): check pass; user unknown
Apr 21 22:00:32 metasploitable3-ub1404 sshd[2069]: Failed password for invalid user msfadmin from 192.168.56.7 port 58280 ssh2
Apr 21 22:00:32 metasploitable3-ub1404 sshd[2069]: pam_unix(sshd:auth): check pass; user unknown
Apr 21 22:00:32 metasploitable3-ub1404 sshd[2067]: Failed password for invalid user msfadmin from 192.168.56.7 port 58260 ssh2
Apr 21 22:00:32 metasploitable3-ub1404 sshd[2067]: pam_unix(sshd:auth): check pass; user unknown
Apr 21 22:00:32 metasploitable3-ub1404 sshd[2068]: Failed password for invalid user msfadmin from 192.168.56.7 port 58270 ssh2
Apr 21 22:00:32 metasploitable3-ub1404 sshd[2068]: pam_unix(sshd:auth): check pass; user unknown
Apr 21 22:00:32 metasploitable3-ub1404 sshd[2078]: Failed password for invalid user msfadmin from 192.168.56.7 port 58360 ssh2
Apr 21 22:00:32 metasploitable3-ub1404 sshd[2078]: pam_unix(sshd:auth): check pass; user unknown
Apr 21 22:00:32 metasploitable3-ub1404 sshd[2070]: Failed password for invalid user msfadmin from 192.168.56.7 port 58292 ssh2
Apr 21 22:00:32 metasploitable3-ub1404 sshd[2076]: Failed password for invalid user msfadmin from 192.168.56.7 port 58344 ssh2
Apr 21 22:00:32 metasploitable3-ub1404 sshd[2072]: Failed password for invalid user msfadmin from 192.168.56.7 port 58314 ssh2
Apr 21 22:00:32 metasploitable3-ub1404 sshd[2075]: Failed password for invalid user msfadmin from 192.168.56.7 port 58338 ssh2
Apr 21 22:00:32 metasploitable3-ub1404 sshd[2070]: pam_unix(sshd:auth): check pass; user unknown
Apr 21 22:00:32 metasploitable3-ub1404 sshd[2077]: Failed password for invalid user msfadmin from 192.168.56.7 port 58350 ssh2
Apr 21 22:00:32 metasploitable3-ub1404 sshd[2075]: pam_unix(sshd:auth): check pass; user unknown
Apr 21 22:00:32 metasploitable3-ub1404 sshd[2076]: pam_unix(sshd:auth): check pass; user unknown
Apr 21 22:00:32 metasploitable3-ub1404 sshd[2072]: pam_unix(sshd:auth): check pass; user unknown
Apr 21 22:00:32 metasploitable3-ub1404 sshd[2081]: Failed password for invalid user msfadmin from 192.168.56.7 port 58390 ssh2
Apr 21 22:00:32 metasploitable3-ub1404 sshd[2073]: Failed password for invalid user msfadmin from 192.168.56.7 port 58330 ssh2
Apr 21 22:00:32 metasploitable3-ub1404 sshd[2080]: Failed password for invalid user msfadmin from 192.168.56.7 port 58372 ssh2
Apr 21 22:00:32 metasploitable3-ub1404 sshd[2074]: Failed password for invalid user msfadmin from 192.168.56.7 port 58332 ssh2
Apr 21 22:00:32 metasploitable3-ub1404 sshd[2077]: pam_unix(sshd:auth): check pass; user unknown
Apr 21 22:00:32 metasploitable3-ub1404 sshd[2073]: pam_unix(sshd:auth): check pass; user unknown
Apr 21 22:00:32 metasploitable3-ub1404 sshd[2074]: pam_unix(sshd:auth): check pass; user unknown
Apr 21 22:00:32 metasploitable3-ub1404 sshd[2080]: pam_unix(sshd:auth): check pass; user unknown
Apr 21 22:00:32 metasploitable3-ub1404 sshd[2081]: pam_unix(sshd:auth): check pass; user unknown
Apr 21 22:00:32 metasploitable3-ub1404 sshd[2071]: Failed password for invalid user msfadmin from 192.168.56.7 port 58306 ssh2
Apr 21 22:00:32 metasploitable3-ub1404 sshd[2071]: pam_unix(sshd:auth): check pass; user unknown
Apr 21 22:00:32 metasploitable3-ub1404 sshd[2079]: Failed password for invalid user msfadmin from 192.168.56.7 port 58362 ssh2
Apr 21 22:00:32 metasploitable3-ub1404 sshd[2079]: pam_unix(sshd:auth): check pass; user unknown
Apr 21 22:00:33 metasploitable3-ub1404 sshd[2069]: Failed password for invalid user msfadmin from 192.168.56.7 port 58280 ssh2
Apr 21 22:00:33 metasploitable3-ub1404 sshd[2069]: pam_unix(sshd:auth): check pass; user unknown
Apr 21 22:00:34 metasploitable3-ub1404 sshd[2067]: Failed password for invalid user msfadmin from 192.168.56.7 port 58260 ssh2
Apr 21 22:00:34 metasploitable3-ub1404 sshd[2067]: pam_unix(sshd:auth): check pass; user unknown
Apr 21 22:00:34 metasploitable3-ub1404 sshd[2068]: Failed password for invalid user msfadmin from 192.168.56.7 port 58270 ssh2
Apr 21 22:00:34 metasploitable3-ub1404 sshd[2068]: pam_unix(sshd:auth): check pass; user unknown
Apr 21 22:00:34 metasploitable3-ub1404 sshd[2078]: Failed password for invalid user msfadmin from 192.168.56.7 port 58360 ssh2
Apr 21 22:00:34 metasploitable3-ub1404 sshd[2078]: pam_unix(sshd:auth): check pass; user unknown
Apr 21 22:00:34 metasploitable3-ub1404 sshd[2070]: Failed password for invalid user msfadmin from 192.168.56.7 port 58292 ssh2
Apr 21 22:00:34 metasploitable3-ub1404 sshd[2070]: pam_unix(sshd:auth): check pass; user unknown
Apr 21 22:00:34 metasploitable3-ub1404 sshd[2075]: Failed password for invalid user msfadmin from 192.168.56.7 port 58338 ssh2
Apr 21 22:00:34 metasploitable3-ub1404 sshd[2076]: Failed password for invalid user msfadmin from 192.168.56.7 port 58344 ssh2
Apr 21 22:00:34 metasploitable3-ub1404 sshd[2072]: Failed password for invalid user msfadmin from 192.168.56.7 port 58314 ssh2
Apr 21 22:00:34 metasploitable3-ub1404 sshd[2075]: pam_unix(sshd:auth): check pass; user unknown
Apr 21 22:00:34 metasploitable3-ub1404 sshd[2076]: pam_unix(sshd:auth): check pass; user unknown
Apr 21 22:00:34 metasploitable3-ub1404 sshd[2077]: Failed password for invalid user msfadmin from 192.168.56.7 port 58350 ssh2
Apr 21 22:00:34 metasploitable3-ub1404 sshd[2072]: pam_unix(sshd:auth): check pass; user unknown
Apr 21 22:00:34 metasploitable3-ub1404 sshd[2073]: Failed password for invalid user msfadmin from 192.168.56.7 port 58330 ssh2
Apr 21 22:00:34 metasploitable3-ub1404 sshd[2074]: Failed password for invalid user msfadmin from 192.168.56.7 port 58332 ssh2
Apr 21 22:00:34 metasploitable3-ub1404 sshd[2074]: pam_unix(sshd:auth): check pass; user unknown
Apr 21 22:00:34 metasploitable3-ub1404 sshd[2080]: Failed password for invalid user msfadmin from 192.168.56.7 port 58372 ssh2
Apr 21 22:00:34 metasploitable3-ub1404 sshd[2081]: Failed password for invalid user msfadmin from 192.168.56.7 port 58390 ssh2
Apr 21 22:00:34 metasploitable3-ub1404 sshd[2073]: pam_unix(sshd:auth): check pass; user unknown
Apr 21 22:00:34 metasploitable3-ub1404 sshd[2077]: pam_unix(sshd:auth): check pass; user unknown
Apr 21 22:00:34 metasploitable3-ub1404 sshd[2071]: Failed password for invalid user msfadmin from 192.168.56.7 port 58306 ssh2
Apr 21 22:00:34 metasploitable3-ub1404 sshd[2081]: pam_unix(sshd:auth): check pass; user unknown
Apr 21 22:00:34 metasploitable3-ub1404 sshd[2080]: pam_unix(sshd:auth): check pass; user unknown
Apr 21 22:00:34 metasploitable3-ub1404 sshd[2071]: pam_unix(sshd:auth): check pass; user unknown
Apr 21 22:00:34 metasploitable3-ub1404 sshd[2079]: Failed password for invalid user msfadmin from 192.168.56.7 port 58362 ssh2
Apr 21 22:00:34 metasploitable3-ub1404 sshd[2079]: pam_unix(sshd:auth): check pass; user unknown
Apr 21 22:00:36 metasploitable3-ub1404 sshd[2069]: Failed password for invalid user msfadmin from 192.168.56.7 port 58280 ssh2
Apr 21 22:00:36 metasploitable3-ub1404 sshd[2069]: pam_unix(sshd:auth): check pass; user unknown
Apr 21 22:00:36 metasploitable3-ub1404 sshd[2067]: Failed password for invalid user msfadmin from 192.168.56.7 port 58260 ssh2
Apr 21 22:00:36 metasploitable3-ub1404 sshd[2067]: pam_unix(sshd:auth): check pass; user unknown
Apr 21 22:00:36 metasploitable3-ub1404 sshd[2068]: Failed password for invalid user msfadmin from 192.168.56.7 port 58270 ssh2
Apr 21 22:00:36 metasploitable3-ub1404 sshd[2068]: pam_unix(sshd:auth): check pass; user unknown
Apr 21 22:00:36 metasploitable3-ub1404 sshd[2078]: Failed password for invalid user msfadmin from 192.168.56.7 port 58360 ssh2
Apr 21 22:00:36 metasploitable3-ub1404 sshd[2078]: pam_unix(sshd:auth): check pass; user unknown
Apr 21 22:00:36 metasploitable3-ub1404 sshd[2070]: Failed password for invalid user msfadmin from 192.168.56.7 port 58292 ssh2
Apr 21 22:00:36 metasploitable3-ub1404 sshd[2070]: pam_unix(sshd:auth): check pass; user unknown
Apr 21 22:00:36 metasploitable3-ub1404 sshd[2075]: Failed password for invalid user msfadmin from 192.168.56.7 port 58338 ssh2
Apr 21 22:00:36 metasploitable3-ub1404 sshd[2076]: Failed password for invalid user msfadmin from 192.168.56.7 port 58344 ssh2
Apr 21 22:00:36 metasploitable3-ub1404 sshd[2075]: pam_unix(sshd:auth): check pass; user unknown
Apr 21 22:00:36 metasploitable3-ub1404 sshd[2076]: pam_unix(sshd:auth): check pass; user unknown
Apr 21 22:00:36 metasploitable3-ub1404 sshd[2072]: Failed password for invalid user msfadmin from 192.168.56.7 port 58314 ssh2
Apr 21 22:00:36 metasploitable3-ub1404 sshd[2072]: pam_unix(sshd:auth): check pass; user unknown
Apr 21 22:00:36 metasploitable3-ub1404 sshd[2074]: Failed password for invalid user msfadmin from 192.168.56.7 port 58332 ssh2
Apr 21 22:00:36 metasploitable3-ub1404 sshd[2073]: Failed password for invalid user msfadmin from 192.168.56.7 port 58330 ssh2
Apr 21 22:00:36 metasploitable3-ub1404 sshd[2077]: Failed password for invalid user msfadmin from 192.168.56.7 port 58350 ssh2
Apr 21 22:00:36 metasploitable3-ub1404 sshd[2074]: pam_unix(sshd:auth): check pass; user unknown
Apr 21 22:00:36 metasploitable3-ub1404 sshd[2073]: pam_unix(sshd:auth): check pass; user unknown
Apr 21 22:00:36 metasploitable3-ub1404 sshd[2077]: pam_unix(sshd:auth): check pass; user unknown
Apr 21 22:00:36 metasploitable3-ub1404 sshd[2080]: Failed password for invalid user msfadmin from 192.168.56.7 port 58372 ssh2
Apr 21 22:00:36 metasploitable3-ub1404 sshd[2081]: Failed password for invalid user msfadmin from 192.168.56.7 port 58390 ssh2
Apr 21 22:00:36 metasploitable3-ub1404 sshd[2080]: pam_unix(sshd:auth): check pass; user unknown
Apr 21 22:00:36 metasploitable3-ub1404 sshd[2071]: Failed password for invalid user msfadmin from 192.168.56.7 port 58306 ssh2
Apr 21 22:00:36 metasploitable3-ub1404 sshd[2081]: pam_unix(sshd:auth): check pass; user unknown
Apr 21 22:00:36 metasploitable3-ub1404 sshd[2071]: pam_unix(sshd:auth): check pass; user unknown
Apr 21 22:00:36 metasploitable3-ub1404 sshd[2079]: Failed password for invalid user msfadmin from 192.168.56.7 port 58362 ssh2
Apr 21 22:00:36 metasploitable3-ub1404 sshd[2079]: pam_unix(sshd:auth): check pass; user unknown
Apr 21 22:00:37 metasploitable3-ub1404 sshd[2069]: Failed password for invalid user msfadmin from 192.168.56.7 port 58280 ssh2
Apr 21 22:00:37 metasploitable3-ub1404 sshd[2069]: error: maximum authentication attempts exceeded for invalid user msfadmin from 192.168.56.7 port 58280 ssh2 [preauth]
Apr 21 22:00:37 metasploitable3-ub1404 sshd[2069]: Disconnecting: Too many authentication failures for msfadmin [preauth]
Apr 21 22:00:37 metasploitable3-ub1404 sshd[2069]: PAM 5 more authentication failures; logname= uid=0 euid=0 tty=ssh ruser= rhost=192.168.56.7 
Apr 21 22:00:37 metasploitable3-ub1404 sshd[2069]: PAM service(sshd) ignoring max retries; 6 > 3
Apr 21 22:00:38 metasploitable3-ub1404 sshd[2067]: Failed password for invalid user msfadmin from 192.168.56.7 port 58260 ssh2
Apr 21 22:00:38 metasploitable3-ub1404 sshd[2067]: error: maximum authentication attempts exceeded for invalid user msfadmin from 192.168.56.7 port 58260 ssh2 [preauth]
Apr 21 22:00:38 metasploitable3-ub1404 sshd[2067]: Disconnecting: Too many authentication failures for msfadmin [preauth]
Apr 21 22:00:38 metasploitable3-ub1404 sshd[2067]: PAM 5 more authentication failures; logname= uid=0 euid=0 tty=ssh ruser= rhost=192.168.56.7 
Apr 21 22:00:38 metasploitable3-ub1404 sshd[2067]: PAM service(sshd) ignoring max retries; 6 > 3
Apr 21 22:00:38 metasploitable3-ub1404 sshd[2097]: Invalid user msfadmin from 192.168.56.7
Apr 21 22:00:38 metasploitable3-ub1404 sshd[2097]: input_userauth_request: invalid user msfadmin [preauth]
Apr 21 22:00:38 metasploitable3-ub1404 sshd[2097]: pam_unix(sshd:auth): check pass; user unknown
Apr 21 22:00:38 metasploitable3-ub1404 sshd[2097]: pam_unix(sshd:auth): authentication failure; logname= uid=0 euid=0 tty=ssh ruser= rhost=192.168.56.7 
Apr 21 22:00:38 metasploitable3-ub1404 sshd[2068]: Failed password for invalid user msfadmin from 192.168.56.7 port 58270 ssh2
Apr 21 22:00:38 metasploitable3-ub1404 sshd[2068]: error: maximum authentication attempts exceeded for invalid user msfadmin from 192.168.56.7 port 58270 ssh2 [preauth]
Apr 21 22:00:38 metasploitable3-ub1404 sshd[2068]: Disconnecting: Too many authentication failures for msfadmin [preauth]
Apr 21 22:00:38 metasploitable3-ub1404 sshd[2068]: PAM 5 more authentication failures; logname= uid=0 euid=0 tty=ssh ruser= rhost=192.168.56.7 
Apr 21 22:00:38 metasploitable3-ub1404 sshd[2068]: PAM service(sshd) ignoring max retries; 6 > 3
Apr 21 22:00:38 metasploitable3-ub1404 sshd[2078]: Failed password for invalid user msfadmin from 192.168.56.7 port 58360 ssh2
Apr 21 22:00:38 metasploitable3-ub1404 sshd[2078]: error: maximum authentication attempts exceeded for invalid user msfadmin from 192.168.56.7 port 58360 ssh2 [preauth]
Apr 21 22:00:38 metasploitable3-ub1404 sshd[2078]: Disconnecting: Too many authentication failures for msfadmin [preauth]
Apr 21 22:00:38 metasploitable3-ub1404 sshd[2078]: PAM 5 more authentication failures; logname= uid=0 euid=0 tty=ssh ruser= rhost=192.168.56.7 
Apr 21 22:00:38 metasploitable3-ub1404 sshd[2078]: PAM service(sshd) ignoring max retries; 6 > 3
Apr 21 22:00:38 metasploitable3-ub1404 sshd[2070]: Failed password for invalid user msfadmin from 192.168.56.7 port 58292 ssh2
Apr 21 22:00:38 metasploitable3-ub1404 sshd[2070]: error: maximum authentication attempts exceeded for invalid user msfadmin from 192.168.56.7 port 58292 ssh2 [preauth]
Apr 21 22:00:38 metasploitable3-ub1404 sshd[2070]: Disconnecting: Too many authentication failures for msfadmin [preauth]
Apr 21 22:00:38 metasploitable3-ub1404 sshd[2070]: PAM 5 more authentication failures; logname= uid=0 euid=0 tty=ssh ruser= rhost=192.168.56.7 
Apr 21 22:00:38 metasploitable3-ub1404 sshd[2070]: PAM service(sshd) ignoring max retries; 6 > 3
Apr 21 22:00:38 metasploitable3-ub1404 sshd[2075]: Failed password for invalid user msfadmin from 192.168.56.7 port 58338 ssh2
Apr 21 22:00:38 metasploitable3-ub1404 sshd[2075]: error: maximum authentication attempts exceeded for invalid user msfadmin from 192.168.56.7 port 58338 ssh2 [preauth]
Apr 21 22:00:38 metasploitable3-ub1404 sshd[2075]: Disconnecting: Too many authentication failures for msfadmin [preauth]
Apr 21 22:00:38 metasploitable3-ub1404 sshd[2075]: PAM 5 more authentication failures; logname= uid=0 euid=0 tty=ssh ruser= rhost=192.168.56.7 
Apr 21 22:00:38 metasploitable3-ub1404 sshd[2075]: PAM service(sshd) ignoring max retries; 6 > 3
Apr 21 22:00:38 metasploitable3-ub1404 sshd[2076]: Failed password for invalid user msfadmin from 192.168.56.7 port 58344 ssh2
Apr 21 22:00:38 metasploitable3-ub1404 sshd[2076]: error: maximum authentication attempts exceeded for invalid user msfadmin from 192.168.56.7 port 58344 ssh2 [preauth]
Apr 21 22:00:38 metasploitable3-ub1404 sshd[2076]: Disconnecting: Too many authentication failures for msfadmin [preauth]
Apr 21 22:00:38 metasploitable3-ub1404 sshd[2076]: PAM 5 more authentication failures; logname= uid=0 euid=0 tty=ssh ruser= rhost=192.168.56.7 
Apr 21 22:00:38 metasploitable3-ub1404 sshd[2076]: PAM service(sshd) ignoring max retries; 6 > 3
Apr 21 22:00:38 metasploitable3-ub1404 sshd[2072]: Failed password for invalid user msfadmin from 192.168.56.7 port 58314 ssh2
Apr 21 22:00:38 metasploitable3-ub1404 sshd[2072]: error: maximum authentication attempts exceeded for invalid user msfadmin from 192.168.56.7 port 58314 ssh2 [preauth]
Apr 21 22:00:38 metasploitable3-ub1404 sshd[2072]: Disconnecting: Too many authentication failures for msfadmin [preauth]
Apr 21 22:00:38 metasploitable3-ub1404 sshd[2072]: PAM 5 more authentication failures; logname= uid=0 euid=0 tty=ssh ruser= rhost=192.168.56.7 
Apr 21 22:00:38 metasploitable3-ub1404 sshd[2072]: PAM service(sshd) ignoring max retries; 6 > 3
Apr 21 22:00:38 metasploitable3-ub1404 sshd[2074]: Failed password for invalid user msfadmin from 192.168.56.7 port 58332 ssh2
Apr 21 22:00:38 metasploitable3-ub1404 sshd[2074]: error: maximum authentication attempts exceeded for invalid user msfadmin from 192.168.56.7 port 58332 ssh2 [preauth]
Apr 21 22:00:38 metasploitable3-ub1404 sshd[2074]: Disconnecting: Too many authentication failures for msfadmin [preauth]
Apr 21 22:00:38 metasploitable3-ub1404 sshd[2074]: PAM 5 more authentication failures; logname= uid=0 euid=0 tty=ssh ruser= rhost=192.168.56.7 
Apr 21 22:00:38 metasploitable3-ub1404 sshd[2074]: PAM service(sshd) ignoring max retries; 6 > 3
Apr 21 22:00:38 metasploitable3-ub1404 sshd[2099]: Invalid user msfadmin from 192.168.56.7
Apr 21 22:00:38 metasploitable3-ub1404 sshd[2099]: input_userauth_request: invalid user msfadmin [preauth]
Apr 21 22:00:38 metasploitable3-ub1404 sshd[2073]: Failed password for invalid user msfadmin from 192.168.56.7 port 58330 ssh2
Apr 21 22:00:38 metasploitable3-ub1404 sshd[2073]: error: maximum authentication attempts exceeded for invalid user msfadmin from 192.168.56.7 port 58330 ssh2 [preauth]
Apr 21 22:00:38 metasploitable3-ub1404 sshd[2073]: Disconnecting: Too many authentication failures for msfadmin [preauth]
Apr 21 22:00:38 metasploitable3-ub1404 sshd[2073]: PAM 5 more authentication failures; logname= uid=0 euid=0 tty=ssh ruser= rhost=192.168.56.7 
Apr 21 22:00:38 metasploitable3-ub1404 sshd[2073]: PAM service(sshd) ignoring max retries; 6 > 3
Apr 21 22:00:38 metasploitable3-ub1404 sshd[2077]: Failed password for invalid user msfadmin from 192.168.56.7 port 58350 ssh2
Apr 21 22:00:38 metasploitable3-ub1404 sshd[2077]: error: maximum authentication attempts exceeded for invalid user msfadmin from 192.168.56.7 port 58350 ssh2 [preauth]
Apr 21 22:00:38 metasploitable3-ub1404 sshd[2077]: Disconnecting: Too many authentication failures for msfadmin [preauth]
Apr 21 22:00:38 metasploitable3-ub1404 sshd[2077]: PAM 5 more authentication failures; logname= uid=0 euid=0 tty=ssh ruser= rhost=192.168.56.7 
Apr 21 22:00:38 metasploitable3-ub1404 sshd[2077]: PAM service(sshd) ignoring max retries; 6 > 3
Apr 21 22:00:38 metasploitable3-ub1404 sshd[2099]: pam_unix(sshd:auth): check pass; user unknown
Apr 21 22:00:38 metasploitable3-ub1404 sshd[2099]: pam_unix(sshd:auth): authentication failure; logname= uid=0 euid=0 tty=ssh ruser= rhost=192.168.56.7 
Apr 21 22:00:38 metasploitable3-ub1404 sshd[2080]: Failed password for invalid user msfadmin from 192.168.56.7 port 58372 ssh2
Apr 21 22:00:38 metasploitable3-ub1404 sshd[2080]: error: maximum authentication attempts exceeded for invalid user msfadmin from 192.168.56.7 port 58372 ssh2 [preauth]
Apr 21 22:00:38 metasploitable3-ub1404 sshd[2080]: Disconnecting: Too many authentication failures for msfadmin [preauth]
Apr 21 22:00:38 metasploitable3-ub1404 sshd[2080]: PAM 5 more authentication failures; logname= uid=0 euid=0 tty=ssh ruser= rhost=192.168.56.7 
Apr 21 22:00:38 metasploitable3-ub1404 sshd[2080]: PAM service(sshd) ignoring max retries; 6 > 3
Apr 21 22:00:38 metasploitable3-ub1404 sshd[2101]: Invalid user msfadmin from 192.168.56.7
Apr 21 22:00:38 metasploitable3-ub1404 sshd[2101]: input_userauth_request: invalid user msfadmin [preauth]
Apr 21 22:00:38 metasploitable3-ub1404 sshd[2081]: Failed password for invalid user msfadmin from 192.168.56.7 port 58390 ssh2
Apr 21 22:00:38 metasploitable3-ub1404 sshd[2081]: error: maximum authentication attempts exceeded for invalid user msfadmin from 192.168.56.7 port 58390 ssh2 [preauth]
Apr 21 22:00:38 metasploitable3-ub1404 sshd[2081]: Disconnecting: Too many authentication failures for msfadmin [preauth]
Apr 21 22:00:38 metasploitable3-ub1404 sshd[2081]: PAM 5 more authentication failures; logname= uid=0 euid=0 tty=ssh ruser= rhost=192.168.56.7 
Apr 21 22:00:38 metasploitable3-ub1404 sshd[2081]: PAM service(sshd) ignoring max retries; 6 > 3
Apr 21 22:00:38 metasploitable3-ub1404 sshd[2101]: pam_unix(sshd:auth): check pass; user unknown
Apr 21 22:00:38 metasploitable3-ub1404 sshd[2102]: Invalid user msfadmin from 192.168.56.7
Apr 21 22:00:38 metasploitable3-ub1404 sshd[2102]: input_userauth_request: invalid user msfadmin [preauth]
Apr 21 22:00:38 metasploitable3-ub1404 sshd[2101]: pam_unix(sshd:auth): authentication failure; logname= uid=0 euid=0 tty=ssh ruser= rhost=192.168.56.7 
Apr 21 22:00:38 metasploitable3-ub1404 sshd[2071]: Failed password for invalid user msfadmin from 192.168.56.7 port 58306 ssh2
Apr 21 22:00:38 metasploitable3-ub1404 sshd[2071]: error: maximum authentication attempts exceeded for invalid user msfadmin from 192.168.56.7 port 58306 ssh2 [preauth]
Apr 21 22:00:38 metasploitable3-ub1404 sshd[2071]: Disconnecting: Too many authentication failures for msfadmin [preauth]
Apr 21 22:00:38 metasploitable3-ub1404 sshd[2071]: PAM 5 more authentication failures; logname= uid=0 euid=0 tty=ssh ruser= rhost=192.168.56.7 
Apr 21 22:00:38 metasploitable3-ub1404 sshd[2071]: PAM service(sshd) ignoring max retries; 6 > 3
Apr 21 22:00:38 metasploitable3-ub1404 sshd[2102]: pam_unix(sshd:auth): check pass; user unknown
Apr 21 22:00:38 metasploitable3-ub1404 sshd[2102]: pam_unix(sshd:auth): authentication failure; logname= uid=0 euid=0 tty=ssh ruser= rhost=192.168.56.7 
Apr 21 22:00:38 metasploitable3-ub1404 sshd[2110]: Invalid user msfadmin from 192.168.56.7
Apr 21 22:00:38 metasploitable3-ub1404 sshd[2110]: input_userauth_request: invalid user msfadmin [preauth]
Apr 21 22:00:38 metasploitable3-ub1404 sshd[2107]: Invalid user msfadmin from 192.168.56.7
Apr 21 22:00:38 metasploitable3-ub1404 sshd[2107]: input_userauth_request: invalid user msfadmin [preauth]
Apr 21 22:00:38 metasploitable3-ub1404 sshd[2107]: pam_unix(sshd:auth): check pass; user unknown
Apr 21 22:00:38 metasploitable3-ub1404 sshd[2107]: pam_unix(sshd:auth): authentication failure; logname= uid=0 euid=0 tty=ssh ruser= rhost=192.168.56.7 
Apr 21 22:00:38 metasploitable3-ub1404 sshd[2110]: pam_unix(sshd:auth): check pass; user unknown
Apr 21 22:00:38 metasploitable3-ub1404 sshd[2105]: Invalid user msfadmin from 192.168.56.7
Apr 21 22:00:38 metasploitable3-ub1404 sshd[2110]: pam_unix(sshd:auth): authentication failure; logname= uid=0 euid=0 tty=ssh ruser= rhost=192.168.56.7 
Apr 21 22:00:38 metasploitable3-ub1404 sshd[2113]: Invalid user msfadmin from 192.168.56.7
Apr 21 22:00:38 metasploitable3-ub1404 sshd[2113]: input_userauth_request: invalid user msfadmin [preauth]
Apr 21 22:00:38 metasploitable3-ub1404 sshd[2105]: input_userauth_request: invalid user msfadmin [preauth]
Apr 21 22:00:38 metasploitable3-ub1404 sshd[2114]: Invalid user msfadmin from 192.168.56.7
Apr 21 22:00:38 metasploitable3-ub1404 sshd[2114]: input_userauth_request: invalid user msfadmin [preauth]
Apr 21 22:00:38 metasploitable3-ub1404 sshd[2116]: Invalid user msfadmin from 192.168.56.7
Apr 21 22:00:38 metasploitable3-ub1404 sshd[2116]: input_userauth_request: invalid user msfadmin [preauth]
Apr 21 22:00:38 metasploitable3-ub1404 sshd[2114]: pam_unix(sshd:auth): check pass; user unknown
Apr 21 22:00:38 metasploitable3-ub1404 sshd[2113]: pam_unix(sshd:auth): check pass; user unknown
Apr 21 22:00:38 metasploitable3-ub1404 sshd[2113]: pam_unix(sshd:auth): authentication failure; logname= uid=0 euid=0 tty=ssh ruser= rhost=192.168.56.7 
Apr 21 22:00:38 metasploitable3-ub1404 sshd[2114]: pam_unix(sshd:auth): authentication failure; logname= uid=0 euid=0 tty=ssh ruser= rhost=192.168.56.7 
Apr 21 22:00:38 metasploitable3-ub1404 sshd[2116]: pam_unix(sshd:auth): check pass; user unknown
Apr 21 22:00:38 metasploitable3-ub1404 sshd[2116]: pam_unix(sshd:auth): authentication failure; logname= uid=0 euid=0 tty=ssh ruser= rhost=192.168.56.7 
Apr 21 22:00:38 metasploitable3-ub1404 sshd[2106]: Invalid user msfadmin from 192.168.56.7
Apr 21 22:00:38 metasploitable3-ub1404 sshd[2106]: input_userauth_request: invalid user msfadmin [preauth]
Apr 21 22:00:38 metasploitable3-ub1404 sshd[2106]: pam_unix(sshd:auth): check pass; user unknown
Apr 21 22:00:38 metasploitable3-ub1404 sshd[2106]: pam_unix(sshd:auth): authentication failure; logname= uid=0 euid=0 tty=ssh ruser= rhost=192.168.56.7 
Apr 21 22:00:38 metasploitable3-ub1404 sshd[2105]: pam_unix(sshd:auth): check pass; user unknown
Apr 21 22:00:38 metasploitable3-ub1404 sshd[2079]: Failed password for invalid user msfadmin from 192.168.56.7 port 58362 ssh2
Apr 21 22:00:38 metasploitable3-ub1404 sshd[2079]: error: maximum authentication attempts exceeded for invalid user msfadmin from 192.168.56.7 port 58362 ssh2 [preauth]
Apr 21 22:00:38 metasploitable3-ub1404 sshd[2079]: Disconnecting: Too many authentication failures for msfadmin [preauth]
Apr 21 22:00:38 metasploitable3-ub1404 sshd[2079]: PAM 5 more authentication failures; logname= uid=0 euid=0 tty=ssh ruser= rhost=192.168.56.7 
Apr 21 22:00:38 metasploitable3-ub1404 sshd[2079]: PAM service(sshd) ignoring max retries; 6 > 3
Apr 21 22:00:38 metasploitable3-ub1404 sshd[2105]: pam_unix(sshd:auth): authentication failure; logname= uid=0 euid=0 tty=ssh ruser= rhost=192.168.56.7 
Apr 21 22:00:38 metasploitable3-ub1404 sshd[2115]: Invalid user msfadmin from 192.168.56.7
Apr 21 22:00:38 metasploitable3-ub1404 sshd[2115]: input_userauth_request: invalid user msfadmin [preauth]
Apr 21 22:00:38 metasploitable3-ub1404 sshd[2115]: pam_unix(sshd:auth): check pass; user unknown
Apr 21 22:00:38 metasploitable3-ub1404 sshd[2115]: pam_unix(sshd:auth): authentication failure; logname= uid=0 euid=0 tty=ssh ruser= rhost=192.168.56.7 
Apr 21 22:00:38 metasploitable3-ub1404 sshd[2121]: Invalid user msfadmin from 192.168.56.7
Apr 21 22:00:38 metasploitable3-ub1404 sshd[2121]: input_userauth_request: invalid user msfadmin [preauth]
Apr 21 22:00:38 metasploitable3-ub1404 sshd[2121]: pam_unix(sshd:auth): check pass; user unknown
Apr 21 22:00:38 metasploitable3-ub1404 sshd[2121]: pam_unix(sshd:auth): authentication failure; logname= uid=0 euid=0 tty=ssh ruser= rhost=192.168.56.7 
Apr 21 22:00:39 metasploitable3-ub1404 sshd[2097]: Failed password for invalid user msfadmin from 192.168.56.7 port 58978 ssh2
Apr 21 22:00:39 metasploitable3-ub1404 sshd[2097]: pam_unix(sshd:auth): check pass; user unknown
Apr 21 22:00:40 metasploitable3-ub1404 sshd[2099]: Failed password for invalid user msfadmin from 192.168.56.7 port 58990 ssh2
Apr 21 22:00:40 metasploitable3-ub1404 sshd[2099]: pam_unix(sshd:auth): check pass; user unknown
Apr 21 22:00:40 metasploitable3-ub1404 sshd[2101]: Failed password for invalid user msfadmin from 192.168.56.7 port 59006 ssh2
Apr 21 22:00:40 metasploitable3-ub1404 sshd[2101]: pam_unix(sshd:auth): check pass; user unknown
Apr 21 22:00:40 metasploitable3-ub1404 sshd[2102]: Failed password for invalid user msfadmin from 192.168.56.7 port 59022 ssh2
Apr 21 22:00:40 metasploitable3-ub1404 sshd[2102]: pam_unix(sshd:auth): check pass; user unknown
Apr 21 22:00:40 metasploitable3-ub1404 sshd[2107]: Failed password for invalid user msfadmin from 192.168.56.7 port 59048 ssh2
Apr 21 22:00:40 metasploitable3-ub1404 sshd[2110]: Failed password for invalid user msfadmin from 192.168.56.7 port 59064 ssh2
Apr 21 22:00:40 metasploitable3-ub1404 sshd[2113]: Failed password for invalid user msfadmin from 192.168.56.7 port 59066 ssh2
Apr 21 22:00:40 metasploitable3-ub1404 sshd[2114]: Failed password for invalid user msfadmin from 192.168.56.7 port 59074 ssh2
Apr 21 22:00:40 metasploitable3-ub1404 sshd[2110]: pam_unix(sshd:auth): check pass; user unknown
Apr 21 22:00:40 metasploitable3-ub1404 sshd[2107]: pam_unix(sshd:auth): check pass; user unknown
Apr 21 22:00:40 metasploitable3-ub1404 sshd[2116]: Failed password for invalid user msfadmin from 192.168.56.7 port 59088 ssh2
Apr 21 22:00:40 metasploitable3-ub1404 sshd[2106]: Failed password for invalid user msfadmin from 192.168.56.7 port 59042 ssh2
Apr 21 22:00:40 metasploitable3-ub1404 sshd[2105]: Failed password for invalid user msfadmin from 192.168.56.7 port 59038 ssh2
Apr 21 22:00:40 metasploitable3-ub1404 sshd[2115]: Failed password for invalid user msfadmin from 192.168.56.7 port 59082 ssh2
Apr 21 22:00:40 metasploitable3-ub1404 sshd[2116]: pam_unix(sshd:auth): check pass; user unknown
Apr 21 22:00:40 metasploitable3-ub1404 sshd[2106]: pam_unix(sshd:auth): check pass; user unknown
Apr 21 22:00:40 metasploitable3-ub1404 sshd[2114]: pam_unix(sshd:auth): check pass; user unknown
Apr 21 22:00:40 metasploitable3-ub1404 sshd[2105]: pam_unix(sshd:auth): check pass; user unknown
Apr 21 22:00:40 metasploitable3-ub1404 sshd[2115]: pam_unix(sshd:auth): check pass; user unknown
Apr 21 22:00:40 metasploitable3-ub1404 sshd[2113]: pam_unix(sshd:auth): check pass; user unknown
Apr 21 22:00:40 metasploitable3-ub1404 sshd[2121]: Failed password for invalid user msfadmin from 192.168.56.7 port 59114 ssh2
Apr 21 22:00:40 metasploitable3-ub1404 sshd[2121]: pam_unix(sshd:auth): check pass; user unknown
Apr 21 22:00:41 metasploitable3-ub1404 sshd[2097]: Failed password for invalid user msfadmin from 192.168.56.7 port 58978 ssh2
Apr 21 22:00:41 metasploitable3-ub1404 sshd[2097]: pam_unix(sshd:auth): check pass; user unknown
Apr 21 22:00:42 metasploitable3-ub1404 sshd[2099]: Failed password for invalid user msfadmin from 192.168.56.7 port 58990 ssh2
Apr 21 22:00:42 metasploitable3-ub1404 sshd[2099]: pam_unix(sshd:auth): check pass; user unknown
Apr 21 22:00:42 metasploitable3-ub1404 sshd[2101]: Failed password for invalid user msfadmin from 192.168.56.7 port 59006 ssh2
Apr 21 22:00:42 metasploitable3-ub1404 sshd[2101]: pam_unix(sshd:auth): check pass; user unknown
Apr 21 22:00:42 metasploitable3-ub1404 sshd[2102]: Failed password for invalid user msfadmin from 192.168.56.7 port 59022 ssh2
Apr 21 22:00:42 metasploitable3-ub1404 sshd[2102]: pam_unix(sshd:auth): check pass; user unknown
Apr 21 22:00:42 metasploitable3-ub1404 sshd[2110]: Failed password for invalid user msfadmin from 192.168.56.7 port 59064 ssh2
Apr 21 22:00:42 metasploitable3-ub1404 sshd[2107]: Failed password for invalid user msfadmin from 192.168.56.7 port 59048 ssh2
Apr 21 22:00:42 metasploitable3-ub1404 sshd[2110]: pam_unix(sshd:auth): check pass; user unknown
Apr 21 22:00:42 metasploitable3-ub1404 sshd[2107]: pam_unix(sshd:auth): check pass; user unknown
Apr 21 22:00:42 metasploitable3-ub1404 sshd[2116]: Failed password for invalid user msfadmin from 192.168.56.7 port 59088 ssh2
Apr 21 22:00:42 metasploitable3-ub1404 sshd[2116]: pam_unix(sshd:auth): check pass; user unknown
Apr 21 22:00:42 metasploitable3-ub1404 sshd[2106]: Failed password for invalid user msfadmin from 192.168.56.7 port 59042 ssh2
Apr 21 22:00:42 metasploitable3-ub1404 sshd[2114]: Failed password for invalid user msfadmin from 192.168.56.7 port 59074 ssh2
Apr 21 22:00:42 metasploitable3-ub1404 sshd[2105]: Failed password for invalid user msfadmin from 192.168.56.7 port 59038 ssh2
Apr 21 22:00:42 metasploitable3-ub1404 sshd[2113]: Failed password for invalid user msfadmin from 192.168.56.7 port 59066 ssh2
Apr 21 22:00:42 metasploitable3-ub1404 sshd[2115]: Failed password for invalid user msfadmin from 192.168.56.7 port 59082 ssh2
Apr 21 22:00:42 metasploitable3-ub1404 sshd[2113]: pam_unix(sshd:auth): check pass; user unknown
Apr 21 22:00:42 metasploitable3-ub1404 sshd[2114]: pam_unix(sshd:auth): check pass; user unknown
Apr 21 22:00:42 metasploitable3-ub1404 sshd[2106]: pam_unix(sshd:auth): check pass; user unknown
Apr 21 22:00:42 metasploitable3-ub1404 sshd[2115]: pam_unix(sshd:auth): check pass; user unknown
Apr 21 22:00:42 metasploitable3-ub1404 sshd[2105]: pam_unix(sshd:auth): check pass; user unknown
Apr 21 22:00:42 metasploitable3-ub1404 sshd[2121]: Failed password for invalid user msfadmin from 192.168.56.7 port 59114 ssh2
Apr 21 22:00:42 metasploitable3-ub1404 sshd[2121]: pam_unix(sshd:auth): check pass; user unknown
Apr 21 22:00:43 metasploitable3-ub1404 sshd[2097]: Failed password for invalid user msfadmin from 192.168.56.7 port 58978 ssh2
Apr 21 22:00:43 metasploitable3-ub1404 sshd[2097]: pam_unix(sshd:auth): check pass; user unknown
Apr 21 22:00:43 metasploitable3-ub1404 sshd[2099]: Failed password for invalid user msfadmin from 192.168.56.7 port 58990 ssh2
Apr 21 22:00:43 metasploitable3-ub1404 sshd[2099]: pam_unix(sshd:auth): check pass; user unknown
Apr 21 22:00:43 metasploitable3-ub1404 sshd[2101]: Failed password for invalid user msfadmin from 192.168.56.7 port 59006 ssh2
Apr 21 22:00:43 metasploitable3-ub1404 sshd[2101]: pam_unix(sshd:auth): check pass; user unknown
Apr 21 22:00:43 metasploitable3-ub1404 sshd[2102]: Failed password for invalid user msfadmin from 192.168.56.7 port 59022 ssh2
Apr 21 22:00:43 metasploitable3-ub1404 sshd[2102]: pam_unix(sshd:auth): check pass; user unknown
Apr 21 22:00:43 metasploitable3-ub1404 sshd[2110]: Failed password for invalid user msfadmin from 192.168.56.7 port 59064 ssh2
Apr 21 22:00:43 metasploitable3-ub1404 sshd[2107]: Failed password for invalid user msfadmin from 192.168.56.7 port 59048 ssh2
Apr 21 22:00:43 metasploitable3-ub1404 sshd[2110]: pam_unix(sshd:auth): check pass; user unknown
Apr 21 22:00:43 metasploitable3-ub1404 sshd[2107]: pam_unix(sshd:auth): check pass; user unknown
Apr 21 22:00:43 metasploitable3-ub1404 sshd[2116]: Failed password for invalid user msfadmin from 192.168.56.7 port 59088 ssh2
Apr 21 22:00:43 metasploitable3-ub1404 sshd[2116]: pam_unix(sshd:auth): check pass; user unknown
Apr 21 22:00:43 metasploitable3-ub1404 sshd[2113]: Failed password for invalid user msfadmin from 192.168.56.7 port 59066 ssh2
Apr 21 22:00:43 metasploitable3-ub1404 sshd[2114]: Failed password for invalid user msfadmin from 192.168.56.7 port 59074 ssh2
Apr 21 22:00:43 metasploitable3-ub1404 sshd[2106]: Failed password for invalid user msfadmin from 192.168.56.7 port 59042 ssh2
Apr 21 22:00:43 metasploitable3-ub1404 sshd[2115]: Failed password for invalid user msfadmin from 192.168.56.7 port 59082 ssh2
Apr 21 22:00:43 metasploitable3-ub1404 sshd[2105]: Failed password for invalid user msfadmin from 192.168.56.7 port 59038 ssh2
Apr 21 22:00:43 metasploitable3-ub1404 sshd[2105]: pam_unix(sshd:auth): check pass; user unknown
Apr 21 22:00:43 metasploitable3-ub1404 sshd[2106]: pam_unix(sshd:auth): check pass; user unknown
Apr 21 22:00:43 metasploitable3-ub1404 sshd[2115]: pam_unix(sshd:auth): check pass; user unknown
Apr 21 22:00:43 metasploitable3-ub1404 sshd[2113]: pam_unix(sshd:auth): check pass; user unknown
Apr 21 22:00:43 metasploitable3-ub1404 sshd[2114]: pam_unix(sshd:auth): check pass; user unknown
Apr 21 22:00:43 metasploitable3-ub1404 sshd[2121]: Failed password for invalid user msfadmin from 192.168.56.7 port 59114 ssh2
Apr 21 22:00:43 metasploitable3-ub1404 sshd[2121]: pam_unix(sshd:auth): check pass; user unknown
Apr 21 22:00:45 metasploitable3-ub1404 sshd[2097]: Failed password for invalid user msfadmin from 192.168.56.7 port 58978 ssh2
Apr 21 22:00:45 metasploitable3-ub1404 sshd[2097]: pam_unix(sshd:auth): check pass; user unknown
Apr 21 22:00:45 metasploitable3-ub1404 sshd[2099]: Failed password for invalid user msfadmin from 192.168.56.7 port 58990 ssh2
Apr 21 22:00:45 metasploitable3-ub1404 sshd[2101]: Failed password for invalid user msfadmin from 192.168.56.7 port 59006 ssh2
Apr 21 22:00:45 metasploitable3-ub1404 sshd[2099]: pam_unix(sshd:auth): check pass; user unknown
Apr 21 22:00:45 metasploitable3-ub1404 sshd[2101]: pam_unix(sshd:auth): check pass; user unknown
Apr 21 22:00:45 metasploitable3-ub1404 sshd[2102]: Failed password for invalid user msfadmin from 192.168.56.7 port 59022 ssh2
Apr 21 22:00:45 metasploitable3-ub1404 sshd[2102]: pam_unix(sshd:auth): check pass; user unknown
Apr 21 22:00:45 metasploitable3-ub1404 sshd[2110]: Failed password for invalid user msfadmin from 192.168.56.7 port 59064 ssh2
Apr 21 22:00:45 metasploitable3-ub1404 sshd[2107]: Failed password for invalid user msfadmin from 192.168.56.7 port 59048 ssh2
Apr 21 22:00:45 metasploitable3-ub1404 sshd[2107]: pam_unix(sshd:auth): check pass; user unknown
Apr 21 22:00:45 metasploitable3-ub1404 sshd[2110]: pam_unix(sshd:auth): check pass; user unknown
Apr 21 22:00:45 metasploitable3-ub1404 sshd[2116]: Failed password for invalid user msfadmin from 192.168.56.7 port 59088 ssh2
Apr 21 22:00:45 metasploitable3-ub1404 sshd[2116]: pam_unix(sshd:auth): check pass; user unknown
Apr 21 22:00:45 metasploitable3-ub1404 sshd[2105]: Failed password for invalid user msfadmin from 192.168.56.7 port 59038 ssh2
Apr 21 22:00:45 metasploitable3-ub1404 sshd[2106]: Failed password for invalid user msfadmin from 192.168.56.7 port 59042 ssh2
Apr 21 22:00:45 metasploitable3-ub1404 sshd[2115]: Failed password for invalid user msfadmin from 192.168.56.7 port 59082 ssh2
Apr 21 22:00:45 metasploitable3-ub1404 sshd[2113]: Failed password for invalid user msfadmin from 192.168.56.7 port 59066 ssh2
Apr 21 22:00:45 metasploitable3-ub1404 sshd[2114]: Failed password for invalid user msfadmin from 192.168.56.7 port 59074 ssh2
Apr 21 22:00:45 metasploitable3-ub1404 sshd[2105]: pam_unix(sshd:auth): check pass; user unknown
Apr 21 22:00:45 metasploitable3-ub1404 sshd[2121]: Failed password for invalid user msfadmin from 192.168.56.7 port 59114 ssh2
Apr 21 22:00:45 metasploitable3-ub1404 sshd[2115]: pam_unix(sshd:auth): check pass; user unknown
Apr 21 22:00:45 metasploitable3-ub1404 sshd[2113]: pam_unix(sshd:auth): check pass; user unknown
Apr 21 22:00:45 metasploitable3-ub1404 sshd[2106]: pam_unix(sshd:auth): check pass; user unknown
Apr 21 22:00:45 metasploitable3-ub1404 sshd[2114]: pam_unix(sshd:auth): check pass; user unknown
Apr 21 22:00:45 metasploitable3-ub1404 sshd[2121]: pam_unix(sshd:auth): check pass; user unknown
Apr 21 22:00:47 metasploitable3-ub1404 sshd[2097]: Failed password for invalid user msfadmin from 192.168.56.7 port 58978 ssh2
Apr 21 22:00:47 metasploitable3-ub1404 sshd[2097]: pam_unix(sshd:auth): check pass; user unknown
Apr 21 22:00:47 metasploitable3-ub1404 sshd[2099]: Failed password for invalid user msfadmin from 192.168.56.7 port 58990 ssh2
Apr 21 22:00:47 metasploitable3-ub1404 sshd[2101]: Failed password for invalid user msfadmin from 192.168.56.7 port 59006 ssh2
Apr 21 22:00:47 metasploitable3-ub1404 sshd[2099]: pam_unix(sshd:auth): check pass; user unknown
Apr 21 22:00:47 metasploitable3-ub1404 sshd[2101]: pam_unix(sshd:auth): check pass; user unknown
Apr 21 22:00:47 metasploitable3-ub1404 sshd[2102]: Failed password for invalid user msfadmin from 192.168.56.7 port 59022 ssh2
Apr 21 22:00:47 metasploitable3-ub1404 sshd[2102]: pam_unix(sshd:auth): check pass; user unknown
Apr 21 22:00:47 metasploitable3-ub1404 sshd[2107]: Failed password for invalid user msfadmin from 192.168.56.7 port 59048 ssh2
Apr 21 22:00:47 metasploitable3-ub1404 sshd[2110]: Failed password for invalid user msfadmin from 192.168.56.7 port 59064 ssh2
Apr 21 22:00:47 metasploitable3-ub1404 sshd[2110]: pam_unix(sshd:auth): check pass; user unknown
Apr 21 22:00:47 metasploitable3-ub1404 sshd[2107]: pam_unix(sshd:auth): check pass; user unknown
Apr 21 22:00:47 metasploitable3-ub1404 sshd[2116]: Failed password for invalid user msfadmin from 192.168.56.7 port 59088 ssh2
Apr 21 22:00:47 metasploitable3-ub1404 sshd[2116]: pam_unix(sshd:auth): check pass; user unknown
Apr 21 22:00:47 metasploitable3-ub1404 sshd[2105]: Failed password for invalid user msfadmin from 192.168.56.7 port 59038 ssh2
Apr 21 22:00:47 metasploitable3-ub1404 sshd[2105]: pam_unix(sshd:auth): check pass; user unknown
Apr 21 22:00:47 metasploitable3-ub1404 sshd[2115]: Failed password for invalid user msfadmin from 192.168.56.7 port 59082 ssh2
Apr 21 22:00:47 metasploitable3-ub1404 sshd[2113]: Failed password for invalid user msfadmin from 192.168.56.7 port 59066 ssh2
Apr 21 22:00:47 metasploitable3-ub1404 sshd[2106]: Failed password for invalid user msfadmin from 192.168.56.7 port 59042 ssh2
Apr 21 22:00:47 metasploitable3-ub1404 sshd[2114]: Failed password for invalid user msfadmin from 192.168.56.7 port 59074 ssh2
Apr 21 22:00:47 metasploitable3-ub1404 sshd[2113]: pam_unix(sshd:auth): check pass; user unknown
Apr 21 22:00:47 metasploitable3-ub1404 sshd[2115]: pam_unix(sshd:auth): check pass; user unknown
Apr 21 22:00:47 metasploitable3-ub1404 sshd[2121]: Failed password for invalid user msfadmin from 192.168.56.7 port 59114 ssh2
Apr 21 22:00:47 metasploitable3-ub1404 sshd[2106]: pam_unix(sshd:auth): check pass; user unknown
Apr 21 22:00:47 metasploitable3-ub1404 sshd[2114]: pam_unix(sshd:auth): check pass; user unknown
Apr 21 22:00:47 metasploitable3-ub1404 sshd[2121]: pam_unix(sshd:auth): check pass; user unknown
Apr 21 22:00:49 metasploitable3-ub1404 sshd[2097]: Failed password for invalid user msfadmin from 192.168.56.7 port 58978 ssh2
Apr 21 22:00:49 metasploitable3-ub1404 sshd[2097]: error: maximum authentication attempts exceeded for invalid user msfadmin from 192.168.56.7 port 58978 ssh2 [preauth]
Apr 21 22:00:49 metasploitable3-ub1404 sshd[2097]: Disconnecting: Too many authentication failures for msfadmin [preauth]
Apr 21 22:00:49 metasploitable3-ub1404 sshd[2097]: PAM 5 more authentication failures; logname= uid=0 euid=0 tty=ssh ruser= rhost=192.168.56.7 
Apr 21 22:00:49 metasploitable3-ub1404 sshd[2097]: PAM service(sshd) ignoring max retries; 6 > 3
Apr 21 22:00:49 metasploitable3-ub1404 sshd[2099]: Failed password for invalid user msfadmin from 192.168.56.7 port 58990 ssh2
Apr 21 22:00:49 metasploitable3-ub1404 sshd[2099]: error: maximum authentication attempts exceeded for invalid user msfadmin from 192.168.56.7 port 58990 ssh2 [preauth]
Apr 21 22:00:49 metasploitable3-ub1404 sshd[2099]: Disconnecting: Too many authentication failures for msfadmin [preauth]
Apr 21 22:00:49 metasploitable3-ub1404 sshd[2099]: PAM 5 more authentication failures; logname= uid=0 euid=0 tty=ssh ruser= rhost=192.168.56.7 
Apr 21 22:00:49 metasploitable3-ub1404 sshd[2099]: PAM service(sshd) ignoring max retries; 6 > 3
Apr 21 22:00:49 metasploitable3-ub1404 sshd[2101]: Failed password for invalid user msfadmin from 192.168.56.7 port 59006 ssh2
Apr 21 22:00:49 metasploitable3-ub1404 sshd[2101]: error: maximum authentication attempts exceeded for invalid user msfadmin from 192.168.56.7 port 59006 ssh2 [preauth]
Apr 21 22:00:49 metasploitable3-ub1404 sshd[2101]: Disconnecting: Too many authentication failures for msfadmin [preauth]
Apr 21 22:00:49 metasploitable3-ub1404 sshd[2101]: PAM 5 more authentication failures; logname= uid=0 euid=0 tty=ssh ruser= rhost=192.168.56.7 
Apr 21 22:00:49 metasploitable3-ub1404 sshd[2101]: PAM service(sshd) ignoring max retries; 6 > 3
Apr 21 22:00:49 metasploitable3-ub1404 sshd[2102]: Failed password for invalid user msfadmin from 192.168.56.7 port 59022 ssh2
Apr 21 22:00:49 metasploitable3-ub1404 sshd[2102]: error: maximum authentication attempts exceeded for invalid user msfadmin from 192.168.56.7 port 59022 ssh2 [preauth]
Apr 21 22:00:49 metasploitable3-ub1404 sshd[2102]: Disconnecting: Too many authentication failures for msfadmin [preauth]
Apr 21 22:00:49 metasploitable3-ub1404 sshd[2102]: PAM 5 more authentication failures; logname= uid=0 euid=0 tty=ssh ruser= rhost=192.168.56.7 
Apr 21 22:00:49 metasploitable3-ub1404 sshd[2102]: PAM service(sshd) ignoring max retries; 6 > 3
Apr 21 22:00:49 metasploitable3-ub1404 sshd[2123]: Invalid user msfadmin from 192.168.56.7
Apr 21 22:00:49 metasploitable3-ub1404 sshd[2123]: input_userauth_request: invalid user msfadmin [preauth]
Apr 21 22:00:49 metasploitable3-ub1404 sshd[2110]: Failed password for invalid user msfadmin from 192.168.56.7 port 59064 ssh2
Apr 21 22:00:49 metasploitable3-ub1404 sshd[2110]: error: maximum authentication attempts exceeded for invalid user msfadmin from 192.168.56.7 port 59064 ssh2 [preauth]
Apr 21 22:00:49 metasploitable3-ub1404 sshd[2110]: Disconnecting: Too many authentication failures for msfadmin [preauth]
Apr 21 22:00:49 metasploitable3-ub1404 sshd[2110]: PAM 5 more authentication failures; logname= uid=0 euid=0 tty=ssh ruser= rhost=192.168.56.7 
Apr 21 22:00:49 metasploitable3-ub1404 sshd[2110]: PAM service(sshd) ignoring max retries; 6 > 3
Apr 21 22:00:49 metasploitable3-ub1404 sshd[2107]: Failed password for invalid user msfadmin from 192.168.56.7 port 59048 ssh2
Apr 21 22:00:49 metasploitable3-ub1404 sshd[2107]: error: maximum authentication attempts exceeded for invalid user msfadmin from 192.168.56.7 port 59048 ssh2 [preauth]
Apr 21 22:00:49 metasploitable3-ub1404 sshd[2107]: Disconnecting: Too many authentication failures for msfadmin [preauth]
Apr 21 22:00:49 metasploitable3-ub1404 sshd[2107]: PAM 5 more authentication failures; logname= uid=0 euid=0 tty=ssh ruser= rhost=192.168.56.7 
Apr 21 22:00:49 metasploitable3-ub1404 sshd[2107]: PAM service(sshd) ignoring max retries; 6 > 3
Apr 21 22:00:49 metasploitable3-ub1404 sshd[2125]: Invalid user msfadmin from 192.168.56.7
Apr 21 22:00:49 metasploitable3-ub1404 sshd[2125]: input_userauth_request: invalid user msfadmin [preauth]
Apr 21 22:00:49 metasploitable3-ub1404 sshd[2125]: pam_unix(sshd:auth): check pass; user unknown
Apr 21 22:00:49 metasploitable3-ub1404 sshd[2123]: pam_unix(sshd:auth): check pass; user unknown
Apr 21 22:00:49 metasploitable3-ub1404 sshd[2123]: pam_unix(sshd:auth): authentication failure; logname= uid=0 euid=0 tty=ssh ruser= rhost=192.168.56.7 
Apr 21 22:00:49 metasploitable3-ub1404 sshd[2125]: pam_unix(sshd:auth): authentication failure; logname= uid=0 euid=0 tty=ssh ruser= rhost=192.168.56.7 
Apr 21 22:00:49 metasploitable3-ub1404 sshd[2127]: Invalid user msfadmin from 192.168.56.7
Apr 21 22:00:49 metasploitable3-ub1404 sshd[2127]: input_userauth_request: invalid user msfadmin [preauth]
Apr 21 22:00:49 metasploitable3-ub1404 sshd[2127]: pam_unix(sshd:auth): check pass; user unknown
Apr 21 22:00:49 metasploitable3-ub1404 sshd[2127]: pam_unix(sshd:auth): authentication failure; logname= uid=0 euid=0 tty=ssh ruser= rhost=192.168.56.7 
Apr 21 22:00:49 metasploitable3-ub1404 sshd[2116]: Failed password for invalid user msfadmin from 192.168.56.7 port 59088 ssh2
Apr 21 22:00:49 metasploitable3-ub1404 sshd[2116]: error: maximum authentication attempts exceeded for invalid user msfadmin from 192.168.56.7 port 59088 ssh2 [preauth]
Apr 21 22:00:49 metasploitable3-ub1404 sshd[2116]: Disconnecting: Too many authentication failures for msfadmin [preauth]
Apr 21 22:00:49 metasploitable3-ub1404 sshd[2116]: PAM 5 more authentication failures; logname= uid=0 euid=0 tty=ssh ruser= rhost=192.168.56.7 
Apr 21 22:00:49 metasploitable3-ub1404 sshd[2116]: PAM service(sshd) ignoring max retries; 6 > 3
Apr 21 22:00:49 metasploitable3-ub1404 sshd[2105]: Failed password for invalid user msfadmin from 192.168.56.7 port 59038 ssh2
Apr 21 22:00:49 metasploitable3-ub1404 sshd[2105]: error: maximum authentication attempts exceeded for invalid user msfadmin from 192.168.56.7 port 59038 ssh2 [preauth]
Apr 21 22:00:49 metasploitable3-ub1404 sshd[2105]: Disconnecting: Too many authentication failures for msfadmin [preauth]
Apr 21 22:00:49 metasploitable3-ub1404 sshd[2105]: PAM 5 more authentication failures; logname= uid=0 euid=0 tty=ssh ruser= rhost=192.168.56.7 
Apr 21 22:00:49 metasploitable3-ub1404 sshd[2105]: PAM service(sshd) ignoring max retries; 6 > 3
Apr 21 22:00:49 metasploitable3-ub1404 sshd[2115]: Failed password for invalid user msfadmin from 192.168.56.7 port 59082 ssh2
Apr 21 22:00:49 metasploitable3-ub1404 sshd[2115]: error: maximum authentication attempts exceeded for invalid user msfadmin from 192.168.56.7 port 59082 ssh2 [preauth]
Apr 21 22:00:49 metasploitable3-ub1404 sshd[2115]: Disconnecting: Too many authentication failures for msfadmin [preauth]
Apr 21 22:00:49 metasploitable3-ub1404 sshd[2115]: PAM 5 more authentication failures; logname= uid=0 euid=0 tty=ssh ruser= rhost=192.168.56.7 
Apr 21 22:00:49 metasploitable3-ub1404 sshd[2115]: PAM service(sshd) ignoring max retries; 6 > 3
Apr 21 22:00:49 metasploitable3-ub1404 sshd[2113]: Failed password for invalid user msfadmin from 192.168.56.7 port 59066 ssh2
Apr 21 22:00:49 metasploitable3-ub1404 sshd[2113]: error: maximum authentication attempts exceeded for invalid user msfadmin from 192.168.56.7 port 59066 ssh2 [preauth]
Apr 21 22:00:49 metasploitable3-ub1404 sshd[2113]: Disconnecting: Too many authentication failures for msfadmin [preauth]
Apr 21 22:00:49 metasploitable3-ub1404 sshd[2113]: PAM 5 more authentication failures; logname= uid=0 euid=0 tty=ssh ruser= rhost=192.168.56.7 
Apr 21 22:00:49 metasploitable3-ub1404 sshd[2113]: PAM service(sshd) ignoring max retries; 6 > 3
Apr 21 22:00:49 metasploitable3-ub1404 sshd[2129]: Invalid user msfadmin from 192.168.56.7
Apr 21 22:00:49 metasploitable3-ub1404 sshd[2129]: input_userauth_request: invalid user msfadmin [preauth]
Apr 21 22:00:49 metasploitable3-ub1404 sshd[2129]: pam_unix(sshd:auth): check pass; user unknown
Apr 21 22:00:49 metasploitable3-ub1404 sshd[2106]: Failed password for invalid user msfadmin from 192.168.56.7 port 59042 ssh2
Apr 21 22:00:49 metasploitable3-ub1404 sshd[2106]: error: maximum authentication attempts exceeded for invalid user msfadmin from 192.168.56.7 port 59042 ssh2 [preauth]
Apr 21 22:00:49 metasploitable3-ub1404 sshd[2106]: Disconnecting: Too many authentication failures for msfadmin [preauth]
Apr 21 22:00:49 metasploitable3-ub1404 sshd[2106]: PAM 5 more authentication failures; logname= uid=0 euid=0 tty=ssh ruser= rhost=192.168.56.7 
Apr 21 22:00:49 metasploitable3-ub1404 sshd[2106]: PAM service(sshd) ignoring max retries; 6 > 3
Apr 21 22:00:49 metasploitable3-ub1404 sshd[2129]: pam_unix(sshd:auth): authentication failure; logname= uid=0 euid=0 tty=ssh ruser= rhost=192.168.56.7 
Apr 21 22:00:49 metasploitable3-ub1404 sshd[2114]: Failed password for invalid user msfadmin from 192.168.56.7 port 59074 ssh2
Apr 21 22:00:49 metasploitable3-ub1404 sshd[2114]: error: maximum authentication attempts exceeded for invalid user msfadmin from 192.168.56.7 port 59074 ssh2 [preauth]
Apr 21 22:00:49 metasploitable3-ub1404 sshd[2114]: Disconnecting: Too many authentication failures for msfadmin [preauth]
Apr 21 22:00:49 metasploitable3-ub1404 sshd[2114]: PAM 5 more authentication failures; logname= uid=0 euid=0 tty=ssh ruser= rhost=192.168.56.7 
Apr 21 22:00:49 metasploitable3-ub1404 sshd[2114]: PAM service(sshd) ignoring max retries; 6 > 3
Apr 21 22:00:49 metasploitable3-ub1404 sshd[2131]: Invalid user msfadmin from 192.168.56.7
Apr 21 22:00:49 metasploitable3-ub1404 sshd[2131]: input_userauth_request: invalid user msfadmin [preauth]
Apr 21 22:00:49 metasploitable3-ub1404 sshd[2121]: Failed password for invalid user msfadmin from 192.168.56.7 port 59114 ssh2
Apr 21 22:00:49 metasploitable3-ub1404 sshd[2121]: error: maximum authentication attempts exceeded for invalid user msfadmin from 192.168.56.7 port 59114 ssh2 [preauth]
Apr 21 22:00:49 metasploitable3-ub1404 sshd[2121]: Disconnecting: Too many authentication failures for msfadmin [preauth]
Apr 21 22:00:49 metasploitable3-ub1404 sshd[2121]: PAM 5 more authentication failures; logname= uid=0 euid=0 tty=ssh ruser= rhost=192.168.56.7 
Apr 21 22:00:49 metasploitable3-ub1404 sshd[2121]: PAM service(sshd) ignoring max retries; 6 > 3
Apr 21 22:00:49 metasploitable3-ub1404 sshd[2131]: pam_unix(sshd:auth): check pass; user unknown
Apr 21 22:00:49 metasploitable3-ub1404 sshd[2131]: pam_unix(sshd:auth): authentication failure; logname= uid=0 euid=0 tty=ssh ruser= rhost=192.168.56.7 
Apr 21 22:00:49 metasploitable3-ub1404 sshd[2132]: Invalid user msfadmin from 192.168.56.7
Apr 21 22:00:49 metasploitable3-ub1404 sshd[2132]: input_userauth_request: invalid user msfadmin [preauth]
Apr 21 22:00:49 metasploitable3-ub1404 sshd[2135]: Invalid user msfadmin from 192.168.56.7
Apr 21 22:00:49 metasploitable3-ub1404 sshd[2135]: input_userauth_request: invalid user msfadmin [preauth]
Apr 21 22:00:49 metasploitable3-ub1404 sshd[2132]: pam_unix(sshd:auth): check pass; user unknown
Apr 21 22:00:49 metasploitable3-ub1404 sshd[2132]: pam_unix(sshd:auth): authentication failure; logname= uid=0 euid=0 tty=ssh ruser= rhost=192.168.56.7 
Apr 21 22:00:49 metasploitable3-ub1404 sshd[2135]: pam_unix(sshd:auth): check pass; user unknown
Apr 21 22:00:49 metasploitable3-ub1404 sshd[2135]: pam_unix(sshd:auth): authentication failure; logname= uid=0 euid=0 tty=ssh ruser= rhost=192.168.56.7 
Apr 21 22:00:49 metasploitable3-ub1404 sshd[2137]: Invalid user msfadmin from 192.168.56.7
Apr 21 22:00:49 metasploitable3-ub1404 sshd[2137]: input_userauth_request: invalid user msfadmin [preauth]
Apr 21 22:00:49 metasploitable3-ub1404 sshd[2137]: pam_unix(sshd:auth): check pass; user unknown
Apr 21 22:00:49 metasploitable3-ub1404 sshd[2137]: pam_unix(sshd:auth): authentication failure; logname= uid=0 euid=0 tty=ssh ruser= rhost=192.168.56.7 
Apr 21 22:00:49 metasploitable3-ub1404 sshd[2141]: Invalid user msfadmin from 192.168.56.7
Apr 21 22:00:49 metasploitable3-ub1404 sshd[2141]: input_userauth_request: invalid user msfadmin [preauth]
Apr 21 22:00:49 metasploitable3-ub1404 sshd[2138]: Invalid user msfadmin from 192.168.56.7
Apr 21 22:00:49 metasploitable3-ub1404 sshd[2138]: input_userauth_request: invalid user msfadmin [preauth]
Apr 21 22:00:49 metasploitable3-ub1404 sshd[2141]: pam_unix(sshd:auth): check pass; user unknown
Apr 21 22:00:49 metasploitable3-ub1404 sshd[2141]: pam_unix(sshd:auth): authentication failure; logname= uid=0 euid=0 tty=ssh ruser= rhost=192.168.56.7 
Apr 21 22:00:49 metasploitable3-ub1404 sshd[2138]: pam_unix(sshd:auth): check pass; user unknown
Apr 21 22:00:49 metasploitable3-ub1404 sshd[2138]: pam_unix(sshd:auth): authentication failure; logname= uid=0 euid=0 tty=ssh ruser= rhost=192.168.56.7 
Apr 21 22:00:49 metasploitable3-ub1404 sshd[2142]: Invalid user msfadmin from 192.168.56.7
Apr 21 22:00:49 metasploitable3-ub1404 sshd[2142]: input_userauth_request: invalid user msfadmin [preauth]
Apr 21 22:00:49 metasploitable3-ub1404 sshd[2142]: pam_unix(sshd:auth): check pass; user unknown
Apr 21 22:00:49 metasploitable3-ub1404 sshd[2142]: pam_unix(sshd:auth): authentication failure; logname= uid=0 euid=0 tty=ssh ruser= rhost=192.168.56.7 
Apr 21 22:00:49 metasploitable3-ub1404 sshd[2140]: Invalid user msfadmin from 192.168.56.7
Apr 21 22:00:49 metasploitable3-ub1404 sshd[2140]: input_userauth_request: invalid user msfadmin [preauth]
Apr 21 22:00:49 metasploitable3-ub1404 sshd[2140]: pam_unix(sshd:auth): check pass; user unknown
Apr 21 22:00:49 metasploitable3-ub1404 sshd[2140]: pam_unix(sshd:auth): authentication failure; logname= uid=0 euid=0 tty=ssh ruser= rhost=192.168.56.7 
Apr 21 22:00:49 metasploitable3-ub1404 sshd[2147]: Invalid user msfadmin from 192.168.56.7
Apr 21 22:00:49 metasploitable3-ub1404 sshd[2147]: input_userauth_request: invalid user msfadmin [preauth]
Apr 21 22:00:49 metasploitable3-ub1404 sshd[2147]: pam_unix(sshd:auth): check pass; user unknown
Apr 21 22:00:49 metasploitable3-ub1404 sshd[2147]: pam_unix(sshd:auth): authentication failure; logname= uid=0 euid=0 tty=ssh ruser= rhost=192.168.56.7 
Apr 21 22:00:50 metasploitable3-ub1404 sshd[2123]: Failed password for invalid user msfadmin from 192.168.56.7 port 58852 ssh2
Apr 21 22:00:50 metasploitable3-ub1404 sshd[2125]: Failed password for invalid user msfadmin from 192.168.56.7 port 58868 ssh2
Apr 21 22:00:50 metasploitable3-ub1404 sshd[2123]: pam_unix(sshd:auth): check pass; user unknown
Apr 21 22:00:50 metasploitable3-ub1404 sshd[2125]: pam_unix(sshd:auth): check pass; user unknown
Apr 21 22:00:50 metasploitable3-ub1404 sshd[2127]: Failed password for invalid user msfadmin from 192.168.56.7 port 58878 ssh2
Apr 21 22:00:50 metasploitable3-ub1404 sshd[2127]: pam_unix(sshd:auth): check pass; user unknown
Apr 21 22:00:50 metasploitable3-ub1404 sshd[2129]: Failed password for invalid user msfadmin from 192.168.56.7 port 58880 ssh2
Apr 21 22:00:50 metasploitable3-ub1404 sshd[2129]: pam_unix(sshd:auth): check pass; user unknown
Apr 21 22:00:50 metasploitable3-ub1404 sshd[2131]: Failed password for invalid user msfadmin from 192.168.56.7 port 58882 ssh2
Apr 21 22:00:50 metasploitable3-ub1404 sshd[2131]: pam_unix(sshd:auth): check pass; user unknown
Apr 21 22:00:51 metasploitable3-ub1404 sshd[2132]: Failed password for invalid user msfadmin from 192.168.56.7 port 58894 ssh2
Apr 21 22:00:51 metasploitable3-ub1404 sshd[2135]: Failed password for invalid user msfadmin from 192.168.56.7 port 58908 ssh2
Apr 21 22:00:51 metasploitable3-ub1404 sshd[2132]: pam_unix(sshd:auth): check pass; user unknown
Apr 21 22:00:51 metasploitable3-ub1404 sshd[2135]: pam_unix(sshd:auth): check pass; user unknown
Apr 21 22:00:51 metasploitable3-ub1404 sshd[2137]: Failed password for invalid user msfadmin from 192.168.56.7 port 58934 ssh2
Apr 21 22:00:51 metasploitable3-ub1404 sshd[2137]: pam_unix(sshd:auth): check pass; user unknown
Apr 21 22:00:51 metasploitable3-ub1404 sshd[2141]: Failed password for invalid user msfadmin from 192.168.56.7 port 58960 ssh2
Apr 21 22:00:51 metasploitable3-ub1404 sshd[2138]: Failed password for invalid user msfadmin from 192.168.56.7 port 58946 ssh2
Apr 21 22:00:51 metasploitable3-ub1404 sshd[2141]: pam_unix(sshd:auth): check pass; user unknown
Apr 21 22:00:51 metasploitable3-ub1404 sshd[2138]: pam_unix(sshd:auth): check pass; user unknown
Apr 21 22:00:51 metasploitable3-ub1404 sshd[2142]: Failed password for invalid user msfadmin from 192.168.56.7 port 58986 ssh2
Apr 21 22:00:51 metasploitable3-ub1404 sshd[2140]: Failed password for invalid user msfadmin from 192.168.56.7 port 58948 ssh2
Apr 21 22:00:51 metasploitable3-ub1404 sshd[2142]: pam_unix(sshd:auth): check pass; user unknown
Apr 21 22:00:51 metasploitable3-ub1404 sshd[2140]: pam_unix(sshd:auth): check pass; user unknown
Apr 21 22:00:51 metasploitable3-ub1404 sshd[2147]: Failed password for invalid user msfadmin from 192.168.56.7 port 58994 ssh2
Apr 21 22:00:51 metasploitable3-ub1404 sshd[2147]: pam_unix(sshd:auth): check pass; user unknown
Apr 21 22:00:52 metasploitable3-ub1404 sshd[2132]: Failed password for invalid user msfadmin from 192.168.56.7 port 58894 ssh2
Apr 21 22:00:52 metasploitable3-ub1404 sshd[2132]: pam_unix(sshd:auth): check pass; user unknown
Apr 21 22:00:52 metasploitable3-ub1404 sshd[2135]: Failed password for invalid user msfadmin from 192.168.56.7 port 58908 ssh2
Apr 21 22:00:52 metasploitable3-ub1404 sshd[2135]: pam_unix(sshd:auth): check pass; user unknown
Apr 21 22:00:52 metasploitable3-ub1404 sshd[2137]: Failed password for invalid user msfadmin from 192.168.56.7 port 58934 ssh2
Apr 21 22:00:52 metasploitable3-ub1404 sshd[2137]: pam_unix(sshd:auth): check pass; user unknown
Apr 21 22:00:53 metasploitable3-ub1404 sshd[2138]: Failed password for invalid user msfadmin from 192.168.56.7 port 58946 ssh2
Apr 21 22:00:53 metasploitable3-ub1404 sshd[2141]: Failed password for invalid user msfadmin from 192.168.56.7 port 58960 ssh2
Apr 21 22:00:53 metasploitable3-ub1404 sshd[2138]: pam_unix(sshd:auth): check pass; user unknown
Apr 21 22:00:53 metasploitable3-ub1404 sshd[2142]: Failed password for invalid user msfadmin from 192.168.56.7 port 58986 ssh2
Apr 21 22:00:53 metasploitable3-ub1404 sshd[2141]: pam_unix(sshd:auth): check pass; user unknown
Apr 21 22:00:53 metasploitable3-ub1404 sshd[2140]: Failed password for invalid user msfadmin from 192.168.56.7 port 58948 ssh2
Apr 21 22:00:53 metasploitable3-ub1404 sshd[2123]: Failed password for invalid user msfadmin from 192.168.56.7 port 58852 ssh2
Apr 21 22:00:53 metasploitable3-ub1404 sshd[2142]: pam_unix(sshd:auth): check pass; user unknown
Apr 21 22:00:53 metasploitable3-ub1404 sshd[2140]: pam_unix(sshd:auth): check pass; user unknown
Apr 21 22:00:53 metasploitable3-ub1404 sshd[2125]: Failed password for invalid user msfadmin from 192.168.56.7 port 58868 ssh2
Apr 21 22:00:53 metasploitable3-ub1404 sshd[2123]: pam_unix(sshd:auth): check pass; user unknown
Apr 21 22:00:53 metasploitable3-ub1404 sshd[2125]: pam_unix(sshd:auth): check pass; user unknown
Apr 21 22:00:53 metasploitable3-ub1404 sshd[2127]: Failed password for invalid user msfadmin from 192.168.56.7 port 58878 ssh2
Apr 21 22:00:53 metasploitable3-ub1404 sshd[2127]: pam_unix(sshd:auth): check pass; user unknown
Apr 21 22:00:53 metasploitable3-ub1404 sshd[2129]: Failed password for invalid user msfadmin from 192.168.56.7 port 58880 ssh2
Apr 21 22:00:53 metasploitable3-ub1404 sshd[2129]: pam_unix(sshd:auth): check pass; user unknown
Apr 21 22:00:53 metasploitable3-ub1404 sshd[2131]: Failed password for invalid user msfadmin from 192.168.56.7 port 58882 ssh2
Apr 21 22:00:53 metasploitable3-ub1404 sshd[2131]: pam_unix(sshd:auth): check pass; user unknown
Apr 21 22:00:53 metasploitable3-ub1404 sshd[2147]: Failed password for invalid user msfadmin from 192.168.56.7 port 58994 ssh2
Apr 21 22:00:53 metasploitable3-ub1404 sshd[2147]: pam_unix(sshd:auth): check pass; user unknown
Apr 21 22:00:54 metasploitable3-ub1404 sshd[2138]: Failed password for invalid user msfadmin from 192.168.56.7 port 58946 ssh2
Apr 21 22:00:54 metasploitable3-ub1404 sshd[2138]: pam_unix(sshd:auth): check pass; user unknown
Apr 21 22:00:54 metasploitable3-ub1404 sshd[2141]: Failed password for invalid user msfadmin from 192.168.56.7 port 58960 ssh2
Apr 21 22:00:54 metasploitable3-ub1404 sshd[2141]: pam_unix(sshd:auth): check pass; user unknown
Apr 21 22:00:54 metasploitable3-ub1404 sshd[2142]: Failed password for invalid user msfadmin from 192.168.56.7 port 58986 ssh2
Apr 21 22:00:54 metasploitable3-ub1404 sshd[2140]: Failed password for invalid user msfadmin from 192.168.56.7 port 58948 ssh2
Apr 21 22:00:54 metasploitable3-ub1404 sshd[2140]: pam_unix(sshd:auth): check pass; user unknown
Apr 21 22:00:54 metasploitable3-ub1404 sshd[2123]: Failed password for invalid user msfadmin from 192.168.56.7 port 58852 ssh2
Apr 21 22:00:54 metasploitable3-ub1404 sshd[2142]: pam_unix(sshd:auth): check pass; user unknown
Apr 21 22:00:54 metasploitable3-ub1404 sshd[2123]: pam_unix(sshd:auth): check pass; user unknown
Apr 21 22:00:54 metasploitable3-ub1404 sshd[2125]: Failed password for invalid user msfadmin from 192.168.56.7 port 58868 ssh2
Apr 21 22:00:54 metasploitable3-ub1404 sshd[2125]: pam_unix(sshd:auth): check pass; user unknown
Apr 21 22:00:54 metasploitable3-ub1404 sshd[2127]: Failed password for invalid user msfadmin from 192.168.56.7 port 58878 ssh2
Apr 21 22:00:54 metasploitable3-ub1404 sshd[2127]: pam_unix(sshd:auth): check pass; user unknown
Apr 21 22:00:54 metasploitable3-ub1404 sshd[2129]: Failed password for invalid user msfadmin from 192.168.56.7 port 58880 ssh2
Apr 21 22:00:54 metasploitable3-ub1404 sshd[2129]: pam_unix(sshd:auth): check pass; user unknown
Apr 21 22:00:54 metasploitable3-ub1404 sshd[2131]: Failed password for invalid user msfadmin from 192.168.56.7 port 58882 ssh2
Apr 21 22:00:54 metasploitable3-ub1404 sshd[2131]: pam_unix(sshd:auth): check pass; user unknown
Apr 21 22:00:55 metasploitable3-ub1404 sshd[2147]: Failed password for invalid user msfadmin from 192.168.56.7 port 58994 ssh2
Apr 21 22:00:55 metasploitable3-ub1404 sshd[2147]: pam_unix(sshd:auth): check pass; user unknown
Apr 21 22:00:55 metasploitable3-ub1404 sshd[2132]: Failed password for invalid user msfadmin from 192.168.56.7 port 58894 ssh2
Apr 21 22:00:55 metasploitable3-ub1404 sshd[2135]: Failed password for invalid user msfadmin from 192.168.56.7 port 58908 ssh2
Apr 21 22:00:55 metasploitable3-ub1404 sshd[2135]: pam_unix(sshd:auth): check pass; user unknown
Apr 21 22:00:55 metasploitable3-ub1404 sshd[2137]: Failed password for invalid user msfadmin from 192.168.56.7 port 58934 ssh2
Apr 21 22:00:55 metasploitable3-ub1404 sshd[2132]: pam_unix(sshd:auth): check pass; user unknown
Apr 21 22:00:55 metasploitable3-ub1404 sshd[2137]: pam_unix(sshd:auth): check pass; user unknown
Apr 21 22:00:56 metasploitable3-ub1404 sshd[2147]: Failed password for invalid user msfadmin from 192.168.56.7 port 58994 ssh2
Apr 21 22:00:56 metasploitable3-ub1404 sshd[2138]: Failed password for invalid user msfadmin from 192.168.56.7 port 58946 ssh2
Apr 21 22:00:56 metasploitable3-ub1404 sshd[2147]: pam_unix(sshd:auth): check pass; user unknown
Apr 21 22:00:56 metasploitable3-ub1404 sshd[2138]: pam_unix(sshd:auth): check pass; user unknown
Apr 21 22:00:56 metasploitable3-ub1404 sshd[2141]: Failed password for invalid user msfadmin from 192.168.56.7 port 58960 ssh2
Apr 21 22:00:56 metasploitable3-ub1404 sshd[2141]: pam_unix(sshd:auth): check pass; user unknown
Apr 21 22:00:56 metasploitable3-ub1404 sshd[2140]: Failed password for invalid user msfadmin from 192.168.56.7 port 58948 ssh2
Apr 21 22:00:56 metasploitable3-ub1404 sshd[2140]: pam_unix(sshd:auth): check pass; user unknown
Apr 21 22:00:56 metasploitable3-ub1404 sshd[2142]: Failed password for invalid user msfadmin from 192.168.56.7 port 58986 ssh2
Apr 21 22:00:56 metasploitable3-ub1404 sshd[2123]: Failed password for invalid user msfadmin from 192.168.56.7 port 58852 ssh2
Apr 21 22:00:56 metasploitable3-ub1404 sshd[2142]: pam_unix(sshd:auth): check pass; user unknown
Apr 21 22:00:56 metasploitable3-ub1404 sshd[2125]: Failed password for invalid user msfadmin from 192.168.56.7 port 58868 ssh2
Apr 21 22:00:56 metasploitable3-ub1404 sshd[2123]: pam_unix(sshd:auth): check pass; user unknown
Apr 21 22:00:56 metasploitable3-ub1404 sshd[2125]: pam_unix(sshd:auth): check pass; user unknown
Apr 21 22:00:56 metasploitable3-ub1404 sshd[2127]: Failed password for invalid user msfadmin from 192.168.56.7 port 58878 ssh2
Apr 21 22:00:56 metasploitable3-ub1404 sshd[2129]: Failed password for invalid user msfadmin from 192.168.56.7 port 58880 ssh2
Apr 21 22:00:56 metasploitable3-ub1404 sshd[2127]: pam_unix(sshd:auth): check pass; user unknown
Apr 21 22:00:56 metasploitable3-ub1404 sshd[2131]: Failed password for invalid user msfadmin from 192.168.56.7 port 58882 ssh2
Apr 21 22:00:56 metasploitable3-ub1404 sshd[2129]: pam_unix(sshd:auth): check pass; user unknown
Apr 21 22:00:56 metasploitable3-ub1404 sshd[2131]: pam_unix(sshd:auth): check pass; user unknown
Apr 21 22:00:56 metasploitable3-ub1404 sshd[2135]: Failed password for invalid user msfadmin from 192.168.56.7 port 58908 ssh2
Apr 21 22:00:56 metasploitable3-ub1404 sshd[2132]: Failed password for invalid user msfadmin from 192.168.56.7 port 58894 ssh2
Apr 21 22:00:56 metasploitable3-ub1404 sshd[2135]: pam_unix(sshd:auth): check pass; user unknown
Apr 21 22:00:56 metasploitable3-ub1404 sshd[2132]: pam_unix(sshd:auth): check pass; user unknown
Apr 21 22:00:56 metasploitable3-ub1404 sshd[2137]: Failed password for invalid user msfadmin from 192.168.56.7 port 58934 ssh2
Apr 21 22:00:56 metasploitable3-ub1404 sshd[2137]: pam_unix(sshd:auth): check pass; user unknown
Apr 21 22:00:58 metasploitable3-ub1404 sshd[2147]: Failed password for invalid user msfadmin from 192.168.56.7 port 58994 ssh2
Apr 21 22:00:58 metasploitable3-ub1404 sshd[2147]: pam_unix(sshd:auth): check pass; user unknown
Apr 21 22:00:58 metasploitable3-ub1404 sshd[2138]: Failed password for invalid user msfadmin from 192.168.56.7 port 58946 ssh2
Apr 21 22:00:58 metasploitable3-ub1404 sshd[2141]: Failed password for invalid user msfadmin from 192.168.56.7 port 58960 ssh2
Apr 21 22:00:58 metasploitable3-ub1404 sshd[2141]: pam_unix(sshd:auth): check pass; user unknown
Apr 21 22:00:58 metasploitable3-ub1404 sshd[2138]: pam_unix(sshd:auth): check pass; user unknown
Apr 21 22:00:58 metasploitable3-ub1404 sshd[2140]: Failed password for invalid user msfadmin from 192.168.56.7 port 58948 ssh2
Apr 21 22:00:58 metasploitable3-ub1404 sshd[2142]: Failed password for invalid user msfadmin from 192.168.56.7 port 58986 ssh2
Apr 21 22:00:58 metasploitable3-ub1404 sshd[2140]: pam_unix(sshd:auth): check pass; user unknown
Apr 21 22:00:58 metasploitable3-ub1404 sshd[2123]: Failed password for invalid user msfadmin from 192.168.56.7 port 58852 ssh2
Apr 21 22:00:58 metasploitable3-ub1404 sshd[2123]: pam_unix(sshd:auth): check pass; user unknown
Apr 21 22:00:58 metasploitable3-ub1404 sshd[2142]: pam_unix(sshd:auth): check pass; user unknown
Apr 21 22:00:58 metasploitable3-ub1404 sshd[2125]: Failed password for invalid user msfadmin from 192.168.56.7 port 58868 ssh2
Apr 21 22:00:58 metasploitable3-ub1404 sshd[2125]: pam_unix(sshd:auth): check pass; user unknown
Apr 21 22:00:58 metasploitable3-ub1404 sshd[2127]: Failed password for invalid user msfadmin from 192.168.56.7 port 58878 ssh2
Apr 21 22:00:58 metasploitable3-ub1404 sshd[2127]: pam_unix(sshd:auth): check pass; user unknown
Apr 21 22:00:58 metasploitable3-ub1404 sshd[2129]: Failed password for invalid user msfadmin from 192.168.56.7 port 58880 ssh2
Apr 21 22:00:58 metasploitable3-ub1404 sshd[2129]: pam_unix(sshd:auth): check pass; user unknown
Apr 21 22:00:58 metasploitable3-ub1404 sshd[2131]: Failed password for invalid user msfadmin from 192.168.56.7 port 58882 ssh2
Apr 21 22:00:58 metasploitable3-ub1404 sshd[2131]: pam_unix(sshd:auth): check pass; user unknown
Apr 21 22:00:58 metasploitable3-ub1404 sshd[2135]: Failed password for invalid user msfadmin from 192.168.56.7 port 58908 ssh2
Apr 21 22:00:58 metasploitable3-ub1404 sshd[2135]: pam_unix(sshd:auth): check pass; user unknown
Apr 21 22:00:58 metasploitable3-ub1404 sshd[2137]: Failed password for invalid user msfadmin from 192.168.56.7 port 58934 ssh2
Apr 21 22:00:58 metasploitable3-ub1404 sshd[2132]: Failed password for invalid user msfadmin from 192.168.56.7 port 58894 ssh2
Apr 21 22:00:58 metasploitable3-ub1404 sshd[2137]: pam_unix(sshd:auth): check pass; user unknown
Apr 21 22:00:58 metasploitable3-ub1404 sshd[2132]: pam_unix(sshd:auth): check pass; user unknown
Apr 21 22:01:00 metasploitable3-ub1404 sshd[2147]: Failed password for invalid user msfadmin from 192.168.56.7 port 58994 ssh2
Apr 21 22:01:00 metasploitable3-ub1404 sshd[2147]: error: maximum authentication attempts exceeded for invalid user msfadmin from 192.168.56.7 port 58994 ssh2 [preauth]
Apr 21 22:01:00 metasploitable3-ub1404 sshd[2147]: Disconnecting: Too many authentication failures for msfadmin [preauth]
Apr 21 22:01:00 metasploitable3-ub1404 sshd[2147]: PAM 5 more authentication failures; logname= uid=0 euid=0 tty=ssh ruser= rhost=192.168.56.7 
Apr 21 22:01:00 metasploitable3-ub1404 sshd[2147]: PAM service(sshd) ignoring max retries; 6 > 3
Apr 21 22:01:00 metasploitable3-ub1404 sshd[2141]: Failed password for invalid user msfadmin from 192.168.56.7 port 58960 ssh2
Apr 21 22:01:00 metasploitable3-ub1404 sshd[2141]: error: maximum authentication attempts exceeded for invalid user msfadmin from 192.168.56.7 port 58960 ssh2 [preauth]
Apr 21 22:01:00 metasploitable3-ub1404 sshd[2141]: Disconnecting: Too many authentication failures for msfadmin [preauth]
Apr 21 22:01:00 metasploitable3-ub1404 sshd[2141]: PAM 5 more authentication failures; logname= uid=0 euid=0 tty=ssh ruser= rhost=192.168.56.7 
Apr 21 22:01:00 metasploitable3-ub1404 sshd[2141]: PAM service(sshd) ignoring max retries; 6 > 3
Apr 21 22:01:00 metasploitable3-ub1404 sshd[2138]: Failed password for invalid user msfadmin from 192.168.56.7 port 58946 ssh2
Apr 21 22:01:00 metasploitable3-ub1404 sshd[2138]: error: maximum authentication attempts exceeded for invalid user msfadmin from 192.168.56.7 port 58946 ssh2 [preauth]
Apr 21 22:01:00 metasploitable3-ub1404 sshd[2138]: Disconnecting: Too many authentication failures for msfadmin [preauth]
Apr 21 22:01:00 metasploitable3-ub1404 sshd[2138]: PAM 5 more authentication failures; logname= uid=0 euid=0 tty=ssh ruser= rhost=192.168.56.7 
Apr 21 22:01:00 metasploitable3-ub1404 sshd[2138]: PAM service(sshd) ignoring max retries; 6 > 3
Apr 21 22:01:00 metasploitable3-ub1404 sshd[2140]: Failed password for invalid user msfadmin from 192.168.56.7 port 58948 ssh2
Apr 21 22:01:00 metasploitable3-ub1404 sshd[2140]: error: maximum authentication attempts exceeded for invalid user msfadmin from 192.168.56.7 port 58948 ssh2 [preauth]
Apr 21 22:01:00 metasploitable3-ub1404 sshd[2140]: Disconnecting: Too many authentication failures for msfadmin [preauth]
Apr 21 22:01:00 metasploitable3-ub1404 sshd[2140]: PAM 5 more authentication failures; logname= uid=0 euid=0 tty=ssh ruser= rhost=192.168.56.7 
Apr 21 22:01:00 metasploitable3-ub1404 sshd[2140]: PAM service(sshd) ignoring max retries; 6 > 3
Apr 21 22:01:00 metasploitable3-ub1404 sshd[2123]: Failed password for invalid user msfadmin from 192.168.56.7 port 58852 ssh2
Apr 21 22:01:00 metasploitable3-ub1404 sshd[2123]: error: maximum authentication attempts exceeded for invalid user msfadmin from 192.168.56.7 port 58852 ssh2 [preauth]
Apr 21 22:01:00 metasploitable3-ub1404 sshd[2123]: Disconnecting: Too many authentication failures for msfadmin [preauth]
Apr 21 22:01:00 metasploitable3-ub1404 sshd[2123]: PAM 5 more authentication failures; logname= uid=0 euid=0 tty=ssh ruser= rhost=192.168.56.7 
Apr 21 22:01:00 metasploitable3-ub1404 sshd[2123]: PAM service(sshd) ignoring max retries; 6 > 3
Apr 21 22:01:00 metasploitable3-ub1404 sshd[2142]: Failed password for invalid user msfadmin from 192.168.56.7 port 58986 ssh2
Apr 21 22:01:00 metasploitable3-ub1404 sshd[2149]: Invalid user msfadmin from 192.168.56.7
Apr 21 22:01:00 metasploitable3-ub1404 sshd[2149]: input_userauth_request: invalid user msfadmin [preauth]
Apr 21 22:01:00 metasploitable3-ub1404 sshd[2149]: pam_unix(sshd:auth): check pass; user unknown
Apr 21 22:01:00 metasploitable3-ub1404 sshd[2142]: error: maximum authentication attempts exceeded for invalid user msfadmin from 192.168.56.7 port 58986 ssh2 [preauth]
Apr 21 22:01:00 metasploitable3-ub1404 sshd[2142]: Disconnecting: Too many authentication failures for msfadmin [preauth]
Apr 21 22:01:00 metasploitable3-ub1404 sshd[2142]: PAM 5 more authentication failures; logname= uid=0 euid=0 tty=ssh ruser= rhost=192.168.56.7 
Apr 21 22:01:00 metasploitable3-ub1404 sshd[2142]: PAM service(sshd) ignoring max retries; 6 > 3
Apr 21 22:01:00 metasploitable3-ub1404 sshd[2125]: Failed password for invalid user msfadmin from 192.168.56.7 port 58868 ssh2
Apr 21 22:01:00 metasploitable3-ub1404 sshd[2125]: error: maximum authentication attempts exceeded for invalid user msfadmin from 192.168.56.7 port 58868 ssh2 [preauth]
Apr 21 22:01:00 metasploitable3-ub1404 sshd[2125]: Disconnecting: Too many authentication failures for msfadmin [preauth]
Apr 21 22:01:00 metasploitable3-ub1404 sshd[2125]: PAM 5 more authentication failures; logname= uid=0 euid=0 tty=ssh ruser= rhost=192.168.56.7 
Apr 21 22:01:00 metasploitable3-ub1404 sshd[2125]: PAM service(sshd) ignoring max retries; 6 > 3
Apr 21 22:01:00 metasploitable3-ub1404 sshd[2149]: pam_unix(sshd:auth): authentication failure; logname= uid=0 euid=0 tty=ssh ruser= rhost=192.168.56.7 
Apr 21 22:01:00 metasploitable3-ub1404 sshd[2151]: Invalid user msfadmin from 192.168.56.7
Apr 21 22:01:00 metasploitable3-ub1404 sshd[2151]: input_userauth_request: invalid user msfadmin [preauth]
Apr 21 22:01:00 metasploitable3-ub1404 sshd[2127]: Failed password for invalid user msfadmin from 192.168.56.7 port 58878 ssh2
Apr 21 22:01:00 metasploitable3-ub1404 sshd[2127]: error: maximum authentication attempts exceeded for invalid user msfadmin from 192.168.56.7 port 58878 ssh2 [preauth]
Apr 21 22:01:00 metasploitable3-ub1404 sshd[2127]: Disconnecting: Too many authentication failures for msfadmin [preauth]
Apr 21 22:01:00 metasploitable3-ub1404 sshd[2127]: PAM 5 more authentication failures; logname= uid=0 euid=0 tty=ssh ruser= rhost=192.168.56.7 
Apr 21 22:01:00 metasploitable3-ub1404 sshd[2127]: PAM service(sshd) ignoring max retries; 6 > 3
Apr 21 22:01:00 metasploitable3-ub1404 sshd[2151]: pam_unix(sshd:auth): check pass; user unknown
Apr 21 22:01:00 metasploitable3-ub1404 sshd[2151]: pam_unix(sshd:auth): authentication failure; logname= uid=0 euid=0 tty=ssh ruser= rhost=192.168.56.7 
Apr 21 22:01:00 metasploitable3-ub1404 sshd[2129]: Failed password for invalid user msfadmin from 192.168.56.7 port 58880 ssh2
Apr 21 22:01:00 metasploitable3-ub1404 sshd[2129]: error: maximum authentication attempts exceeded for invalid user msfadmin from 192.168.56.7 port 58880 ssh2 [preauth]
Apr 21 22:01:00 metasploitable3-ub1404 sshd[2129]: Disconnecting: Too many authentication failures for msfadmin [preauth]
Apr 21 22:01:00 metasploitable3-ub1404 sshd[2129]: PAM 5 more authentication failures; logname= uid=0 euid=0 tty=ssh ruser= rhost=192.168.56.7 
Apr 21 22:01:00 metasploitable3-ub1404 sshd[2129]: PAM service(sshd) ignoring max retries; 6 > 3
Apr 21 22:01:00 metasploitable3-ub1404 sshd[2131]: Failed password for invalid user msfadmin from 192.168.56.7 port 58882 ssh2
Apr 21 22:01:00 metasploitable3-ub1404 sshd[2131]: error: maximum authentication attempts exceeded for invalid user msfadmin from 192.168.56.7 port 58882 ssh2 [preauth]
Apr 21 22:01:00 metasploitable3-ub1404 sshd[2131]: Disconnecting: Too many authentication failures for msfadmin [preauth]
Apr 21 22:01:00 metasploitable3-ub1404 sshd[2131]: PAM 5 more authentication failures; logname= uid=0 euid=0 tty=ssh ruser= rhost=192.168.56.7 
Apr 21 22:01:00 metasploitable3-ub1404 sshd[2131]: PAM service(sshd) ignoring max retries; 6 > 3
Apr 21 22:01:00 metasploitable3-ub1404 sshd[2153]: Invalid user msfadmin from 192.168.56.7
Apr 21 22:01:00 metasploitable3-ub1404 sshd[2158]: Invalid user msfadmin from 192.168.56.7
Apr 21 22:01:00 metasploitable3-ub1404 sshd[2158]: input_userauth_request: invalid user msfadmin [preauth]
Apr 21 22:01:00 metasploitable3-ub1404 sshd[2153]: input_userauth_request: invalid user msfadmin [preauth]
Apr 21 22:01:00 metasploitable3-ub1404 sshd[2153]: pam_unix(sshd:auth): check pass; user unknown
Apr 21 22:01:00 metasploitable3-ub1404 sshd[2153]: pam_unix(sshd:auth): authentication failure; logname= uid=0 euid=0 tty=ssh ruser= rhost=192.168.56.7 
Apr 21 22:01:00 metasploitable3-ub1404 sshd[2156]: Invalid user msfadmin from 192.168.56.7
Apr 21 22:01:00 metasploitable3-ub1404 sshd[2156]: input_userauth_request: invalid user msfadmin [preauth]
Apr 21 22:01:00 metasploitable3-ub1404 sshd[2158]: pam_unix(sshd:auth): check pass; user unknown
Apr 21 22:01:00 metasploitable3-ub1404 sshd[2158]: pam_unix(sshd:auth): authentication failure; logname= uid=0 euid=0 tty=ssh ruser= rhost=192.168.56.7 
Apr 21 22:01:00 metasploitable3-ub1404 sshd[2159]: Invalid user msfadmin from 192.168.56.7
Apr 21 22:01:00 metasploitable3-ub1404 sshd[2159]: input_userauth_request: invalid user msfadmin [preauth]
Apr 21 22:01:00 metasploitable3-ub1404 sshd[2155]: Invalid user msfadmin from 192.168.56.7
Apr 21 22:01:00 metasploitable3-ub1404 sshd[2155]: input_userauth_request: invalid user msfadmin [preauth]
Apr 21 22:01:00 metasploitable3-ub1404 sshd[2156]: pam_unix(sshd:auth): check pass; user unknown
Apr 21 22:01:00 metasploitable3-ub1404 sshd[2156]: pam_unix(sshd:auth): authentication failure; logname= uid=0 euid=0 tty=ssh ruser= rhost=192.168.56.7 
Apr 21 22:01:00 metasploitable3-ub1404 sshd[2155]: pam_unix(sshd:auth): check pass; user unknown
Apr 21 22:01:00 metasploitable3-ub1404 sshd[2155]: pam_unix(sshd:auth): authentication failure; logname= uid=0 euid=0 tty=ssh ruser= rhost=192.168.56.7 
Apr 21 22:01:00 metasploitable3-ub1404 sshd[2159]: pam_unix(sshd:auth): check pass; user unknown
Apr 21 22:01:00 metasploitable3-ub1404 sshd[2159]: pam_unix(sshd:auth): authentication failure; logname= uid=0 euid=0 tty=ssh ruser= rhost=192.168.56.7 
Apr 21 22:01:00 metasploitable3-ub1404 sshd[2163]: Invalid user msfadmin from 192.168.56.7
Apr 21 22:01:00 metasploitable3-ub1404 sshd[2163]: input_userauth_request: invalid user msfadmin [preauth]
Apr 21 22:01:00 metasploitable3-ub1404 sshd[2163]: pam_unix(sshd:auth): check pass; user unknown
Apr 21 22:01:00 metasploitable3-ub1404 sshd[2163]: pam_unix(sshd:auth): authentication failure; logname= uid=0 euid=0 tty=ssh ruser= rhost=192.168.56.7 
Apr 21 22:01:00 metasploitable3-ub1404 sshd[2164]: Invalid user msfadmin from 192.168.56.7
Apr 21 22:01:00 metasploitable3-ub1404 sshd[2166]: Invalid user msfadmin from 192.168.56.7
Apr 21 22:01:00 metasploitable3-ub1404 sshd[2164]: input_userauth_request: invalid user msfadmin [preauth]
Apr 21 22:01:00 metasploitable3-ub1404 sshd[2166]: input_userauth_request: invalid user msfadmin [preauth]
Apr 21 22:01:00 metasploitable3-ub1404 sshd[2164]: pam_unix(sshd:auth): check pass; user unknown
Apr 21 22:01:00 metasploitable3-ub1404 sshd[2164]: pam_unix(sshd:auth): authentication failure; logname= uid=0 euid=0 tty=ssh ruser= rhost=192.168.56.7 
Apr 21 22:01:00 metasploitable3-ub1404 sshd[2166]: pam_unix(sshd:auth): check pass; user unknown
Apr 21 22:01:00 metasploitable3-ub1404 sshd[2166]: pam_unix(sshd:auth): authentication failure; logname= uid=0 euid=0 tty=ssh ruser= rhost=192.168.56.7 
Apr 21 22:01:00 metasploitable3-ub1404 sshd[2135]: Failed password for invalid user msfadmin from 192.168.56.7 port 58908 ssh2
Apr 21 22:01:00 metasploitable3-ub1404 sshd[2135]: error: maximum authentication attempts exceeded for invalid user msfadmin from 192.168.56.7 port 58908 ssh2 [preauth]
Apr 21 22:01:00 metasploitable3-ub1404 sshd[2135]: Disconnecting: Too many authentication failures for msfadmin [preauth]
Apr 21 22:01:00 metasploitable3-ub1404 sshd[2135]: PAM 5 more authentication failures; logname= uid=0 euid=0 tty=ssh ruser= rhost=192.168.56.7 
Apr 21 22:01:00 metasploitable3-ub1404 sshd[2135]: PAM service(sshd) ignoring max retries; 6 > 3
Apr 21 22:01:00 metasploitable3-ub1404 sshd[2137]: Failed password for invalid user msfadmin from 192.168.56.7 port 58934 ssh2
Apr 21 22:01:00 metasploitable3-ub1404 sshd[2137]: error: maximum authentication attempts exceeded for invalid user msfadmin from 192.168.56.7 port 58934 ssh2 [preauth]
Apr 21 22:01:00 metasploitable3-ub1404 sshd[2137]: Disconnecting: Too many authentication failures for msfadmin [preauth]
Apr 21 22:01:00 metasploitable3-ub1404 sshd[2137]: PAM 5 more authentication failures; logname= uid=0 euid=0 tty=ssh ruser= rhost=192.168.56.7 
Apr 21 22:01:00 metasploitable3-ub1404 sshd[2137]: PAM service(sshd) ignoring max retries; 6 > 3
Apr 21 22:01:00 metasploitable3-ub1404 sshd[2132]: Failed password for invalid user msfadmin from 192.168.56.7 port 58894 ssh2
Apr 21 22:01:00 metasploitable3-ub1404 sshd[2132]: error: maximum authentication attempts exceeded for invalid user msfadmin from 192.168.56.7 port 58894 ssh2 [preauth]
Apr 21 22:01:00 metasploitable3-ub1404 sshd[2132]: Disconnecting: Too many authentication failures for msfadmin [preauth]
Apr 21 22:01:00 metasploitable3-ub1404 sshd[2132]: PAM 5 more authentication failures; logname= uid=0 euid=0 tty=ssh ruser= rhost=192.168.56.7 
Apr 21 22:01:00 metasploitable3-ub1404 sshd[2132]: PAM service(sshd) ignoring max retries; 6 > 3
Apr 21 22:01:00 metasploitable3-ub1404 sshd[2170]: Invalid user msfadmin from 192.168.56.7
Apr 21 22:01:00 metasploitable3-ub1404 sshd[2170]: input_userauth_request: invalid user msfadmin [preauth]
Apr 21 22:01:00 metasploitable3-ub1404 sshd[2170]: pam_unix(sshd:auth): check pass; user unknown
Apr 21 22:01:00 metasploitable3-ub1404 sshd[2170]: pam_unix(sshd:auth): authentication failure; logname= uid=0 euid=0 tty=ssh ruser= rhost=192.168.56.7 
Apr 21 22:01:00 metasploitable3-ub1404 sshd[2172]: Invalid user msfadmin from 192.168.56.7
Apr 21 22:01:00 metasploitable3-ub1404 sshd[2172]: input_userauth_request: invalid user msfadmin [preauth]
Apr 21 22:01:00 metasploitable3-ub1404 sshd[2172]: pam_unix(sshd:auth): check pass; user unknown
Apr 21 22:01:00 metasploitable3-ub1404 sshd[2172]: pam_unix(sshd:auth): authentication failure; logname= uid=0 euid=0 tty=ssh ruser= rhost=192.168.56.7 
Apr 21 22:01:00 metasploitable3-ub1404 sshd[2174]: Invalid user msfadmin from 192.168.56.7
Apr 21 22:01:00 metasploitable3-ub1404 sshd[2174]: input_userauth_request: invalid user msfadmin [preauth]
Apr 21 22:01:00 metasploitable3-ub1404 sshd[2174]: pam_unix(sshd:auth): check pass; user unknown
Apr 21 22:01:00 metasploitable3-ub1404 sshd[2174]: pam_unix(sshd:auth): authentication failure; logname= uid=0 euid=0 tty=ssh ruser= rhost=192.168.56.7 
Apr 21 22:01:01 metasploitable3-ub1404 sshd[2149]: Failed password for invalid user msfadmin from 192.168.56.7 port 39600 ssh2
Apr 21 22:01:01 metasploitable3-ub1404 sshd[2149]: pam_unix(sshd:auth): check pass; user unknown
Apr 21 22:01:02 metasploitable3-ub1404 sshd[2151]: Failed password for invalid user msfadmin from 192.168.56.7 port 39602 ssh2
Apr 21 22:01:02 metasploitable3-ub1404 sshd[2151]: pam_unix(sshd:auth): check pass; user unknown
Apr 21 22:01:02 metasploitable3-ub1404 sshd[2153]: Failed password for invalid user msfadmin from 192.168.56.7 port 39616 ssh2
Apr 21 22:01:02 metasploitable3-ub1404 sshd[2153]: pam_unix(sshd:auth): check pass; user unknown
Apr 21 22:01:02 metasploitable3-ub1404 sshd[2156]: Failed password for invalid user msfadmin from 192.168.56.7 port 39648 ssh2
Apr 21 22:01:02 metasploitable3-ub1404 sshd[2158]: Failed password for invalid user msfadmin from 192.168.56.7 port 39662 ssh2
Apr 21 22:01:02 metasploitable3-ub1404 sshd[2155]: Failed password for invalid user msfadmin from 192.168.56.7 port 39626 ssh2
Apr 21 22:01:02 metasploitable3-ub1404 sshd[2156]: pam_unix(sshd:auth): check pass; user unknown
Apr 21 22:01:02 metasploitable3-ub1404 sshd[2159]: Failed password for invalid user msfadmin from 192.168.56.7 port 39678 ssh2
Apr 21 22:01:02 metasploitable3-ub1404 sshd[2163]: Failed password for invalid user msfadmin from 192.168.56.7 port 39686 ssh2
Apr 21 22:01:02 metasploitable3-ub1404 sshd[2158]: pam_unix(sshd:auth): check pass; user unknown
Apr 21 22:01:02 metasploitable3-ub1404 sshd[2159]: pam_unix(sshd:auth): check pass; user unknown
Apr 21 22:01:02 metasploitable3-ub1404 sshd[2155]: pam_unix(sshd:auth): check pass; user unknown
Apr 21 22:01:02 metasploitable3-ub1404 sshd[2163]: pam_unix(sshd:auth): check pass; user unknown
Apr 21 22:01:02 metasploitable3-ub1404 sshd[2164]: Failed password for invalid user msfadmin from 192.168.56.7 port 39692 ssh2
Apr 21 22:01:02 metasploitable3-ub1404 sshd[2164]: pam_unix(sshd:auth): check pass; user unknown
Apr 21 22:01:02 metasploitable3-ub1404 sshd[2166]: Failed password for invalid user msfadmin from 192.168.56.7 port 39696 ssh2
Apr 21 22:01:02 metasploitable3-ub1404 sshd[2166]: pam_unix(sshd:auth): check pass; user unknown
Apr 21 22:01:02 metasploitable3-ub1404 sshd[2170]: Failed password for invalid user msfadmin from 192.168.56.7 port 39710 ssh2
Apr 21 22:01:02 metasploitable3-ub1404 sshd[2170]: pam_unix(sshd:auth): check pass; user unknown
Apr 21 22:01:02 metasploitable3-ub1404 sshd[2172]: Failed password for invalid user msfadmin from 192.168.56.7 port 39742 ssh2
Apr 21 22:01:02 metasploitable3-ub1404 sshd[2172]: pam_unix(sshd:auth): check pass; user unknown
Apr 21 22:01:02 metasploitable3-ub1404 sshd[2174]: Failed password for invalid user msfadmin from 192.168.56.7 port 39758 ssh2
Apr 21 22:01:02 metasploitable3-ub1404 sshd[2174]: pam_unix(sshd:auth): check pass; user unknown
Apr 21 22:01:03 metasploitable3-ub1404 sshd[2149]: Failed password for invalid user msfadmin from 192.168.56.7 port 39600 ssh2
Apr 21 22:01:03 metasploitable3-ub1404 sshd[2149]: pam_unix(sshd:auth): check pass; user unknown
Apr 21 22:01:04 metasploitable3-ub1404 sshd[2151]: Failed password for invalid user msfadmin from 192.168.56.7 port 39602 ssh2
Apr 21 22:01:04 metasploitable3-ub1404 sshd[2151]: pam_unix(sshd:auth): check pass; user unknown
Apr 21 22:01:04 metasploitable3-ub1404 sshd[2153]: Failed password for invalid user msfadmin from 192.168.56.7 port 39616 ssh2
Apr 21 22:01:04 metasploitable3-ub1404 sshd[2153]: pam_unix(sshd:auth): check pass; user unknown
Apr 21 22:01:04 metasploitable3-ub1404 sshd[2156]: Failed password for invalid user msfadmin from 192.168.56.7 port 39648 ssh2
Apr 21 22:01:04 metasploitable3-ub1404 sshd[2156]: pam_unix(sshd:auth): check pass; user unknown
Apr 21 22:01:04 metasploitable3-ub1404 sshd[2158]: Failed password for invalid user msfadmin from 192.168.56.7 port 39662 ssh2
Apr 21 22:01:04 metasploitable3-ub1404 sshd[2159]: Failed password for invalid user msfadmin from 192.168.56.7 port 39678 ssh2
Apr 21 22:01:04 metasploitable3-ub1404 sshd[2163]: Failed password for invalid user msfadmin from 192.168.56.7 port 39686 ssh2
Apr 21 22:01:04 metasploitable3-ub1404 sshd[2155]: Failed password for invalid user msfadmin from 192.168.56.7 port 39626 ssh2
Apr 21 22:01:04 metasploitable3-ub1404 sshd[2158]: pam_unix(sshd:auth): check pass; user unknown
Apr 21 22:01:04 metasploitable3-ub1404 sshd[2155]: pam_unix(sshd:auth): check pass; user unknown
Apr 21 22:01:04 metasploitable3-ub1404 sshd[2159]: pam_unix(sshd:auth): check pass; user unknown
Apr 21 22:01:04 metasploitable3-ub1404 sshd[2163]: pam_unix(sshd:auth): check pass; user unknown
Apr 21 22:01:04 metasploitable3-ub1404 sshd[2164]: Failed password for invalid user msfadmin from 192.168.56.7 port 39692 ssh2
Apr 21 22:01:04 metasploitable3-ub1404 sshd[2166]: Failed password for invalid user msfadmin from 192.168.56.7 port 39696 ssh2
Apr 21 22:01:04 metasploitable3-ub1404 sshd[2164]: pam_unix(sshd:auth): check pass; user unknown
Apr 21 22:01:04 metasploitable3-ub1404 sshd[2166]: pam_unix(sshd:auth): check pass; user unknown
Apr 21 22:01:04 metasploitable3-ub1404 sshd[2170]: Failed password for invalid user msfadmin from 192.168.56.7 port 39710 ssh2
Apr 21 22:01:04 metasploitable3-ub1404 sshd[2170]: pam_unix(sshd:auth): check pass; user unknown
Apr 21 22:01:04 metasploitable3-ub1404 sshd[2172]: Failed password for invalid user msfadmin from 192.168.56.7 port 39742 ssh2
Apr 21 22:01:04 metasploitable3-ub1404 sshd[2172]: pam_unix(sshd:auth): check pass; user unknown
Apr 21 22:01:04 metasploitable3-ub1404 sshd[2174]: Failed password for invalid user msfadmin from 192.168.56.7 port 39758 ssh2
Apr 21 22:01:04 metasploitable3-ub1404 sshd[2174]: pam_unix(sshd:auth): check pass; user unknown
Apr 21 22:01:05 metasploitable3-ub1404 sshd[2149]: Failed password for invalid user msfadmin from 192.168.56.7 port 39600 ssh2
Apr 21 22:01:05 metasploitable3-ub1404 sshd[2149]: pam_unix(sshd:auth): check pass; user unknown
Apr 21 22:01:06 metasploitable3-ub1404 sshd[2151]: Failed password for invalid user msfadmin from 192.168.56.7 port 39602 ssh2
Apr 21 22:01:06 metasploitable3-ub1404 sshd[2151]: pam_unix(sshd:auth): check pass; user unknown
Apr 21 22:01:06 metasploitable3-ub1404 sshd[2153]: Failed password for invalid user msfadmin from 192.168.56.7 port 39616 ssh2
Apr 21 22:01:06 metasploitable3-ub1404 sshd[2153]: pam_unix(sshd:auth): check pass; user unknown
Apr 21 22:01:06 metasploitable3-ub1404 sshd[2156]: Failed password for invalid user msfadmin from 192.168.56.7 port 39648 ssh2
Apr 21 22:01:06 metasploitable3-ub1404 sshd[2156]: pam_unix(sshd:auth): check pass; user unknown
Apr 21 22:01:06 metasploitable3-ub1404 sshd[2158]: Failed password for invalid user msfadmin from 192.168.56.7 port 39662 ssh2
Apr 21 22:01:06 metasploitable3-ub1404 sshd[2158]: pam_unix(sshd:auth): check pass; user unknown
Apr 21 22:01:06 metasploitable3-ub1404 sshd[2155]: Failed password for invalid user msfadmin from 192.168.56.7 port 39626 ssh2
Apr 21 22:01:06 metasploitable3-ub1404 sshd[2159]: Failed password for invalid user msfadmin from 192.168.56.7 port 39678 ssh2
Apr 21 22:01:06 metasploitable3-ub1404 sshd[2159]: pam_unix(sshd:auth): check pass; user unknown
Apr 21 22:01:06 metasploitable3-ub1404 sshd[2163]: Failed password for invalid user msfadmin from 192.168.56.7 port 39686 ssh2
Apr 21 22:01:06 metasploitable3-ub1404 sshd[2155]: pam_unix(sshd:auth): check pass; user unknown
Apr 21 22:01:06 metasploitable3-ub1404 sshd[2163]: pam_unix(sshd:auth): check pass; user unknown
Apr 21 22:01:06 metasploitable3-ub1404 sshd[2164]: Failed password for invalid user msfadmin from 192.168.56.7 port 39692 ssh2
Apr 21 22:01:06 metasploitable3-ub1404 sshd[2164]: pam_unix(sshd:auth): check pass; user unknown
Apr 21 22:01:06 metasploitable3-ub1404 sshd[2166]: Failed password for invalid user msfadmin from 192.168.56.7 port 39696 ssh2
Apr 21 22:01:06 metasploitable3-ub1404 sshd[2166]: pam_unix(sshd:auth): check pass; user unknown
Apr 21 22:01:06 metasploitable3-ub1404 sshd[2170]: Failed password for invalid user msfadmin from 192.168.56.7 port 39710 ssh2
Apr 21 22:01:06 metasploitable3-ub1404 sshd[2170]: pam_unix(sshd:auth): check pass; user unknown
Apr 21 22:01:06 metasploitable3-ub1404 sshd[2172]: Failed password for invalid user msfadmin from 192.168.56.7 port 39742 ssh2
Apr 21 22:01:06 metasploitable3-ub1404 sshd[2172]: pam_unix(sshd:auth): check pass; user unknown
Apr 21 22:01:07 metasploitable3-ub1404 sshd[2174]: Failed password for invalid user msfadmin from 192.168.56.7 port 39758 ssh2
Apr 21 22:01:07 metasploitable3-ub1404 sshd[2174]: pam_unix(sshd:auth): check pass; user unknown
Apr 21 22:01:08 metasploitable3-ub1404 sshd[2151]: Failed password for invalid user msfadmin from 192.168.56.7 port 39602 ssh2
Apr 21 22:01:08 metasploitable3-ub1404 sshd[2151]: pam_unix(sshd:auth): check pass; user unknown
Apr 21 22:01:08 metasploitable3-ub1404 sshd[2153]: Failed password for invalid user msfadmin from 192.168.56.7 port 39616 ssh2
Apr 21 22:01:08 metasploitable3-ub1404 sshd[2153]: pam_unix(sshd:auth): check pass; user unknown
Apr 21 22:01:08 metasploitable3-ub1404 sshd[2156]: Failed password for invalid user msfadmin from 192.168.56.7 port 39648 ssh2
Apr 21 22:01:08 metasploitable3-ub1404 sshd[2156]: pam_unix(sshd:auth): check pass; user unknown
Apr 21 22:01:08 metasploitable3-ub1404 sshd[2158]: Failed password for invalid user msfadmin from 192.168.56.7 port 39662 ssh2
Apr 21 22:01:08 metasploitable3-ub1404 sshd[2158]: pam_unix(sshd:auth): check pass; user unknown
Apr 21 22:01:08 metasploitable3-ub1404 sshd[2159]: Failed password for invalid user msfadmin from 192.168.56.7 port 39678 ssh2
Apr 21 22:01:08 metasploitable3-ub1404 sshd[2155]: Failed password for invalid user msfadmin from 192.168.56.7 port 39626 ssh2
Apr 21 22:01:08 metasploitable3-ub1404 sshd[2159]: pam_unix(sshd:auth): check pass; user unknown
Apr 21 22:01:08 metasploitable3-ub1404 sshd[2163]: Failed password for invalid user msfadmin from 192.168.56.7 port 39686 ssh2
Apr 21 22:01:08 metasploitable3-ub1404 sshd[2155]: pam_unix(sshd:auth): check pass; user unknown
Apr 21 22:01:08 metasploitable3-ub1404 sshd[2164]: Failed password for invalid user msfadmin from 192.168.56.7 port 39692 ssh2
Apr 21 22:01:08 metasploitable3-ub1404 sshd[2163]: pam_unix(sshd:auth): check pass; user unknown
Apr 21 22:01:08 metasploitable3-ub1404 sshd[2166]: Failed password for invalid user msfadmin from 192.168.56.7 port 39696 ssh2
Apr 21 22:01:08 metasploitable3-ub1404 sshd[2164]: pam_unix(sshd:auth): check pass; user unknown
Apr 21 22:01:08 metasploitable3-ub1404 sshd[2166]: pam_unix(sshd:auth): check pass; user unknown
Apr 21 22:01:08 metasploitable3-ub1404 sshd[2149]: Failed password for invalid user msfadmin from 192.168.56.7 port 39600 ssh2
Apr 21 22:01:08 metasploitable3-ub1404 sshd[2149]: pam_unix(sshd:auth): check pass; user unknown
Apr 21 22:01:08 metasploitable3-ub1404 sshd[2170]: Failed password for invalid user msfadmin from 192.168.56.7 port 39710 ssh2
Apr 21 22:01:08 metasploitable3-ub1404 sshd[2170]: pam_unix(sshd:auth): check pass; user unknown
Apr 21 22:01:08 metasploitable3-ub1404 sshd[2172]: Failed password for invalid user msfadmin from 192.168.56.7 port 39742 ssh2
Apr 21 22:01:08 metasploitable3-ub1404 sshd[2172]: pam_unix(sshd:auth): check pass; user unknown
Apr 21 22:01:08 metasploitable3-ub1404 sshd[2174]: Failed password for invalid user msfadmin from 192.168.56.7 port 39758 ssh2
Apr 21 22:01:08 metasploitable3-ub1404 sshd[2174]: pam_unix(sshd:auth): check pass; user unknown
Apr 21 22:01:10 metasploitable3-ub1404 sshd[2151]: Failed password for invalid user msfadmin from 192.168.56.7 port 39602 ssh2
Apr 21 22:01:10 metasploitable3-ub1404 sshd[2151]: pam_unix(sshd:auth): check pass; user unknown
Apr 21 22:01:10 metasploitable3-ub1404 sshd[2153]: Failed password for invalid user msfadmin from 192.168.56.7 port 39616 ssh2
Apr 21 22:01:10 metasploitable3-ub1404 sshd[2153]: pam_unix(sshd:auth): check pass; user unknown
Apr 21 22:01:10 metasploitable3-ub1404 sshd[2156]: Failed password for invalid user msfadmin from 192.168.56.7 port 39648 ssh2
Apr 21 22:01:10 metasploitable3-ub1404 sshd[2156]: pam_unix(sshd:auth): check pass; user unknown
Apr 21 22:01:10 metasploitable3-ub1404 sshd[2158]: Failed password for invalid user msfadmin from 192.168.56.7 port 39662 ssh2
Apr 21 22:01:10 metasploitable3-ub1404 sshd[2158]: pam_unix(sshd:auth): check pass; user unknown
Apr 21 22:01:10 metasploitable3-ub1404 sshd[2159]: Failed password for invalid user msfadmin from 192.168.56.7 port 39678 ssh2
Apr 21 22:01:10 metasploitable3-ub1404 sshd[2159]: pam_unix(sshd:auth): check pass; user unknown
Apr 21 22:01:10 metasploitable3-ub1404 sshd[2155]: Failed password for invalid user msfadmin from 192.168.56.7 port 39626 ssh2
Apr 21 22:01:10 metasploitable3-ub1404 sshd[2155]: pam_unix(sshd:auth): check pass; user unknown
Apr 21 22:01:10 metasploitable3-ub1404 sshd[2163]: Failed password for invalid user msfadmin from 192.168.56.7 port 39686 ssh2
Apr 21 22:01:10 metasploitable3-ub1404 sshd[2163]: pam_unix(sshd:auth): check pass; user unknown
Apr 21 22:01:10 metasploitable3-ub1404 sshd[2164]: Failed password for invalid user msfadmin from 192.168.56.7 port 39692 ssh2
Apr 21 22:01:10 metasploitable3-ub1404 sshd[2164]: pam_unix(sshd:auth): check pass; user unknown
Apr 21 22:01:10 metasploitable3-ub1404 sshd[2166]: Failed password for invalid user msfadmin from 192.168.56.7 port 39696 ssh2
Apr 21 22:01:10 metasploitable3-ub1404 sshd[2166]: pam_unix(sshd:auth): check pass; user unknown
Apr 21 22:01:10 metasploitable3-ub1404 sshd[2149]: Failed password for invalid user msfadmin from 192.168.56.7 port 39600 ssh2
Apr 21 22:01:10 metasploitable3-ub1404 sshd[2149]: pam_unix(sshd:auth): check pass; user unknown
Apr 21 22:01:10 metasploitable3-ub1404 sshd[2170]: Failed password for invalid user msfadmin from 192.168.56.7 port 39710 ssh2
Apr 21 22:01:10 metasploitable3-ub1404 sshd[2170]: pam_unix(sshd:auth): check pass; user unknown
Apr 21 22:01:10 metasploitable3-ub1404 sshd[2172]: Failed password for invalid user msfadmin from 192.168.56.7 port 39742 ssh2
Apr 21 22:01:10 metasploitable3-ub1404 sshd[2172]: pam_unix(sshd:auth): check pass; user unknown
Apr 21 22:01:10 metasploitable3-ub1404 sshd[2174]: Failed password for invalid user msfadmin from 192.168.56.7 port 39758 ssh2
Apr 21 22:01:10 metasploitable3-ub1404 sshd[2174]: pam_unix(sshd:auth): check pass; user unknown
Apr 21 22:01:12 metasploitable3-ub1404 sshd[2151]: Failed password for invalid user msfadmin from 192.168.56.7 port 39602 ssh2
Apr 21 22:01:12 metasploitable3-ub1404 sshd[2151]: error: maximum authentication attempts exceeded for invalid user msfadmin from 192.168.56.7 port 39602 ssh2 [preauth]
Apr 21 22:01:12 metasploitable3-ub1404 sshd[2151]: Disconnecting: Too many authentication failures for msfadmin [preauth]
Apr 21 22:01:12 metasploitable3-ub1404 sshd[2151]: PAM 5 more authentication failures; logname= uid=0 euid=0 tty=ssh ruser= rhost=192.168.56.7 
Apr 21 22:01:12 metasploitable3-ub1404 sshd[2151]: PAM service(sshd) ignoring max retries; 6 > 3
Apr 21 22:01:12 metasploitable3-ub1404 sshd[2153]: Failed password for invalid user msfadmin from 192.168.56.7 port 39616 ssh2
Apr 21 22:01:12 metasploitable3-ub1404 sshd[2153]: error: maximum authentication attempts exceeded for invalid user msfadmin from 192.168.56.7 port 39616 ssh2 [preauth]
Apr 21 22:01:12 metasploitable3-ub1404 sshd[2153]: Disconnecting: Too many authentication failures for msfadmin [preauth]
Apr 21 22:01:12 metasploitable3-ub1404 sshd[2153]: PAM 5 more authentication failures; logname= uid=0 euid=0 tty=ssh ruser= rhost=192.168.56.7 
Apr 21 22:01:12 metasploitable3-ub1404 sshd[2153]: PAM service(sshd) ignoring max retries; 6 > 3
Apr 21 22:01:12 metasploitable3-ub1404 sshd[2156]: Failed password for invalid user msfadmin from 192.168.56.7 port 39648 ssh2
Apr 21 22:01:12 metasploitable3-ub1404 sshd[2156]: error: maximum authentication attempts exceeded for invalid user msfadmin from 192.168.56.7 port 39648 ssh2 [preauth]
Apr 21 22:01:12 metasploitable3-ub1404 sshd[2156]: Disconnecting: Too many authentication failures for msfadmin [preauth]
Apr 21 22:01:12 metasploitable3-ub1404 sshd[2156]: PAM 5 more authentication failures; logname= uid=0 euid=0 tty=ssh ruser= rhost=192.168.56.7 
Apr 21 22:01:12 metasploitable3-ub1404 sshd[2156]: PAM service(sshd) ignoring max retries; 6 > 3
Apr 21 22:01:12 metasploitable3-ub1404 sshd[2158]: Failed password for invalid user msfadmin from 192.168.56.7 port 39662 ssh2
Apr 21 22:01:12 metasploitable3-ub1404 sshd[2158]: error: maximum authentication attempts exceeded for invalid user msfadmin from 192.168.56.7 port 39662 ssh2 [preauth]
Apr 21 22:01:12 metasploitable3-ub1404 sshd[2158]: Disconnecting: Too many authentication failures for msfadmin [preauth]
Apr 21 22:01:12 metasploitable3-ub1404 sshd[2158]: PAM 5 more authentication failures; logname= uid=0 euid=0 tty=ssh ruser= rhost=192.168.56.7 
Apr 21 22:01:12 metasploitable3-ub1404 sshd[2158]: PAM service(sshd) ignoring max retries; 6 > 3
Apr 21 22:01:12 metasploitable3-ub1404 sshd[2159]: Failed password for invalid user msfadmin from 192.168.56.7 port 39678 ssh2
Apr 21 22:01:12 metasploitable3-ub1404 sshd[2159]: error: maximum authentication attempts exceeded for invalid user msfadmin from 192.168.56.7 port 39678 ssh2 [preauth]
Apr 21 22:01:12 metasploitable3-ub1404 sshd[2159]: Disconnecting: Too many authentication failures for msfadmin [preauth]
Apr 21 22:01:12 metasploitable3-ub1404 sshd[2159]: PAM 5 more authentication failures; logname= uid=0 euid=0 tty=ssh ruser= rhost=192.168.56.7 
Apr 21 22:01:12 metasploitable3-ub1404 sshd[2159]: PAM service(sshd) ignoring max retries; 6 > 3
Apr 21 22:01:12 metasploitable3-ub1404 sshd[2155]: Failed password for invalid user msfadmin from 192.168.56.7 port 39626 ssh2
Apr 21 22:01:12 metasploitable3-ub1404 sshd[2155]: error: maximum authentication attempts exceeded for invalid user msfadmin from 192.168.56.7 port 39626 ssh2 [preauth]
Apr 21 22:01:12 metasploitable3-ub1404 sshd[2155]: Disconnecting: Too many authentication failures for msfadmin [preauth]
Apr 21 22:01:12 metasploitable3-ub1404 sshd[2155]: PAM 5 more authentication failures; logname= uid=0 euid=0 tty=ssh ruser= rhost=192.168.56.7 
Apr 21 22:01:12 metasploitable3-ub1404 sshd[2155]: PAM service(sshd) ignoring max retries; 6 > 3
Apr 21 22:01:12 metasploitable3-ub1404 sshd[2163]: Failed password for invalid user msfadmin from 192.168.56.7 port 39686 ssh2
Apr 21 22:01:12 metasploitable3-ub1404 sshd[2163]: error: maximum authentication attempts exceeded for invalid user msfadmin from 192.168.56.7 port 39686 ssh2 [preauth]
Apr 21 22:01:12 metasploitable3-ub1404 sshd[2163]: Disconnecting: Too many authentication failures for msfadmin [preauth]
Apr 21 22:01:12 metasploitable3-ub1404 sshd[2163]: PAM 5 more authentication failures; logname= uid=0 euid=0 tty=ssh ruser= rhost=192.168.56.7 
Apr 21 22:01:12 metasploitable3-ub1404 sshd[2163]: PAM service(sshd) ignoring max retries; 6 > 3
Apr 21 22:01:12 metasploitable3-ub1404 sshd[2176]: Invalid user msfadmin from 192.168.56.7
Apr 21 22:01:12 metasploitable3-ub1404 sshd[2176]: input_userauth_request: invalid user msfadmin [preauth]
Apr 21 22:01:12 metasploitable3-ub1404 sshd[2176]: pam_unix(sshd:auth): check pass; user unknown
Apr 21 22:01:12 metasploitable3-ub1404 sshd[2176]: pam_unix(sshd:auth): authentication failure; logname= uid=0 euid=0 tty=ssh ruser= rhost=192.168.56.7 
Apr 21 22:01:12 metasploitable3-ub1404 sshd[2177]: Invalid user msfadmin from 192.168.56.7
Apr 21 22:01:12 metasploitable3-ub1404 sshd[2177]: input_userauth_request: invalid user msfadmin [preauth]
Apr 21 22:01:12 metasploitable3-ub1404 sshd[2164]: Failed password for invalid user msfadmin from 192.168.56.7 port 39692 ssh2
Apr 21 22:01:12 metasploitable3-ub1404 sshd[2164]: error: maximum authentication attempts exceeded for invalid user msfadmin from 192.168.56.7 port 39692 ssh2 [preauth]
Apr 21 22:01:12 metasploitable3-ub1404 sshd[2164]: Disconnecting: Too many authentication failures for msfadmin [preauth]
Apr 21 22:01:12 metasploitable3-ub1404 sshd[2164]: PAM 5 more authentication failures; logname= uid=0 euid=0 tty=ssh ruser= rhost=192.168.56.7 
Apr 21 22:01:12 metasploitable3-ub1404 sshd[2164]: PAM service(sshd) ignoring max retries; 6 > 3
Apr 21 22:01:12 metasploitable3-ub1404 sshd[2177]: pam_unix(sshd:auth): check pass; user unknown
Apr 21 22:01:12 metasploitable3-ub1404 sshd[2177]: pam_unix(sshd:auth): authentication failure; logname= uid=0 euid=0 tty=ssh ruser= rhost=192.168.56.7 
Apr 21 22:01:12 metasploitable3-ub1404 sshd[2166]: Failed password for invalid user msfadmin from 192.168.56.7 port 39696 ssh2
Apr 21 22:01:12 metasploitable3-ub1404 sshd[2166]: error: maximum authentication attempts exceeded for invalid user msfadmin from 192.168.56.7 port 39696 ssh2 [preauth]
Apr 21 22:01:12 metasploitable3-ub1404 sshd[2166]: Disconnecting: Too many authentication failures for msfadmin [preauth]
Apr 21 22:01:12 metasploitable3-ub1404 sshd[2166]: PAM 5 more authentication failures; logname= uid=0 euid=0 tty=ssh ruser= rhost=192.168.56.7 
Apr 21 22:01:12 metasploitable3-ub1404 sshd[2166]: PAM service(sshd) ignoring max retries; 6 > 3
Apr 21 22:01:12 metasploitable3-ub1404 sshd[2182]: Invalid user msfadmin from 192.168.56.7
Apr 21 22:01:12 metasploitable3-ub1404 sshd[2182]: input_userauth_request: invalid user msfadmin [preauth]
Apr 21 22:01:12 metasploitable3-ub1404 sshd[2180]: Invalid user msfadmin from 192.168.56.7
Apr 21 22:01:12 metasploitable3-ub1404 sshd[2180]: input_userauth_request: invalid user msfadmin [preauth]
Apr 21 22:01:12 metasploitable3-ub1404 sshd[2182]: pam_unix(sshd:auth): check pass; user unknown
Apr 21 22:01:12 metasploitable3-ub1404 sshd[2180]: pam_unix(sshd:auth): check pass; user unknown
Apr 21 22:01:12 metasploitable3-ub1404 sshd[2182]: pam_unix(sshd:auth): authentication failure; logname= uid=0 euid=0 tty=ssh ruser= rhost=192.168.56.7 
Apr 21 22:01:12 metasploitable3-ub1404 sshd[2180]: pam_unix(sshd:auth): authentication failure; logname= uid=0 euid=0 tty=ssh ruser= rhost=192.168.56.7 
Apr 21 22:01:12 metasploitable3-ub1404 sshd[2185]: Invalid user msfadmin from 192.168.56.7
Apr 21 22:01:12 metasploitable3-ub1404 sshd[2185]: input_userauth_request: invalid user msfadmin [preauth]
Apr 21 22:01:12 metasploitable3-ub1404 sshd[2186]: Invalid user msfadmin from 192.168.56.7
Apr 21 22:01:12 metasploitable3-ub1404 sshd[2186]: input_userauth_request: invalid user msfadmin [preauth]
Apr 21 22:01:12 metasploitable3-ub1404 sshd[2185]: pam_unix(sshd:auth): check pass; user unknown
Apr 21 22:01:12 metasploitable3-ub1404 sshd[2185]: pam_unix(sshd:auth): authentication failure; logname= uid=0 euid=0 tty=ssh ruser= rhost=192.168.56.7 
Apr 21 22:01:12 metasploitable3-ub1404 sshd[2186]: pam_unix(sshd:auth): check pass; user unknown
Apr 21 22:01:12 metasploitable3-ub1404 sshd[2186]: pam_unix(sshd:auth): authentication failure; logname= uid=0 euid=0 tty=ssh ruser= rhost=192.168.56.7 
Apr 21 22:01:12 metasploitable3-ub1404 sshd[2187]: Invalid user msfadmin from 192.168.56.7
Apr 21 22:01:12 metasploitable3-ub1404 sshd[2149]: Failed password for invalid user msfadmin from 192.168.56.7 port 39600 ssh2
Apr 21 22:01:12 metasploitable3-ub1404 sshd[2149]: error: maximum authentication attempts exceeded for invalid user msfadmin from 192.168.56.7 port 39600 ssh2 [preauth]
Apr 21 22:01:12 metasploitable3-ub1404 sshd[2149]: Disconnecting: Too many authentication failures for msfadmin [preauth]
Apr 21 22:01:12 metasploitable3-ub1404 sshd[2149]: PAM 5 more authentication failures; logname= uid=0 euid=0 tty=ssh ruser= rhost=192.168.56.7 
Apr 21 22:01:12 metasploitable3-ub1404 sshd[2149]: PAM service(sshd) ignoring max retries; 6 > 3
Apr 21 22:01:12 metasploitable3-ub1404 sshd[2187]: input_userauth_request: invalid user msfadmin [preauth]
Apr 21 22:01:12 metasploitable3-ub1404 sshd[2187]: pam_unix(sshd:auth): check pass; user unknown
Apr 21 22:01:12 metasploitable3-ub1404 sshd[2187]: pam_unix(sshd:auth): authentication failure; logname= uid=0 euid=0 tty=ssh ruser= rhost=192.168.56.7 
Apr 21 22:01:12 metasploitable3-ub1404 sshd[2184]: Invalid user msfadmin from 192.168.56.7
Apr 21 22:01:12 metasploitable3-ub1404 sshd[2184]: input_userauth_request: invalid user msfadmin [preauth]
Apr 21 22:01:12 metasploitable3-ub1404 sshd[2184]: pam_unix(sshd:auth): check pass; user unknown
Apr 21 22:01:12 metasploitable3-ub1404 sshd[2184]: pam_unix(sshd:auth): authentication failure; logname= uid=0 euid=0 tty=ssh ruser= rhost=192.168.56.7 
Apr 21 22:01:12 metasploitable3-ub1404 sshd[2192]: Invalid user msfadmin from 192.168.56.7
Apr 21 22:01:12 metasploitable3-ub1404 sshd[2192]: input_userauth_request: invalid user msfadmin [preauth]
Apr 21 22:01:12 metasploitable3-ub1404 sshd[2192]: pam_unix(sshd:auth): check pass; user unknown
Apr 21 22:01:12 metasploitable3-ub1404 sshd[2192]: pam_unix(sshd:auth): authentication failure; logname= uid=0 euid=0 tty=ssh ruser= rhost=192.168.56.7 
Apr 21 22:01:12 metasploitable3-ub1404 sshd[2170]: Failed password for invalid user msfadmin from 192.168.56.7 port 39710 ssh2
Apr 21 22:01:12 metasploitable3-ub1404 sshd[2170]: error: maximum authentication attempts exceeded for invalid user msfadmin from 192.168.56.7 port 39710 ssh2 [preauth]
Apr 21 22:01:12 metasploitable3-ub1404 sshd[2170]: Disconnecting: Too many authentication failures for msfadmin [preauth]
Apr 21 22:01:12 metasploitable3-ub1404 sshd[2170]: PAM 5 more authentication failures; logname= uid=0 euid=0 tty=ssh ruser= rhost=192.168.56.7 
Apr 21 22:01:12 metasploitable3-ub1404 sshd[2170]: PAM service(sshd) ignoring max retries; 6 > 3
Apr 21 22:01:12 metasploitable3-ub1404 sshd[2172]: Failed password for invalid user msfadmin from 192.168.56.7 port 39742 ssh2
Apr 21 22:01:12 metasploitable3-ub1404 sshd[2172]: error: maximum authentication attempts exceeded for invalid user msfadmin from 192.168.56.7 port 39742 ssh2 [preauth]
Apr 21 22:01:12 metasploitable3-ub1404 sshd[2172]: Disconnecting: Too many authentication failures for msfadmin [preauth]
Apr 21 22:01:12 metasploitable3-ub1404 sshd[2172]: PAM 5 more authentication failures; logname= uid=0 euid=0 tty=ssh ruser= rhost=192.168.56.7 
Apr 21 22:01:12 metasploitable3-ub1404 sshd[2172]: PAM service(sshd) ignoring max retries; 6 > 3
Apr 21 22:01:12 metasploitable3-ub1404 sshd[2194]: Invalid user msfadmin from 192.168.56.7
Apr 21 22:01:12 metasploitable3-ub1404 sshd[2194]: input_userauth_request: invalid user msfadmin [preauth]
Apr 21 22:01:12 metasploitable3-ub1404 sshd[2194]: pam_unix(sshd:auth): check pass; user unknown
Apr 21 22:01:12 metasploitable3-ub1404 sshd[2194]: pam_unix(sshd:auth): authentication failure; logname= uid=0 euid=0 tty=ssh ruser= rhost=192.168.56.7 
Apr 21 22:01:12 metasploitable3-ub1404 sshd[2174]: Failed password for invalid user msfadmin from 192.168.56.7 port 39758 ssh2
Apr 21 22:01:12 metasploitable3-ub1404 sshd[2174]: error: maximum authentication attempts exceeded for invalid user msfadmin from 192.168.56.7 port 39758 ssh2 [preauth]
Apr 21 22:01:12 metasploitable3-ub1404 sshd[2174]: Disconnecting: Too many authentication failures for msfadmin [preauth]
Apr 21 22:01:12 metasploitable3-ub1404 sshd[2174]: PAM 5 more authentication failures; logname= uid=0 euid=0 tty=ssh ruser= rhost=192.168.56.7 
Apr 21 22:01:12 metasploitable3-ub1404 sshd[2174]: PAM service(sshd) ignoring max retries; 6 > 3
Apr 21 22:01:12 metasploitable3-ub1404 sshd[2196]: Invalid user msfadmin from 192.168.56.7
Apr 21 22:01:12 metasploitable3-ub1404 sshd[2196]: input_userauth_request: invalid user msfadmin [preauth]
Apr 21 22:01:12 metasploitable3-ub1404 sshd[2196]: pam_unix(sshd:auth): check pass; user unknown
Apr 21 22:01:12 metasploitable3-ub1404 sshd[2196]: pam_unix(sshd:auth): authentication failure; logname= uid=0 euid=0 tty=ssh ruser= rhost=192.168.56.7 
Apr 21 22:01:12 metasploitable3-ub1404 sshd[2198]: Invalid user msfadmin from 192.168.56.7
Apr 21 22:01:12 metasploitable3-ub1404 sshd[2198]: input_userauth_request: invalid user msfadmin [preauth]
Apr 21 22:01:12 metasploitable3-ub1404 sshd[2198]: pam_unix(sshd:auth): check pass; user unknown
Apr 21 22:01:12 metasploitable3-ub1404 sshd[2198]: pam_unix(sshd:auth): authentication failure; logname= uid=0 euid=0 tty=ssh ruser= rhost=192.168.56.7 
Apr 21 22:01:14 metasploitable3-ub1404 sshd[2176]: Failed password for invalid user msfadmin from 192.168.56.7 port 47242 ssh2
Apr 21 22:01:14 metasploitable3-ub1404 sshd[2176]: pam_unix(sshd:auth): check pass; user unknown
Apr 21 22:01:14 metasploitable3-ub1404 sshd[2177]: Failed password for invalid user msfadmin from 192.168.56.7 port 47258 ssh2
Apr 21 22:01:14 metasploitable3-ub1404 sshd[2177]: pam_unix(sshd:auth): check pass; user unknown
Apr 21 22:01:14 metasploitable3-ub1404 sshd[2180]: Failed password for invalid user msfadmin from 192.168.56.7 port 47268 ssh2
Apr 21 22:01:14 metasploitable3-ub1404 sshd[2182]: Failed password for invalid user msfadmin from 192.168.56.7 port 47284 ssh2
Apr 21 22:01:14 metasploitable3-ub1404 sshd[2182]: pam_unix(sshd:auth): check pass; user unknown
Apr 21 22:01:14 metasploitable3-ub1404 sshd[2180]: pam_unix(sshd:auth): check pass; user unknown
Apr 21 22:01:14 metasploitable3-ub1404 sshd[2185]: Failed password for invalid user msfadmin from 192.168.56.7 port 47316 ssh2
Apr 21 22:01:14 metasploitable3-ub1404 sshd[2186]: Failed password for invalid user msfadmin from 192.168.56.7 port 47328 ssh2
Apr 21 22:01:14 metasploitable3-ub1404 sshd[2185]: pam_unix(sshd:auth): check pass; user unknown
Apr 21 22:01:14 metasploitable3-ub1404 sshd[2187]: Failed password for invalid user msfadmin from 192.168.56.7 port 47336 ssh2
Apr 21 22:01:14 metasploitable3-ub1404 sshd[2186]: pam_unix(sshd:auth): check pass; user unknown
Apr 21 22:01:14 metasploitable3-ub1404 sshd[2184]: Failed password for invalid user msfadmin from 192.168.56.7 port 47310 ssh2
Apr 21 22:01:14 metasploitable3-ub1404 sshd[2187]: pam_unix(sshd:auth): check pass; user unknown
Apr 21 22:01:14 metasploitable3-ub1404 sshd[2192]: Failed password for invalid user msfadmin from 192.168.56.7 port 47340 ssh2
Apr 21 22:01:14 metasploitable3-ub1404 sshd[2192]: pam_unix(sshd:auth): check pass; user unknown
Apr 21 22:01:14 metasploitable3-ub1404 sshd[2184]: pam_unix(sshd:auth): check pass; user unknown
Apr 21 22:01:14 metasploitable3-ub1404 sshd[2194]: Failed password for invalid user msfadmin from 192.168.56.7 port 47346 ssh2
Apr 21 22:01:14 metasploitable3-ub1404 sshd[2194]: pam_unix(sshd:auth): check pass; user unknown
Apr 21 22:01:14 metasploitable3-ub1404 sshd[2196]: Failed password for invalid user msfadmin from 192.168.56.7 port 47356 ssh2
Apr 21 22:01:14 metasploitable3-ub1404 sshd[2196]: pam_unix(sshd:auth): check pass; user unknown
Apr 21 22:01:14 metasploitable3-ub1404 sshd[2198]: Failed password for invalid user msfadmin from 192.168.56.7 port 47364 ssh2
Apr 21 22:01:14 metasploitable3-ub1404 sshd[2198]: pam_unix(sshd:auth): check pass; user unknown
Apr 21 22:01:16 metasploitable3-ub1404 sshd[2176]: Failed password for invalid user msfadmin from 192.168.56.7 port 47242 ssh2
Apr 21 22:01:16 metasploitable3-ub1404 sshd[2176]: pam_unix(sshd:auth): check pass; user unknown
Apr 21 22:01:16 metasploitable3-ub1404 sshd[2177]: Failed password for invalid user msfadmin from 192.168.56.7 port 47258 ssh2
Apr 21 22:01:16 metasploitable3-ub1404 sshd[2177]: pam_unix(sshd:auth): check pass; user unknown
Apr 21 22:01:16 metasploitable3-ub1404 sshd[2182]: Failed password for invalid user msfadmin from 192.168.56.7 port 47284 ssh2
Apr 21 22:01:16 metasploitable3-ub1404 sshd[2180]: Failed password for invalid user msfadmin from 192.168.56.7 port 47268 ssh2
Apr 21 22:01:16 metasploitable3-ub1404 sshd[2182]: pam_unix(sshd:auth): check pass; user unknown
Apr 21 22:01:16 metasploitable3-ub1404 sshd[2185]: Failed password for invalid user msfadmin from 192.168.56.7 port 47316 ssh2
Apr 21 22:01:16 metasploitable3-ub1404 sshd[2186]: Failed password for invalid user msfadmin from 192.168.56.7 port 47328 ssh2
Apr 21 22:01:16 metasploitable3-ub1404 sshd[2180]: pam_unix(sshd:auth): check pass; user unknown
Apr 21 22:01:16 metasploitable3-ub1404 sshd[2187]: Failed password for invalid user msfadmin from 192.168.56.7 port 47336 ssh2
Apr 21 22:01:16 metasploitable3-ub1404 sshd[2186]: pam_unix(sshd:auth): check pass; user unknown
Apr 21 22:01:16 metasploitable3-ub1404 sshd[2185]: pam_unix(sshd:auth): check pass; user unknown
Apr 21 22:01:16 metasploitable3-ub1404 sshd[2187]: pam_unix(sshd:auth): check pass; user unknown
Apr 21 22:01:16 metasploitable3-ub1404 sshd[2192]: Failed password for invalid user msfadmin from 192.168.56.7 port 47340 ssh2
Apr 21 22:01:16 metasploitable3-ub1404 sshd[2184]: Failed password for invalid user msfadmin from 192.168.56.7 port 47310 ssh2
Apr 21 22:01:16 metasploitable3-ub1404 sshd[2192]: pam_unix(sshd:auth): check pass; user unknown
Apr 21 22:01:16 metasploitable3-ub1404 sshd[2184]: pam_unix(sshd:auth): check pass; user unknown
Apr 21 22:01:16 metasploitable3-ub1404 sshd[2194]: Failed password for invalid user msfadmin from 192.168.56.7 port 47346 ssh2
Apr 21 22:01:16 metasploitable3-ub1404 sshd[2194]: pam_unix(sshd:auth): check pass; user unknown
Apr 21 22:01:16 metasploitable3-ub1404 sshd[2196]: Failed password for invalid user msfadmin from 192.168.56.7 port 47356 ssh2
Apr 21 22:01:16 metasploitable3-ub1404 sshd[2196]: pam_unix(sshd:auth): check pass; user unknown
Apr 21 22:01:16 metasploitable3-ub1404 sshd[2198]: Failed password for invalid user msfadmin from 192.168.56.7 port 47364 ssh2
Apr 21 22:01:16 metasploitable3-ub1404 sshd[2198]: pam_unix(sshd:auth): check pass; user unknown
Apr 21 22:01:18 metasploitable3-ub1404 sshd[2176]: Failed password for invalid user msfadmin from 192.168.56.7 port 47242 ssh2
Apr 21 22:01:18 metasploitable3-ub1404 sshd[2176]: pam_unix(sshd:auth): check pass; user unknown
Apr 21 22:01:18 metasploitable3-ub1404 sshd[2177]: Failed password for invalid user msfadmin from 192.168.56.7 port 47258 ssh2
Apr 21 22:01:18 metasploitable3-ub1404 sshd[2177]: pam_unix(sshd:auth): check pass; user unknown
Apr 21 22:01:18 metasploitable3-ub1404 sshd[2182]: Failed password for invalid user msfadmin from 192.168.56.7 port 47284 ssh2
Apr 21 22:01:18 metasploitable3-ub1404 sshd[2182]: pam_unix(sshd:auth): check pass; user unknown
Apr 21 22:01:18 metasploitable3-ub1404 sshd[2180]: Failed password for invalid user msfadmin from 192.168.56.7 port 47268 ssh2
Apr 21 22:01:18 metasploitable3-ub1404 sshd[2180]: pam_unix(sshd:auth): check pass; user unknown
Apr 21 22:01:18 metasploitable3-ub1404 sshd[2186]: Failed password for invalid user msfadmin from 192.168.56.7 port 47328 ssh2
Apr 21 22:01:18 metasploitable3-ub1404 sshd[2185]: Failed password for invalid user msfadmin from 192.168.56.7 port 47316 ssh2
Apr 21 22:01:18 metasploitable3-ub1404 sshd[2186]: pam_unix(sshd:auth): check pass; user unknown
Apr 21 22:01:18 metasploitable3-ub1404 sshd[2185]: pam_unix(sshd:auth): check pass; user unknown
Apr 21 22:01:18 metasploitable3-ub1404 sshd[2187]: Failed password for invalid user msfadmin from 192.168.56.7 port 47336 ssh2
Apr 21 22:01:18 metasploitable3-ub1404 sshd[2187]: pam_unix(sshd:auth): check pass; user unknown
Apr 21 22:01:18 metasploitable3-ub1404 sshd[2192]: Failed password for invalid user msfadmin from 192.168.56.7 port 47340 ssh2
Apr 21 22:01:18 metasploitable3-ub1404 sshd[2192]: pam_unix(sshd:auth): check pass; user unknown
Apr 21 22:01:18 metasploitable3-ub1404 sshd[2184]: Failed password for invalid user msfadmin from 192.168.56.7 port 47310 ssh2
Apr 21 22:01:18 metasploitable3-ub1404 sshd[2184]: pam_unix(sshd:auth): check pass; user unknown
Apr 21 22:01:18 metasploitable3-ub1404 sshd[2194]: Failed password for invalid user msfadmin from 192.168.56.7 port 47346 ssh2
Apr 21 22:01:18 metasploitable3-ub1404 sshd[2194]: pam_unix(sshd:auth): check pass; user unknown
Apr 21 22:01:18 metasploitable3-ub1404 sshd[2196]: Failed password for invalid user msfadmin from 192.168.56.7 port 47356 ssh2
Apr 21 22:01:18 metasploitable3-ub1404 sshd[2196]: pam_unix(sshd:auth): check pass; user unknown
Apr 21 22:01:18 metasploitable3-ub1404 sshd[2198]: Failed password for invalid user msfadmin from 192.168.56.7 port 47364 ssh2
Apr 21 22:01:18 metasploitable3-ub1404 sshd[2198]: pam_unix(sshd:auth): check pass; user unknown
Apr 21 22:01:20 metasploitable3-ub1404 sshd[2176]: Failed password for invalid user msfadmin from 192.168.56.7 port 47242 ssh2
Apr 21 22:01:20 metasploitable3-ub1404 sshd[2176]: pam_unix(sshd:auth): check pass; user unknown
Apr 21 22:01:20 metasploitable3-ub1404 sshd[2177]: Failed password for invalid user msfadmin from 192.168.56.7 port 47258 ssh2
Apr 21 22:01:20 metasploitable3-ub1404 sshd[2177]: pam_unix(sshd:auth): check pass; user unknown
Apr 21 22:01:20 metasploitable3-ub1404 sshd[2182]: Failed password for invalid user msfadmin from 192.168.56.7 port 47284 ssh2
Apr 21 22:01:20 metasploitable3-ub1404 sshd[2182]: pam_unix(sshd:auth): check pass; user unknown
Apr 21 22:01:20 metasploitable3-ub1404 sshd[2180]: Failed password for invalid user msfadmin from 192.168.56.7 port 47268 ssh2
Apr 21 22:01:20 metasploitable3-ub1404 sshd[2180]: pam_unix(sshd:auth): check pass; user unknown
Apr 21 22:01:20 metasploitable3-ub1404 sshd[2186]: Failed password for invalid user msfadmin from 192.168.56.7 port 47328 ssh2
Apr 21 22:01:20 metasploitable3-ub1404 sshd[2186]: pam_unix(sshd:auth): check pass; user unknown
Apr 21 22:01:20 metasploitable3-ub1404 sshd[2185]: Failed password for invalid user msfadmin from 192.168.56.7 port 47316 ssh2
Apr 21 22:01:20 metasploitable3-ub1404 sshd[2185]: pam_unix(sshd:auth): check pass; user unknown
Apr 21 22:01:20 metasploitable3-ub1404 sshd[2187]: Failed password for invalid user msfadmin from 192.168.56.7 port 47336 ssh2
Apr 21 22:01:20 metasploitable3-ub1404 sshd[2187]: pam_unix(sshd:auth): check pass; user unknown
Apr 21 22:01:20 metasploitable3-ub1404 sshd[2192]: Failed password for invalid user msfadmin from 192.168.56.7 port 47340 ssh2
Apr 21 22:01:20 metasploitable3-ub1404 sshd[2192]: pam_unix(sshd:auth): check pass; user unknown
Apr 21 22:01:20 metasploitable3-ub1404 sshd[2184]: Failed password for invalid user msfadmin from 192.168.56.7 port 47310 ssh2
Apr 21 22:01:20 metasploitable3-ub1404 sshd[2184]: pam_unix(sshd:auth): check pass; user unknown
Apr 21 22:01:20 metasploitable3-ub1404 sshd[2194]: Failed password for invalid user msfadmin from 192.168.56.7 port 47346 ssh2
Apr 21 22:01:20 metasploitable3-ub1404 sshd[2194]: pam_unix(sshd:auth): check pass; user unknown
Apr 21 22:01:20 metasploitable3-ub1404 sshd[2196]: Failed password for invalid user msfadmin from 192.168.56.7 port 47356 ssh2
Apr 21 22:01:20 metasploitable3-ub1404 sshd[2196]: pam_unix(sshd:auth): check pass; user unknown
Apr 21 22:01:20 metasploitable3-ub1404 sshd[2198]: Failed password for invalid user msfadmin from 192.168.56.7 port 47364 ssh2
Apr 21 22:01:20 metasploitable3-ub1404 sshd[2198]: pam_unix(sshd:auth): check pass; user unknown
Apr 21 22:01:21 metasploitable3-ub1404 sshd[2176]: Failed password for invalid user msfadmin from 192.168.56.7 port 47242 ssh2
Apr 21 22:01:21 metasploitable3-ub1404 sshd[2176]: pam_unix(sshd:auth): check pass; user unknown
Apr 21 22:01:21 metasploitable3-ub1404 sshd[2177]: Failed password for invalid user msfadmin from 192.168.56.7 port 47258 ssh2
Apr 21 22:01:21 metasploitable3-ub1404 sshd[2177]: pam_unix(sshd:auth): check pass; user unknown
Apr 21 22:01:21 metasploitable3-ub1404 sshd[2182]: Failed password for invalid user msfadmin from 192.168.56.7 port 47284 ssh2
Apr 21 22:01:21 metasploitable3-ub1404 sshd[2182]: pam_unix(sshd:auth): check pass; user unknown
Apr 21 22:01:22 metasploitable3-ub1404 sshd[2180]: Failed password for invalid user msfadmin from 192.168.56.7 port 47268 ssh2
Apr 21 22:01:22 metasploitable3-ub1404 sshd[2180]: pam_unix(sshd:auth): check pass; user unknown
Apr 21 22:01:22 metasploitable3-ub1404 sshd[2186]: Failed password for invalid user msfadmin from 192.168.56.7 port 47328 ssh2
Apr 21 22:01:22 metasploitable3-ub1404 sshd[2186]: pam_unix(sshd:auth): check pass; user unknown
Apr 21 22:01:22 metasploitable3-ub1404 sshd[2185]: Failed password for invalid user msfadmin from 192.168.56.7 port 47316 ssh2
Apr 21 22:01:22 metasploitable3-ub1404 sshd[2185]: pam_unix(sshd:auth): check pass; user unknown
Apr 21 22:01:22 metasploitable3-ub1404 sshd[2187]: Failed password for invalid user msfadmin from 192.168.56.7 port 47336 ssh2
Apr 21 22:01:22 metasploitable3-ub1404 sshd[2187]: pam_unix(sshd:auth): check pass; user unknown
Apr 21 22:01:22 metasploitable3-ub1404 sshd[2192]: Failed password for invalid user msfadmin from 192.168.56.7 port 47340 ssh2
Apr 21 22:01:22 metasploitable3-ub1404 sshd[2192]: pam_unix(sshd:auth): check pass; user unknown
Apr 21 22:01:22 metasploitable3-ub1404 sshd[2184]: Failed password for invalid user msfadmin from 192.168.56.7 port 47310 ssh2
Apr 21 22:01:22 metasploitable3-ub1404 sshd[2184]: pam_unix(sshd:auth): check pass; user unknown
Apr 21 22:01:22 metasploitable3-ub1404 sshd[2194]: Failed password for invalid user msfadmin from 192.168.56.7 port 47346 ssh2
Apr 21 22:01:22 metasploitable3-ub1404 sshd[2194]: pam_unix(sshd:auth): check pass; user unknown
Apr 21 22:01:22 metasploitable3-ub1404 sshd[2196]: Failed password for invalid user msfadmin from 192.168.56.7 port 47356 ssh2
Apr 21 22:01:22 metasploitable3-ub1404 sshd[2196]: pam_unix(sshd:auth): check pass; user unknown
Apr 21 22:01:22 metasploitable3-ub1404 sshd[2198]: Failed password for invalid user msfadmin from 192.168.56.7 port 47364 ssh2
Apr 21 22:01:22 metasploitable3-ub1404 sshd[2198]: pam_unix(sshd:auth): check pass; user unknown
Apr 21 22:01:23 metasploitable3-ub1404 sshd[2180]: Failed password for invalid user msfadmin from 192.168.56.7 port 47268 ssh2
Apr 21 22:01:23 metasploitable3-ub1404 sshd[2180]: error: maximum authentication attempts exceeded for invalid user msfadmin from 192.168.56.7 port 47268 ssh2 [preauth]
Apr 21 22:01:23 metasploitable3-ub1404 sshd[2180]: Disconnecting: Too many authentication failures for msfadmin [preauth]
Apr 21 22:01:23 metasploitable3-ub1404 sshd[2180]: PAM 5 more authentication failures; logname= uid=0 euid=0 tty=ssh ruser= rhost=192.168.56.7 
Apr 21 22:01:23 metasploitable3-ub1404 sshd[2180]: PAM service(sshd) ignoring max retries; 6 > 3
Apr 21 22:01:23 metasploitable3-ub1404 sshd[2186]: Failed password for invalid user msfadmin from 192.168.56.7 port 47328 ssh2
Apr 21 22:01:23 metasploitable3-ub1404 sshd[2186]: error: maximum authentication attempts exceeded for invalid user msfadmin from 192.168.56.7 port 47328 ssh2 [preauth]
Apr 21 22:01:23 metasploitable3-ub1404 sshd[2186]: Disconnecting: Too many authentication failures for msfadmin [preauth]
Apr 21 22:01:23 metasploitable3-ub1404 sshd[2186]: PAM 5 more authentication failures; logname= uid=0 euid=0 tty=ssh ruser= rhost=192.168.56.7 
Apr 21 22:01:23 metasploitable3-ub1404 sshd[2186]: PAM service(sshd) ignoring max retries; 6 > 3
Apr 21 22:01:23 metasploitable3-ub1404 sshd[2185]: Failed password for invalid user msfadmin from 192.168.56.7 port 47316 ssh2
Apr 21 22:01:23 metasploitable3-ub1404 sshd[2185]: error: maximum authentication attempts exceeded for invalid user msfadmin from 192.168.56.7 port 47316 ssh2 [preauth]
Apr 21 22:01:23 metasploitable3-ub1404 sshd[2185]: Disconnecting: Too many authentication failures for msfadmin [preauth]
Apr 21 22:01:23 metasploitable3-ub1404 sshd[2185]: PAM 5 more authentication failures; logname= uid=0 euid=0 tty=ssh ruser= rhost=192.168.56.7 
Apr 21 22:01:23 metasploitable3-ub1404 sshd[2185]: PAM service(sshd) ignoring max retries; 6 > 3
Apr 21 22:01:23 metasploitable3-ub1404 sshd[2187]: Failed password for invalid user msfadmin from 192.168.56.7 port 47336 ssh2
Apr 21 22:01:23 metasploitable3-ub1404 sshd[2187]: error: maximum authentication attempts exceeded for invalid user msfadmin from 192.168.56.7 port 47336 ssh2 [preauth]
Apr 21 22:01:23 metasploitable3-ub1404 sshd[2187]: Disconnecting: Too many authentication failures for msfadmin [preauth]
Apr 21 22:01:23 metasploitable3-ub1404 sshd[2187]: PAM 5 more authentication failures; logname= uid=0 euid=0 tty=ssh ruser= rhost=192.168.56.7 
Apr 21 22:01:23 metasploitable3-ub1404 sshd[2187]: PAM service(sshd) ignoring max retries; 6 > 3
Apr 21 22:01:23 metasploitable3-ub1404 sshd[2200]: Invalid user msfadmin from 192.168.56.7
Apr 21 22:01:23 metasploitable3-ub1404 sshd[2200]: input_userauth_request: invalid user msfadmin [preauth]
Apr 21 22:01:23 metasploitable3-ub1404 sshd[2200]: pam_unix(sshd:auth): check pass; user unknown
Apr 21 22:01:23 metasploitable3-ub1404 sshd[2200]: pam_unix(sshd:auth): authentication failure; logname= uid=0 euid=0 tty=ssh ruser= rhost=192.168.56.7 
Apr 21 22:01:23 metasploitable3-ub1404 sshd[2192]: Failed password for invalid user msfadmin from 192.168.56.7 port 47340 ssh2
Apr 21 22:01:23 metasploitable3-ub1404 sshd[2192]: error: maximum authentication attempts exceeded for invalid user msfadmin from 192.168.56.7 port 47340 ssh2 [preauth]
Apr 21 22:01:23 metasploitable3-ub1404 sshd[2192]: Disconnecting: Too many authentication failures for msfadmin [preauth]
Apr 21 22:01:23 metasploitable3-ub1404 sshd[2192]: PAM 5 more authentication failures; logname= uid=0 euid=0 tty=ssh ruser= rhost=192.168.56.7 
Apr 21 22:01:23 metasploitable3-ub1404 sshd[2192]: PAM service(sshd) ignoring max retries; 6 > 3
Apr 21 22:01:23 metasploitable3-ub1404 sshd[2202]: Invalid user msfadmin from 192.168.56.7
Apr 21 22:01:23 metasploitable3-ub1404 sshd[2202]: input_userauth_request: invalid user msfadmin [preauth]
Apr 21 22:01:23 metasploitable3-ub1404 sshd[2202]: pam_unix(sshd:auth): check pass; user unknown
Apr 21 22:01:23 metasploitable3-ub1404 sshd[2202]: pam_unix(sshd:auth): authentication failure; logname= uid=0 euid=0 tty=ssh ruser= rhost=192.168.56.7 
Apr 21 22:01:23 metasploitable3-ub1404 sshd[2176]: Failed password for invalid user msfadmin from 192.168.56.7 port 47242 ssh2
Apr 21 22:01:23 metasploitable3-ub1404 sshd[2176]: error: maximum authentication attempts exceeded for invalid user msfadmin from 192.168.56.7 port 47242 ssh2 [preauth]
Apr 21 22:01:23 metasploitable3-ub1404 sshd[2176]: Disconnecting: Too many authentication failures for msfadmin [preauth]
Apr 21 22:01:23 metasploitable3-ub1404 sshd[2176]: PAM 5 more authentication failures; logname= uid=0 euid=0 tty=ssh ruser= rhost=192.168.56.7 
Apr 21 22:01:23 metasploitable3-ub1404 sshd[2176]: PAM service(sshd) ignoring max retries; 6 > 3
Apr 21 22:01:23 metasploitable3-ub1404 sshd[2184]: Failed password for invalid user msfadmin from 192.168.56.7 port 47310 ssh2
Apr 21 22:01:24 metasploitable3-ub1404 sshd[2184]: error: maximum authentication attempts exceeded for invalid user msfadmin from 192.168.56.7 port 47310 ssh2 [preauth]
Apr 21 22:01:24 metasploitable3-ub1404 sshd[2184]: Disconnecting: Too many authentication failures for msfadmin [preauth]
Apr 21 22:01:24 metasploitable3-ub1404 sshd[2184]: PAM 5 more authentication failures; logname= uid=0 euid=0 tty=ssh ruser= rhost=192.168.56.7 
Apr 21 22:01:24 metasploitable3-ub1404 sshd[2184]: PAM service(sshd) ignoring max retries; 6 > 3
Apr 21 22:01:24 metasploitable3-ub1404 sshd[2177]: Failed password for invalid user msfadmin from 192.168.56.7 port 47258 ssh2
Apr 21 22:01:24 metasploitable3-ub1404 sshd[2177]: error: maximum authentication attempts exceeded for invalid user msfadmin from 192.168.56.7 port 47258 ssh2 [preauth]
Apr 21 22:01:24 metasploitable3-ub1404 sshd[2177]: Disconnecting: Too many authentication failures for msfadmin [preauth]
Apr 21 22:01:24 metasploitable3-ub1404 sshd[2177]: PAM 5 more authentication failures; logname= uid=0 euid=0 tty=ssh ruser= rhost=192.168.56.7 
Apr 21 22:01:24 metasploitable3-ub1404 sshd[2177]: PAM service(sshd) ignoring max retries; 6 > 3
Apr 21 22:01:24 metasploitable3-ub1404 sshd[2204]: Invalid user msfadmin from 192.168.56.7
Apr 21 22:01:24 metasploitable3-ub1404 sshd[2204]: input_userauth_request: invalid user msfadmin [preauth]
Apr 21 22:01:24 metasploitable3-ub1404 sshd[2204]: pam_unix(sshd:auth): check pass; user unknown
Apr 21 22:01:24 metasploitable3-ub1404 sshd[2204]: pam_unix(sshd:auth): authentication failure; logname= uid=0 euid=0 tty=ssh ruser= rhost=192.168.56.7 
Apr 21 22:01:24 metasploitable3-ub1404 sshd[2182]: Failed password for invalid user msfadmin from 192.168.56.7 port 47284 ssh2
Apr 21 22:01:24 metasploitable3-ub1404 sshd[2182]: error: maximum authentication attempts exceeded for invalid user msfadmin from 192.168.56.7 port 47284 ssh2 [preauth]
Apr 21 22:01:24 metasploitable3-ub1404 sshd[2182]: Disconnecting: Too many authentication failures for msfadmin [preauth]
Apr 21 22:01:24 metasploitable3-ub1404 sshd[2182]: PAM 5 more authentication failures; logname= uid=0 euid=0 tty=ssh ruser= rhost=192.168.56.7 
Apr 21 22:01:24 metasploitable3-ub1404 sshd[2182]: PAM service(sshd) ignoring max retries; 6 > 3
Apr 21 22:01:24 metasploitable3-ub1404 sshd[2206]: Invalid user msfadmin from 192.168.56.7
Apr 21 22:01:24 metasploitable3-ub1404 sshd[2206]: input_userauth_request: invalid user msfadmin [preauth]
Apr 21 22:01:24 metasploitable3-ub1404 sshd[2206]: pam_unix(sshd:auth): check pass; user unknown
Apr 21 22:01:24 metasploitable3-ub1404 sshd[2206]: pam_unix(sshd:auth): authentication failure; logname= uid=0 euid=0 tty=ssh ruser= rhost=192.168.56.7 
Apr 21 22:01:24 metasploitable3-ub1404 sshd[2194]: Failed password for invalid user msfadmin from 192.168.56.7 port 47346 ssh2
Apr 21 22:01:24 metasploitable3-ub1404 sshd[2194]: error: maximum authentication attempts exceeded for invalid user msfadmin from 192.168.56.7 port 47346 ssh2 [preauth]
Apr 21 22:01:24 metasploitable3-ub1404 sshd[2194]: Disconnecting: Too many authentication failures for msfadmin [preauth]
Apr 21 22:01:24 metasploitable3-ub1404 sshd[2194]: PAM 5 more authentication failures; logname= uid=0 euid=0 tty=ssh ruser= rhost=192.168.56.7 
Apr 21 22:01:24 metasploitable3-ub1404 sshd[2194]: PAM service(sshd) ignoring max retries; 6 > 3
Apr 21 22:01:24 metasploitable3-ub1404 sshd[2208]: Invalid user msfadmin from 192.168.56.7
Apr 21 22:01:24 metasploitable3-ub1404 sshd[2208]: input_userauth_request: invalid user msfadmin [preauth]
Apr 21 22:01:24 metasploitable3-ub1404 sshd[2208]: pam_unix(sshd:auth): check pass; user unknown
Apr 21 22:01:24 metasploitable3-ub1404 sshd[2208]: pam_unix(sshd:auth): authentication failure; logname= uid=0 euid=0 tty=ssh ruser= rhost=192.168.56.7 
Apr 21 22:01:24 metasploitable3-ub1404 sshd[2209]: Invalid user msfadmin from 192.168.56.7
Apr 21 22:01:24 metasploitable3-ub1404 sshd[2209]: input_userauth_request: invalid user msfadmin [preauth]
Apr 21 22:01:24 metasploitable3-ub1404 sshd[2210]: Invalid user msfadmin from 192.168.56.7
Apr 21 22:01:24 metasploitable3-ub1404 sshd[2210]: input_userauth_request: invalid user msfadmin [preauth]
Apr 21 22:01:24 metasploitable3-ub1404 sshd[2209]: pam_unix(sshd:auth): check pass; user unknown
Apr 21 22:01:24 metasploitable3-ub1404 sshd[2209]: pam_unix(sshd:auth): authentication failure; logname= uid=0 euid=0 tty=ssh ruser= rhost=192.168.56.7 
Apr 21 22:01:24 metasploitable3-ub1404 sshd[2212]: Invalid user msfadmin from 192.168.56.7
Apr 21 22:01:24 metasploitable3-ub1404 sshd[2212]: input_userauth_request: invalid user msfadmin [preauth]
Apr 21 22:01:24 metasploitable3-ub1404 sshd[2212]: pam_unix(sshd:auth): check pass; user unknown
Apr 21 22:01:24 metasploitable3-ub1404 sshd[2212]: pam_unix(sshd:auth): authentication failure; logname= uid=0 euid=0 tty=ssh ruser= rhost=192.168.56.7 
Apr 21 22:01:24 metasploitable3-ub1404 sshd[2210]: pam_unix(sshd:auth): check pass; user unknown
Apr 21 22:01:24 metasploitable3-ub1404 sshd[2210]: pam_unix(sshd:auth): authentication failure; logname= uid=0 euid=0 tty=ssh ruser= rhost=192.168.56.7 
Apr 21 22:01:24 metasploitable3-ub1404 sshd[2196]: Failed password for invalid user msfadmin from 192.168.56.7 port 47356 ssh2
Apr 21 22:01:24 metasploitable3-ub1404 sshd[2196]: error: maximum authentication attempts exceeded for invalid user msfadmin from 192.168.56.7 port 47356 ssh2 [preauth]
Apr 21 22:01:24 metasploitable3-ub1404 sshd[2196]: Disconnecting: Too many authentication failures for msfadmin [preauth]
Apr 21 22:01:24 metasploitable3-ub1404 sshd[2196]: PAM 5 more authentication failures; logname= uid=0 euid=0 tty=ssh ruser= rhost=192.168.56.7 
Apr 21 22:01:24 metasploitable3-ub1404 sshd[2196]: PAM service(sshd) ignoring max retries; 6 > 3
Apr 21 22:01:24 metasploitable3-ub1404 sshd[2198]: Failed password for invalid user msfadmin from 192.168.56.7 port 47364 ssh2
Apr 21 22:01:24 metasploitable3-ub1404 sshd[2198]: error: maximum authentication attempts exceeded for invalid user msfadmin from 192.168.56.7 port 47364 ssh2 [preauth]
Apr 21 22:01:24 metasploitable3-ub1404 sshd[2198]: Disconnecting: Too many authentication failures for msfadmin [preauth]
Apr 21 22:01:24 metasploitable3-ub1404 sshd[2198]: PAM 5 more authentication failures; logname= uid=0 euid=0 tty=ssh ruser= rhost=192.168.56.7 
Apr 21 22:01:24 metasploitable3-ub1404 sshd[2198]: PAM service(sshd) ignoring max retries; 6 > 3
Apr 21 22:01:24 metasploitable3-ub1404 sshd[2216]: Invalid user msfadmin from 192.168.56.7
Apr 21 22:01:24 metasploitable3-ub1404 sshd[2216]: input_userauth_request: invalid user msfadmin [preauth]
Apr 21 22:01:24 metasploitable3-ub1404 sshd[2216]: pam_unix(sshd:auth): check pass; user unknown
Apr 21 22:01:24 metasploitable3-ub1404 sshd[2216]: pam_unix(sshd:auth): authentication failure; logname= uid=0 euid=0 tty=ssh ruser= rhost=192.168.56.7 
Apr 21 22:01:24 metasploitable3-ub1404 sshd[2218]: Invalid user msfadmin from 192.168.56.7
Apr 21 22:01:24 metasploitable3-ub1404 sshd[2218]: input_userauth_request: invalid user msfadmin [preauth]
Apr 21 22:01:24 metasploitable3-ub1404 sshd[2218]: pam_unix(sshd:auth): check pass; user unknown
Apr 21 22:01:24 metasploitable3-ub1404 sshd[2218]: pam_unix(sshd:auth): authentication failure; logname= uid=0 euid=0 tty=ssh ruser= rhost=192.168.56.7 
Apr 21 22:01:24 metasploitable3-ub1404 sshd[2220]: Invalid user msfadmin from 192.168.56.7
Apr 21 22:01:24 metasploitable3-ub1404 sshd[2220]: input_userauth_request: invalid user msfadmin [preauth]
Apr 21 22:01:24 metasploitable3-ub1404 sshd[2220]: pam_unix(sshd:auth): check pass; user unknown
Apr 21 22:01:24 metasploitable3-ub1404 sshd[2220]: pam_unix(sshd:auth): authentication failure; logname= uid=0 euid=0 tty=ssh ruser= rhost=192.168.56.7 
Apr 21 22:01:24 metasploitable3-ub1404 sshd[2221]: Invalid user msfadmin from 192.168.56.7
Apr 21 22:01:24 metasploitable3-ub1404 sshd[2221]: input_userauth_request: invalid user msfadmin [preauth]
Apr 21 22:01:24 metasploitable3-ub1404 sshd[2221]: pam_unix(sshd:auth): check pass; user unknown
Apr 21 22:01:24 metasploitable3-ub1404 sshd[2221]: pam_unix(sshd:auth): authentication failure; logname= uid=0 euid=0 tty=ssh ruser= rhost=192.168.56.7 
Apr 21 22:01:26 metasploitable3-ub1404 sshd[2204]: Failed password for invalid user msfadmin from 192.168.56.7 port 55366 ssh2
Apr 21 22:01:26 metasploitable3-ub1404 sshd[2204]: pam_unix(sshd:auth): check pass; user unknown
Apr 21 22:01:26 metasploitable3-ub1404 sshd[2206]: Failed password for invalid user msfadmin from 192.168.56.7 port 55396 ssh2
Apr 21 22:01:26 metasploitable3-ub1404 sshd[2206]: pam_unix(sshd:auth): check pass; user unknown
Apr 21 22:01:26 metasploitable3-ub1404 sshd[2208]: Failed password for invalid user msfadmin from 192.168.56.7 port 55398 ssh2
Apr 21 22:01:26 metasploitable3-ub1404 sshd[2209]: Failed password for invalid user msfadmin from 192.168.56.7 port 55412 ssh2
Apr 21 22:01:26 metasploitable3-ub1404 sshd[2209]: pam_unix(sshd:auth): check pass; user unknown
Apr 21 22:01:26 metasploitable3-ub1404 sshd[2212]: Failed password for invalid user msfadmin from 192.168.56.7 port 55422 ssh2
Apr 21 22:01:26 metasploitable3-ub1404 sshd[2210]: Failed password for invalid user msfadmin from 192.168.56.7 port 55414 ssh2
Apr 21 22:01:26 metasploitable3-ub1404 sshd[2212]: pam_unix(sshd:auth): check pass; user unknown
Apr 21 22:01:26 metasploitable3-ub1404 sshd[2210]: pam_unix(sshd:auth): check pass; user unknown
Apr 21 22:01:26 metasploitable3-ub1404 sshd[2208]: pam_unix(sshd:auth): check pass; user unknown
Apr 21 22:01:26 metasploitable3-ub1404 sshd[2216]: Failed password for invalid user msfadmin from 192.168.56.7 port 55424 ssh2
Apr 21 22:01:26 metasploitable3-ub1404 sshd[2216]: pam_unix(sshd:auth): check pass; user unknown
Apr 21 22:01:26 metasploitable3-ub1404 sshd[2218]: Failed password for invalid user msfadmin from 192.168.56.7 port 55436 ssh2
Apr 21 22:01:26 metasploitable3-ub1404 sshd[2218]: pam_unix(sshd:auth): check pass; user unknown
Apr 21 22:01:26 metasploitable3-ub1404 sshd[2220]: Failed password for invalid user msfadmin from 192.168.56.7 port 55446 ssh2
Apr 21 22:01:26 metasploitable3-ub1404 sshd[2220]: pam_unix(sshd:auth): check pass; user unknown
Apr 21 22:01:26 metasploitable3-ub1404 sshd[2221]: Failed password for invalid user msfadmin from 192.168.56.7 port 55460 ssh2
Apr 21 22:01:26 metasploitable3-ub1404 sshd[2221]: pam_unix(sshd:auth): check pass; user unknown
Apr 21 22:01:26 metasploitable3-ub1404 sshd[2200]: Failed password for invalid user msfadmin from 192.168.56.7 port 55342 ssh2
Apr 21 22:01:26 metasploitable3-ub1404 sshd[2202]: Failed password for invalid user msfadmin from 192.168.56.7 port 55344 ssh2
Apr 21 22:01:26 metasploitable3-ub1404 sshd[2200]: pam_unix(sshd:auth): check pass; user unknown
Apr 21 22:01:26 metasploitable3-ub1404 sshd[2202]: pam_unix(sshd:auth): check pass; user unknown
Apr 21 22:01:27 metasploitable3-ub1404 sshd[2204]: Failed password for invalid user msfadmin from 192.168.56.7 port 55366 ssh2
Apr 21 22:01:27 metasploitable3-ub1404 sshd[2204]: pam_unix(sshd:auth): check pass; user unknown
Apr 21 22:01:27 metasploitable3-ub1404 sshd[2206]: Failed password for invalid user msfadmin from 192.168.56.7 port 55396 ssh2
Apr 21 22:01:27 metasploitable3-ub1404 sshd[2206]: pam_unix(sshd:auth): check pass; user unknown
Apr 21 22:01:27 metasploitable3-ub1404 sshd[2209]: Failed password for invalid user msfadmin from 192.168.56.7 port 55412 ssh2
Apr 21 22:01:27 metasploitable3-ub1404 sshd[2209]: pam_unix(sshd:auth): check pass; user unknown
Apr 21 22:01:27 metasploitable3-ub1404 sshd[2212]: Failed password for invalid user msfadmin from 192.168.56.7 port 55422 ssh2
Apr 21 22:01:27 metasploitable3-ub1404 sshd[2210]: Failed password for invalid user msfadmin from 192.168.56.7 port 55414 ssh2
Apr 21 22:01:27 metasploitable3-ub1404 sshd[2208]: Failed password for invalid user msfadmin from 192.168.56.7 port 55398 ssh2
Apr 21 22:01:27 metasploitable3-ub1404 sshd[2212]: pam_unix(sshd:auth): check pass; user unknown
Apr 21 22:01:27 metasploitable3-ub1404 sshd[2208]: pam_unix(sshd:auth): check pass; user unknown
Apr 21 22:01:27 metasploitable3-ub1404 sshd[2210]: pam_unix(sshd:auth): check pass; user unknown
Apr 21 22:01:28 metasploitable3-ub1404 sshd[2216]: Failed password for invalid user msfadmin from 192.168.56.7 port 55424 ssh2
Apr 21 22:01:28 metasploitable3-ub1404 sshd[2218]: Failed password for invalid user msfadmin from 192.168.56.7 port 55436 ssh2
Apr 21 22:01:28 metasploitable3-ub1404 sshd[2216]: pam_unix(sshd:auth): check pass; user unknown
Apr 21 22:01:28 metasploitable3-ub1404 sshd[2218]: pam_unix(sshd:auth): check pass; user unknown
Apr 21 22:01:28 metasploitable3-ub1404 sshd[2220]: Failed password for invalid user msfadmin from 192.168.56.7 port 55446 ssh2
Apr 21 22:01:28 metasploitable3-ub1404 sshd[2220]: pam_unix(sshd:auth): check pass; user unknown
Apr 21 22:01:28 metasploitable3-ub1404 sshd[2221]: Failed password for invalid user msfadmin from 192.168.56.7 port 55460 ssh2
Apr 21 22:01:28 metasploitable3-ub1404 sshd[2221]: pam_unix(sshd:auth): check pass; user unknown
Apr 21 22:01:28 metasploitable3-ub1404 sshd[2200]: Failed password for invalid user msfadmin from 192.168.56.7 port 55342 ssh2
Apr 21 22:01:28 metasploitable3-ub1404 sshd[2200]: pam_unix(sshd:auth): check pass; user unknown
Apr 21 22:01:28 metasploitable3-ub1404 sshd[2202]: Failed password for invalid user msfadmin from 192.168.56.7 port 55344 ssh2
Apr 21 22:01:28 metasploitable3-ub1404 sshd[2202]: pam_unix(sshd:auth): check pass; user unknown
Apr 21 22:01:30 metasploitable3-ub1404 sshd[2204]: Failed password for invalid user msfadmin from 192.168.56.7 port 55366 ssh2
Apr 21 22:01:30 metasploitable3-ub1404 sshd[2204]: pam_unix(sshd:auth): check pass; user unknown
Apr 21 22:01:30 metasploitable3-ub1404 sshd[2206]: Failed password for invalid user msfadmin from 192.168.56.7 port 55396 ssh2
Apr 21 22:01:30 metasploitable3-ub1404 sshd[2206]: pam_unix(sshd:auth): check pass; user unknown
Apr 21 22:01:30 metasploitable3-ub1404 sshd[2209]: Failed password for invalid user msfadmin from 192.168.56.7 port 55412 ssh2
Apr 21 22:01:30 metasploitable3-ub1404 sshd[2209]: pam_unix(sshd:auth): check pass; user unknown
Apr 21 22:01:30 metasploitable3-ub1404 sshd[2212]: Failed password for invalid user msfadmin from 192.168.56.7 port 55422 ssh2
Apr 21 22:01:30 metasploitable3-ub1404 sshd[2208]: Failed password for invalid user msfadmin from 192.168.56.7 port 55398 ssh2
Apr 21 22:01:30 metasploitable3-ub1404 sshd[2210]: Failed password for invalid user msfadmin from 192.168.56.7 port 55414 ssh2
Apr 21 22:01:30 metasploitable3-ub1404 sshd[2212]: pam_unix(sshd:auth): check pass; user unknown
Apr 21 22:01:30 metasploitable3-ub1404 sshd[2208]: pam_unix(sshd:auth): check pass; user unknown
Apr 21 22:01:30 metasploitable3-ub1404 sshd[2210]: pam_unix(sshd:auth): check pass; user unknown
Apr 21 22:01:30 metasploitable3-ub1404 sshd[2216]: Failed password for invalid user msfadmin from 192.168.56.7 port 55424 ssh2
Apr 21 22:01:30 metasploitable3-ub1404 sshd[2216]: pam_unix(sshd:auth): check pass; user unknown
Apr 21 22:01:30 metasploitable3-ub1404 sshd[2218]: Failed password for invalid user msfadmin from 192.168.56.7 port 55436 ssh2
Apr 21 22:01:30 metasploitable3-ub1404 sshd[2218]: pam_unix(sshd:auth): check pass; user unknown
Apr 21 22:01:30 metasploitable3-ub1404 sshd[2220]: Failed password for invalid user msfadmin from 192.168.56.7 port 55446 ssh2
Apr 21 22:01:30 metasploitable3-ub1404 sshd[2220]: pam_unix(sshd:auth): check pass; user unknown
Apr 21 22:01:30 metasploitable3-ub1404 sshd[2221]: Failed password for invalid user msfadmin from 192.168.56.7 port 55460 ssh2
Apr 21 22:01:30 metasploitable3-ub1404 sshd[2221]: pam_unix(sshd:auth): check pass; user unknown
Apr 21 22:01:30 metasploitable3-ub1404 sshd[2200]: Failed password for invalid user msfadmin from 192.168.56.7 port 55342 ssh2
Apr 21 22:01:30 metasploitable3-ub1404 sshd[2200]: pam_unix(sshd:auth): check pass; user unknown
Apr 21 22:01:30 metasploitable3-ub1404 sshd[2202]: Failed password for invalid user msfadmin from 192.168.56.7 port 55344 ssh2
Apr 21 22:01:30 metasploitable3-ub1404 sshd[2202]: pam_unix(sshd:auth): check pass; user unknown
Apr 21 22:01:32 metasploitable3-ub1404 sshd[2204]: Failed password for invalid user msfadmin from 192.168.56.7 port 55366 ssh2
Apr 21 22:01:32 metasploitable3-ub1404 sshd[2204]: pam_unix(sshd:auth): check pass; user unknown
Apr 21 22:01:32 metasploitable3-ub1404 sshd[2206]: Failed password for invalid user msfadmin from 192.168.56.7 port 55396 ssh2
Apr 21 22:01:32 metasploitable3-ub1404 sshd[2206]: pam_unix(sshd:auth): check pass; user unknown
Apr 21 22:01:32 metasploitable3-ub1404 sshd[2209]: Failed password for invalid user msfadmin from 192.168.56.7 port 55412 ssh2
Apr 21 22:01:32 metasploitable3-ub1404 sshd[2209]: pam_unix(sshd:auth): check pass; user unknown
Apr 21 22:01:32 metasploitable3-ub1404 sshd[2212]: Failed password for invalid user msfadmin from 192.168.56.7 port 55422 ssh2
Apr 21 22:01:32 metasploitable3-ub1404 sshd[2212]: pam_unix(sshd:auth): check pass; user unknown
Apr 21 22:01:32 metasploitable3-ub1404 sshd[2208]: Failed password for invalid user msfadmin from 192.168.56.7 port 55398 ssh2
Apr 21 22:01:32 metasploitable3-ub1404 sshd[2210]: Failed password for invalid user msfadmin from 192.168.56.7 port 55414 ssh2
Apr 21 22:01:32 metasploitable3-ub1404 sshd[2208]: pam_unix(sshd:auth): check pass; user unknown
Apr 21 22:01:32 metasploitable3-ub1404 sshd[2210]: pam_unix(sshd:auth): check pass; user unknown
Apr 21 22:01:32 metasploitable3-ub1404 sshd[2216]: Failed password for invalid user msfadmin from 192.168.56.7 port 55424 ssh2
Apr 21 22:01:32 metasploitable3-ub1404 sshd[2216]: pam_unix(sshd:auth): check pass; user unknown
Apr 21 22:01:32 metasploitable3-ub1404 sshd[2218]: Failed password for invalid user msfadmin from 192.168.56.7 port 55436 ssh2
Apr 21 22:01:32 metasploitable3-ub1404 sshd[2218]: pam_unix(sshd:auth): check pass; user unknown
Apr 21 22:01:32 metasploitable3-ub1404 sshd[2220]: Failed password for invalid user msfadmin from 192.168.56.7 port 55446 ssh2
Apr 21 22:01:32 metasploitable3-ub1404 sshd[2220]: pam_unix(sshd:auth): check pass; user unknown
Apr 21 22:01:32 metasploitable3-ub1404 sshd[2221]: Failed password for invalid user msfadmin from 192.168.56.7 port 55460 ssh2
Apr 21 22:01:32 metasploitable3-ub1404 sshd[2221]: pam_unix(sshd:auth): check pass; user unknown
Apr 21 22:01:32 metasploitable3-ub1404 sshd[2200]: Failed password for invalid user msfadmin from 192.168.56.7 port 55342 ssh2
Apr 21 22:01:32 metasploitable3-ub1404 sshd[2200]: pam_unix(sshd:auth): check pass; user unknown
Apr 21 22:01:32 metasploitable3-ub1404 sshd[2202]: Failed password for invalid user msfadmin from 192.168.56.7 port 55344 ssh2
Apr 21 22:01:32 metasploitable3-ub1404 sshd[2202]: pam_unix(sshd:auth): check pass; user unknown
Apr 21 22:01:33 metasploitable3-ub1404 sshd[2204]: Failed password for invalid user msfadmin from 192.168.56.7 port 55366 ssh2
Apr 21 22:01:33 metasploitable3-ub1404 sshd[2204]: pam_unix(sshd:auth): check pass; user unknown
Apr 21 22:01:33 metasploitable3-ub1404 sshd[2206]: Failed password for invalid user msfadmin from 192.168.56.7 port 55396 ssh2
Apr 21 22:01:33 metasploitable3-ub1404 sshd[2206]: pam_unix(sshd:auth): check pass; user unknown
Apr 21 22:01:34 metasploitable3-ub1404 sshd[2209]: Failed password for invalid user msfadmin from 192.168.56.7 port 55412 ssh2
Apr 21 22:01:34 metasploitable3-ub1404 sshd[2209]: pam_unix(sshd:auth): check pass; user unknown
Apr 21 22:01:34 metasploitable3-ub1404 sshd[2212]: Failed password for invalid user msfadmin from 192.168.56.7 port 55422 ssh2
Apr 21 22:01:34 metasploitable3-ub1404 sshd[2212]: pam_unix(sshd:auth): check pass; user unknown
Apr 21 22:01:34 metasploitable3-ub1404 sshd[2208]: Failed password for invalid user msfadmin from 192.168.56.7 port 55398 ssh2
Apr 21 22:01:34 metasploitable3-ub1404 sshd[2208]: pam_unix(sshd:auth): check pass; user unknown
Apr 21 22:01:34 metasploitable3-ub1404 sshd[2210]: Failed password for invalid user msfadmin from 192.168.56.7 port 55414 ssh2
Apr 21 22:01:34 metasploitable3-ub1404 sshd[2210]: pam_unix(sshd:auth): check pass; user unknown
Apr 21 22:01:34 metasploitable3-ub1404 sshd[2216]: Failed password for invalid user msfadmin from 192.168.56.7 port 55424 ssh2
Apr 21 22:01:34 metasploitable3-ub1404 sshd[2216]: pam_unix(sshd:auth): check pass; user unknown
Apr 21 22:01:34 metasploitable3-ub1404 sshd[2218]: Failed password for invalid user msfadmin from 192.168.56.7 port 55436 ssh2
Apr 21 22:01:34 metasploitable3-ub1404 sshd[2218]: pam_unix(sshd:auth): check pass; user unknown
Apr 21 22:01:34 metasploitable3-ub1404 sshd[2220]: Failed password for invalid user msfadmin from 192.168.56.7 port 55446 ssh2
Apr 21 22:01:34 metasploitable3-ub1404 sshd[2220]: pam_unix(sshd:auth): check pass; user unknown
Apr 21 22:01:34 metasploitable3-ub1404 sshd[2221]: Failed password for invalid user msfadmin from 192.168.56.7 port 55460 ssh2
Apr 21 22:01:34 metasploitable3-ub1404 sshd[2221]: pam_unix(sshd:auth): check pass; user unknown
Apr 21 22:01:34 metasploitable3-ub1404 sshd[2200]: Failed password for invalid user msfadmin from 192.168.56.7 port 55342 ssh2
Apr 21 22:01:34 metasploitable3-ub1404 sshd[2200]: pam_unix(sshd:auth): check pass; user unknown
Apr 21 22:01:34 metasploitable3-ub1404 sshd[2202]: Failed password for invalid user msfadmin from 192.168.56.7 port 55344 ssh2
Apr 21 22:01:34 metasploitable3-ub1404 sshd[2202]: pam_unix(sshd:auth): check pass; user unknown
Apr 21 22:01:35 metasploitable3-ub1404 sshd[2204]: Failed password for invalid user msfadmin from 192.168.56.7 port 55366 ssh2
Apr 21 22:01:35 metasploitable3-ub1404 sshd[2204]: error: maximum authentication attempts exceeded for invalid user msfadmin from 192.168.56.7 port 55366 ssh2 [preauth]
Apr 21 22:01:35 metasploitable3-ub1404 sshd[2204]: Disconnecting: Too many authentication failures for msfadmin [preauth]
Apr 21 22:01:35 metasploitable3-ub1404 sshd[2204]: PAM 5 more authentication failures; logname= uid=0 euid=0 tty=ssh ruser= rhost=192.168.56.7 
Apr 21 22:01:35 metasploitable3-ub1404 sshd[2204]: PAM service(sshd) ignoring max retries; 6 > 3
Apr 21 22:01:35 metasploitable3-ub1404 sshd[2206]: Failed password for invalid user msfadmin from 192.168.56.7 port 55396 ssh2
Apr 21 22:01:35 metasploitable3-ub1404 sshd[2206]: error: maximum authentication attempts exceeded for invalid user msfadmin from 192.168.56.7 port 55396 ssh2 [preauth]
Apr 21 22:01:35 metasploitable3-ub1404 sshd[2206]: Disconnecting: Too many authentication failures for msfadmin [preauth]
Apr 21 22:01:35 metasploitable3-ub1404 sshd[2206]: PAM 5 more authentication failures; logname= uid=0 euid=0 tty=ssh ruser= rhost=192.168.56.7 
Apr 21 22:01:35 metasploitable3-ub1404 sshd[2206]: PAM service(sshd) ignoring max retries; 6 > 3
Apr 21 22:01:35 metasploitable3-ub1404 sshd[2224]: Invalid user msfadmin from 192.168.56.7
Apr 21 22:01:35 metasploitable3-ub1404 sshd[2224]: input_userauth_request: invalid user msfadmin [preauth]
Apr 21 22:01:35 metasploitable3-ub1404 sshd[2224]: pam_unix(sshd:auth): check pass; user unknown
Apr 21 22:01:35 metasploitable3-ub1404 sshd[2224]: pam_unix(sshd:auth): authentication failure; logname= uid=0 euid=0 tty=ssh ruser= rhost=192.168.56.7 
Apr 21 22:01:36 metasploitable3-ub1404 sshd[2226]: Invalid user msfadmin from 192.168.56.7
Apr 21 22:01:36 metasploitable3-ub1404 sshd[2226]: input_userauth_request: invalid user msfadmin [preauth]
Apr 21 22:01:36 metasploitable3-ub1404 sshd[2226]: pam_unix(sshd:auth): check pass; user unknown
Apr 21 22:01:36 metasploitable3-ub1404 sshd[2226]: pam_unix(sshd:auth): authentication failure; logname= uid=0 euid=0 tty=ssh ruser= rhost=192.168.56.7 
Apr 21 22:01:36 metasploitable3-ub1404 sshd[2209]: Failed password for invalid user msfadmin from 192.168.56.7 port 55412 ssh2
Apr 21 22:01:36 metasploitable3-ub1404 sshd[2209]: error: maximum authentication attempts exceeded for invalid user msfadmin from 192.168.56.7 port 55412 ssh2 [preauth]
Apr 21 22:01:36 metasploitable3-ub1404 sshd[2209]: Disconnecting: Too many authentication failures for msfadmin [preauth]
Apr 21 22:01:36 metasploitable3-ub1404 sshd[2209]: PAM 5 more authentication failures; logname= uid=0 euid=0 tty=ssh ruser= rhost=192.168.56.7 
Apr 21 22:01:36 metasploitable3-ub1404 sshd[2209]: PAM service(sshd) ignoring max retries; 6 > 3
Apr 21 22:01:36 metasploitable3-ub1404 sshd[2212]: Failed password for invalid user msfadmin from 192.168.56.7 port 55422 ssh2
Apr 21 22:01:36 metasploitable3-ub1404 sshd[2212]: error: maximum authentication attempts exceeded for invalid user msfadmin from 192.168.56.7 port 55422 ssh2 [preauth]
Apr 21 22:01:36 metasploitable3-ub1404 sshd[2212]: Disconnecting: Too many authentication failures for msfadmin [preauth]
Apr 21 22:01:36 metasploitable3-ub1404 sshd[2212]: PAM 5 more authentication failures; logname= uid=0 euid=0 tty=ssh ruser= rhost=192.168.56.7 
Apr 21 22:01:36 metasploitable3-ub1404 sshd[2212]: PAM service(sshd) ignoring max retries; 6 > 3
Apr 21 22:01:36 metasploitable3-ub1404 sshd[2208]: Failed password for invalid user msfadmin from 192.168.56.7 port 55398 ssh2
Apr 21 22:01:36 metasploitable3-ub1404 sshd[2208]: error: maximum authentication attempts exceeded for invalid user msfadmin from 192.168.56.7 port 55398 ssh2 [preauth]
Apr 21 22:01:36 metasploitable3-ub1404 sshd[2208]: Disconnecting: Too many authentication failures for msfadmin [preauth]
Apr 21 22:01:36 metasploitable3-ub1404 sshd[2208]: PAM 5 more authentication failures; logname= uid=0 euid=0 tty=ssh ruser= rhost=192.168.56.7 
Apr 21 22:01:36 metasploitable3-ub1404 sshd[2208]: PAM service(sshd) ignoring max retries; 6 > 3
Apr 21 22:01:36 metasploitable3-ub1404 sshd[2210]: Failed password for invalid user msfadmin from 192.168.56.7 port 55414 ssh2
Apr 21 22:01:36 metasploitable3-ub1404 sshd[2210]: error: maximum authentication attempts exceeded for invalid user msfadmin from 192.168.56.7 port 55414 ssh2 [preauth]
Apr 21 22:01:36 metasploitable3-ub1404 sshd[2210]: Disconnecting: Too many authentication failures for msfadmin [preauth]
Apr 21 22:01:36 metasploitable3-ub1404 sshd[2210]: PAM 5 more authentication failures; logname= uid=0 euid=0 tty=ssh ruser= rhost=192.168.56.7 
Apr 21 22:01:36 metasploitable3-ub1404 sshd[2210]: PAM service(sshd) ignoring max retries; 6 > 3
Apr 21 22:01:36 metasploitable3-ub1404 sshd[2228]: Invalid user msfadmin from 192.168.56.7
Apr 21 22:01:36 metasploitable3-ub1404 sshd[2228]: input_userauth_request: invalid user msfadmin [preauth]
Apr 21 22:01:36 metasploitable3-ub1404 sshd[2228]: pam_unix(sshd:auth): check pass; user unknown
Apr 21 22:01:36 metasploitable3-ub1404 sshd[2228]: pam_unix(sshd:auth): authentication failure; logname= uid=0 euid=0 tty=ssh ruser= rhost=192.168.56.7 
Apr 21 22:01:36 metasploitable3-ub1404 sshd[2229]: Invalid user msfadmin from 192.168.56.7
Apr 21 22:01:36 metasploitable3-ub1404 sshd[2229]: input_userauth_request: invalid user msfadmin [preauth]
Apr 21 22:01:36 metasploitable3-ub1404 sshd[2229]: pam_unix(sshd:auth): check pass; user unknown
Apr 21 22:01:36 metasploitable3-ub1404 sshd[2229]: pam_unix(sshd:auth): authentication failure; logname= uid=0 euid=0 tty=ssh ruser= rhost=192.168.56.7 
Apr 21 22:01:36 metasploitable3-ub1404 sshd[2233]: Invalid user msfadmin from 192.168.56.7
Apr 21 22:01:36 metasploitable3-ub1404 sshd[2233]: input_userauth_request: invalid user msfadmin [preauth]
Apr 21 22:01:36 metasploitable3-ub1404 sshd[2233]: pam_unix(sshd:auth): check pass; user unknown
Apr 21 22:01:36 metasploitable3-ub1404 sshd[2233]: pam_unix(sshd:auth): authentication failure; logname= uid=0 euid=0 tty=ssh ruser= rhost=192.168.56.7 
Apr 21 22:01:36 metasploitable3-ub1404 sshd[2231]: Invalid user msfadmin from 192.168.56.7
Apr 21 22:01:36 metasploitable3-ub1404 sshd[2231]: input_userauth_request: invalid user msfadmin [preauth]
Apr 21 22:01:36 metasploitable3-ub1404 sshd[2231]: pam_unix(sshd:auth): check pass; user unknown
Apr 21 22:01:36 metasploitable3-ub1404 sshd[2231]: pam_unix(sshd:auth): authentication failure; logname= uid=0 euid=0 tty=ssh ruser= rhost=192.168.56.7 
Apr 21 22:01:36 metasploitable3-ub1404 sshd[2216]: Failed password for invalid user msfadmin from 192.168.56.7 port 55424 ssh2
Apr 21 22:01:36 metasploitable3-ub1404 sshd[2216]: error: maximum authentication attempts exceeded for invalid user msfadmin from 192.168.56.7 port 55424 ssh2 [preauth]
Apr 21 22:01:36 metasploitable3-ub1404 sshd[2216]: Disconnecting: Too many authentication failures for msfadmin [preauth]
Apr 21 22:01:36 metasploitable3-ub1404 sshd[2216]: PAM 5 more authentication failures; logname= uid=0 euid=0 tty=ssh ruser= rhost=192.168.56.7 
Apr 21 22:01:36 metasploitable3-ub1404 sshd[2216]: PAM service(sshd) ignoring max retries; 6 > 3
Apr 21 22:01:36 metasploitable3-ub1404 sshd[2218]: Failed password for invalid user msfadmin from 192.168.56.7 port 55436 ssh2
Apr 21 22:01:36 metasploitable3-ub1404 sshd[2218]: error: maximum authentication attempts exceeded for invalid user msfadmin from 192.168.56.7 port 55436 ssh2 [preauth]
Apr 21 22:01:36 metasploitable3-ub1404 sshd[2218]: Disconnecting: Too many authentication failures for msfadmin [preauth]
Apr 21 22:01:36 metasploitable3-ub1404 sshd[2218]: PAM 5 more authentication failures; logname= uid=0 euid=0 tty=ssh ruser= rhost=192.168.56.7 
Apr 21 22:01:36 metasploitable3-ub1404 sshd[2218]: PAM service(sshd) ignoring max retries; 6 > 3
Apr 21 22:01:36 metasploitable3-ub1404 sshd[2220]: Failed password for invalid user msfadmin from 192.168.56.7 port 55446 ssh2
Apr 21 22:01:36 metasploitable3-ub1404 sshd[2220]: error: maximum authentication attempts exceeded for invalid user msfadmin from 192.168.56.7 port 55446 ssh2 [preauth]
Apr 21 22:01:36 metasploitable3-ub1404 sshd[2220]: Disconnecting: Too many authentication failures for msfadmin [preauth]
Apr 21 22:01:36 metasploitable3-ub1404 sshd[2220]: PAM 5 more authentication failures; logname= uid=0 euid=0 tty=ssh ruser= rhost=192.168.56.7 
Apr 21 22:01:36 metasploitable3-ub1404 sshd[2220]: PAM service(sshd) ignoring max retries; 6 > 3
Apr 21 22:01:36 metasploitable3-ub1404 sshd[2221]: Failed password for invalid user msfadmin from 192.168.56.7 port 55460 ssh2
Apr 21 22:01:36 metasploitable3-ub1404 sshd[2221]: error: maximum authentication attempts exceeded for invalid user msfadmin from 192.168.56.7 port 55460 ssh2 [preauth]
Apr 21 22:01:36 metasploitable3-ub1404 sshd[2221]: Disconnecting: Too many authentication failures for msfadmin [preauth]
Apr 21 22:01:36 metasploitable3-ub1404 sshd[2221]: PAM 5 more authentication failures; logname= uid=0 euid=0 tty=ssh ruser= rhost=192.168.56.7 
Apr 21 22:01:36 metasploitable3-ub1404 sshd[2221]: PAM service(sshd) ignoring max retries; 6 > 3
Apr 21 22:01:36 metasploitable3-ub1404 sshd[2236]: Invalid user msfadmin from 192.168.56.7
Apr 21 22:01:36 metasploitable3-ub1404 sshd[2236]: input_userauth_request: invalid user msfadmin [preauth]
Apr 21 22:01:36 metasploitable3-ub1404 sshd[2236]: pam_unix(sshd:auth): check pass; user unknown
Apr 21 22:01:36 metasploitable3-ub1404 sshd[2236]: pam_unix(sshd:auth): authentication failure; logname= uid=0 euid=0 tty=ssh ruser= rhost=192.168.56.7 
Apr 21 22:01:36 metasploitable3-ub1404 sshd[2238]: Invalid user msfadmin from 192.168.56.7
Apr 21 22:01:36 metasploitable3-ub1404 sshd[2238]: input_userauth_request: invalid user msfadmin [preauth]
Apr 21 22:01:36 metasploitable3-ub1404 sshd[2238]: pam_unix(sshd:auth): check pass; user unknown
Apr 21 22:01:36 metasploitable3-ub1404 sshd[2238]: pam_unix(sshd:auth): authentication failure; logname= uid=0 euid=0 tty=ssh ruser= rhost=192.168.56.7 
Apr 21 22:01:36 metasploitable3-ub1404 sshd[2240]: Invalid user msfadmin from 192.168.56.7
Apr 21 22:01:36 metasploitable3-ub1404 sshd[2240]: input_userauth_request: invalid user msfadmin [preauth]
Apr 21 22:01:36 metasploitable3-ub1404 sshd[2240]: pam_unix(sshd:auth): check pass; user unknown
Apr 21 22:01:36 metasploitable3-ub1404 sshd[2240]: pam_unix(sshd:auth): authentication failure; logname= uid=0 euid=0 tty=ssh ruser= rhost=192.168.56.7 
Apr 21 22:01:36 metasploitable3-ub1404 sshd[2242]: Invalid user msfadmin from 192.168.56.7
Apr 21 22:01:36 metasploitable3-ub1404 sshd[2242]: input_userauth_request: invalid user msfadmin [preauth]
Apr 21 22:01:36 metasploitable3-ub1404 sshd[2242]: pam_unix(sshd:auth): check pass; user unknown
Apr 21 22:01:36 metasploitable3-ub1404 sshd[2242]: pam_unix(sshd:auth): authentication failure; logname= uid=0 euid=0 tty=ssh ruser= rhost=192.168.56.7 
Apr 21 22:01:36 metasploitable3-ub1404 sshd[2200]: Failed password for invalid user msfadmin from 192.168.56.7 port 55342 ssh2
Apr 21 22:01:36 metasploitable3-ub1404 sshd[2200]: error: maximum authentication attempts exceeded for invalid user msfadmin from 192.168.56.7 port 55342 ssh2 [preauth]
Apr 21 22:01:36 metasploitable3-ub1404 sshd[2200]: Disconnecting: Too many authentication failures for msfadmin [preauth]
Apr 21 22:01:36 metasploitable3-ub1404 sshd[2200]: PAM 5 more authentication failures; logname= uid=0 euid=0 tty=ssh ruser= rhost=192.168.56.7 
Apr 21 22:01:36 metasploitable3-ub1404 sshd[2200]: PAM service(sshd) ignoring max retries; 6 > 3
Apr 21 22:01:36 metasploitable3-ub1404 sshd[2202]: Failed password for invalid user msfadmin from 192.168.56.7 port 55344 ssh2
Apr 21 22:01:36 metasploitable3-ub1404 sshd[2202]: error: maximum authentication attempts exceeded for invalid user msfadmin from 192.168.56.7 port 55344 ssh2 [preauth]
Apr 21 22:01:36 metasploitable3-ub1404 sshd[2202]: Disconnecting: Too many authentication failures for msfadmin [preauth]
Apr 21 22:01:36 metasploitable3-ub1404 sshd[2202]: PAM 5 more authentication failures; logname= uid=0 euid=0 tty=ssh ruser= rhost=192.168.56.7 
Apr 21 22:01:36 metasploitable3-ub1404 sshd[2202]: PAM service(sshd) ignoring max retries; 6 > 3
Apr 21 22:01:36 metasploitable3-ub1404 sshd[2244]: Invalid user msfadmin from 192.168.56.7
Apr 21 22:01:36 metasploitable3-ub1404 sshd[2244]: input_userauth_request: invalid user msfadmin [preauth]
Apr 21 22:01:36 metasploitable3-ub1404 sshd[2244]: pam_unix(sshd:auth): check pass; user unknown
Apr 21 22:01:36 metasploitable3-ub1404 sshd[2244]: pam_unix(sshd:auth): authentication failure; logname= uid=0 euid=0 tty=ssh ruser= rhost=192.168.56.7 
Apr 21 22:01:37 metasploitable3-ub1404 sshd[2246]: Invalid user msfadmin from 192.168.56.7
Apr 21 22:01:37 metasploitable3-ub1404 sshd[2246]: input_userauth_request: invalid user msfadmin [preauth]
Apr 21 22:01:37 metasploitable3-ub1404 sshd[2246]: pam_unix(sshd:auth): check pass; user unknown
Apr 21 22:01:37 metasploitable3-ub1404 sshd[2246]: pam_unix(sshd:auth): authentication failure; logname= uid=0 euid=0 tty=ssh ruser= rhost=192.168.56.7 
Apr 21 22:01:37 metasploitable3-ub1404 sshd[2226]: Failed password for invalid user msfadmin from 192.168.56.7 port 48772 ssh2
Apr 21 22:01:37 metasploitable3-ub1404 sshd[2226]: pam_unix(sshd:auth): check pass; user unknown
Apr 21 22:01:38 metasploitable3-ub1404 sshd[2228]: Failed password for invalid user msfadmin from 192.168.56.7 port 48804 ssh2
Apr 21 22:01:38 metasploitable3-ub1404 sshd[2228]: pam_unix(sshd:auth): check pass; user unknown
Apr 21 22:01:38 metasploitable3-ub1404 sshd[2229]: Failed password for invalid user msfadmin from 192.168.56.7 port 48808 ssh2
Apr 21 22:01:38 metasploitable3-ub1404 sshd[2233]: Failed password for invalid user msfadmin from 192.168.56.7 port 48822 ssh2
Apr 21 22:01:38 metasploitable3-ub1404 sshd[2229]: pam_unix(sshd:auth): check pass; user unknown
Apr 21 22:01:38 metasploitable3-ub1404 sshd[2233]: pam_unix(sshd:auth): check pass; user unknown
Apr 21 22:01:38 metasploitable3-ub1404 sshd[2231]: Failed password for invalid user msfadmin from 192.168.56.7 port 48818 ssh2
Apr 21 22:01:38 metasploitable3-ub1404 sshd[2231]: pam_unix(sshd:auth): check pass; user unknown
Apr 21 22:01:38 metasploitable3-ub1404 sshd[2236]: Failed password for invalid user msfadmin from 192.168.56.7 port 48828 ssh2
Apr 21 22:01:38 metasploitable3-ub1404 sshd[2236]: pam_unix(sshd:auth): check pass; user unknown
Apr 21 22:01:38 metasploitable3-ub1404 sshd[2238]: Failed password for invalid user msfadmin from 192.168.56.7 port 48836 ssh2
Apr 21 22:01:38 metasploitable3-ub1404 sshd[2238]: pam_unix(sshd:auth): check pass; user unknown
Apr 21 22:01:38 metasploitable3-ub1404 sshd[2240]: Failed password for invalid user msfadmin from 192.168.56.7 port 48852 ssh2
Apr 21 22:01:38 metasploitable3-ub1404 sshd[2240]: pam_unix(sshd:auth): check pass; user unknown
Apr 21 22:01:38 metasploitable3-ub1404 sshd[2224]: Failed password for invalid user msfadmin from 192.168.56.7 port 48756 ssh2
Apr 21 22:01:38 metasploitable3-ub1404 sshd[2224]: pam_unix(sshd:auth): check pass; user unknown
Apr 21 22:01:38 metasploitable3-ub1404 sshd[2242]: Failed password for invalid user msfadmin from 192.168.56.7 port 48856 ssh2
Apr 21 22:01:38 metasploitable3-ub1404 sshd[2242]: pam_unix(sshd:auth): check pass; user unknown
Apr 21 22:01:38 metasploitable3-ub1404 sshd[2244]: Failed password for invalid user msfadmin from 192.168.56.7 port 48870 ssh2
Apr 21 22:01:38 metasploitable3-ub1404 sshd[2244]: pam_unix(sshd:auth): check pass; user unknown
Apr 21 22:01:39 metasploitable3-ub1404 sshd[2246]: Failed password for invalid user msfadmin from 192.168.56.7 port 48882 ssh2
Apr 21 22:01:39 metasploitable3-ub1404 sshd[2246]: pam_unix(sshd:auth): check pass; user unknown
Apr 21 22:01:39 metasploitable3-ub1404 sshd[2226]: Failed password for invalid user msfadmin from 192.168.56.7 port 48772 ssh2
Apr 21 22:01:39 metasploitable3-ub1404 sshd[2226]: pam_unix(sshd:auth): check pass; user unknown
Apr 21 22:01:39 metasploitable3-ub1404 sshd[2228]: Failed password for invalid user msfadmin from 192.168.56.7 port 48804 ssh2
Apr 21 22:01:39 metasploitable3-ub1404 sshd[2228]: pam_unix(sshd:auth): check pass; user unknown
Apr 21 22:01:39 metasploitable3-ub1404 sshd[2229]: Failed password for invalid user msfadmin from 192.168.56.7 port 48808 ssh2
Apr 21 22:01:39 metasploitable3-ub1404 sshd[2233]: Failed password for invalid user msfadmin from 192.168.56.7 port 48822 ssh2
Apr 21 22:01:39 metasploitable3-ub1404 sshd[2229]: pam_unix(sshd:auth): check pass; user unknown
Apr 21 22:01:39 metasploitable3-ub1404 sshd[2233]: pam_unix(sshd:auth): check pass; user unknown
Apr 21 22:01:39 metasploitable3-ub1404 sshd[2231]: Failed password for invalid user msfadmin from 192.168.56.7 port 48818 ssh2
Apr 21 22:01:39 metasploitable3-ub1404 sshd[2231]: pam_unix(sshd:auth): check pass; user unknown
Apr 21 22:01:39 metasploitable3-ub1404 sshd[2236]: Failed password for invalid user msfadmin from 192.168.56.7 port 48828 ssh2
Apr 21 22:01:39 metasploitable3-ub1404 sshd[2236]: pam_unix(sshd:auth): check pass; user unknown
Apr 21 22:01:40 metasploitable3-ub1404 sshd[2238]: Failed password for invalid user msfadmin from 192.168.56.7 port 48836 ssh2
Apr 21 22:01:40 metasploitable3-ub1404 sshd[2238]: pam_unix(sshd:auth): check pass; user unknown
Apr 21 22:01:40 metasploitable3-ub1404 sshd[2240]: Failed password for invalid user msfadmin from 192.168.56.7 port 48852 ssh2
Apr 21 22:01:40 metasploitable3-ub1404 sshd[2240]: pam_unix(sshd:auth): check pass; user unknown
Apr 21 22:01:40 metasploitable3-ub1404 sshd[2224]: Failed password for invalid user msfadmin from 192.168.56.7 port 48756 ssh2
Apr 21 22:01:40 metasploitable3-ub1404 sshd[2224]: pam_unix(sshd:auth): check pass; user unknown
Apr 21 22:01:40 metasploitable3-ub1404 sshd[2242]: Failed password for invalid user msfadmin from 192.168.56.7 port 48856 ssh2
Apr 21 22:01:40 metasploitable3-ub1404 sshd[2242]: pam_unix(sshd:auth): check pass; user unknown
Apr 21 22:01:40 metasploitable3-ub1404 sshd[2244]: Failed password for invalid user msfadmin from 192.168.56.7 port 48870 ssh2
Apr 21 22:01:40 metasploitable3-ub1404 sshd[2244]: pam_unix(sshd:auth): check pass; user unknown
Apr 21 22:01:41 metasploitable3-ub1404 sshd[2246]: Failed password for invalid user msfadmin from 192.168.56.7 port 48882 ssh2
Apr 21 22:01:41 metasploitable3-ub1404 sshd[2246]: pam_unix(sshd:auth): check pass; user unknown
Apr 21 22:01:41 metasploitable3-ub1404 sshd[2226]: Failed password for invalid user msfadmin from 192.168.56.7 port 48772 ssh2
Apr 21 22:01:41 metasploitable3-ub1404 sshd[2226]: pam_unix(sshd:auth): check pass; user unknown
Apr 21 22:01:42 metasploitable3-ub1404 sshd[2228]: Failed password for invalid user msfadmin from 192.168.56.7 port 48804 ssh2
Apr 21 22:01:42 metasploitable3-ub1404 sshd[2228]: pam_unix(sshd:auth): check pass; user unknown
Apr 21 22:01:42 metasploitable3-ub1404 sshd[2229]: Failed password for invalid user msfadmin from 192.168.56.7 port 48808 ssh2
Apr 21 22:01:42 metasploitable3-ub1404 sshd[2233]: Failed password for invalid user msfadmin from 192.168.56.7 port 48822 ssh2
Apr 21 22:01:42 metasploitable3-ub1404 sshd[2229]: pam_unix(sshd:auth): check pass; user unknown
Apr 21 22:01:42 metasploitable3-ub1404 sshd[2233]: pam_unix(sshd:auth): check pass; user unknown
Apr 21 22:01:42 metasploitable3-ub1404 sshd[2231]: Failed password for invalid user msfadmin from 192.168.56.7 port 48818 ssh2
Apr 21 22:01:42 metasploitable3-ub1404 sshd[2231]: pam_unix(sshd:auth): check pass; user unknown
Apr 21 22:01:42 metasploitable3-ub1404 sshd[2236]: Failed password for invalid user msfadmin from 192.168.56.7 port 48828 ssh2
Apr 21 22:01:42 metasploitable3-ub1404 sshd[2236]: pam_unix(sshd:auth): check pass; user unknown
Apr 21 22:01:42 metasploitable3-ub1404 sshd[2238]: Failed password for invalid user msfadmin from 192.168.56.7 port 48836 ssh2
Apr 21 22:01:42 metasploitable3-ub1404 sshd[2238]: pam_unix(sshd:auth): check pass; user unknown
Apr 21 22:01:42 metasploitable3-ub1404 sshd[2240]: Failed password for invalid user msfadmin from 192.168.56.7 port 48852 ssh2
Apr 21 22:01:42 metasploitable3-ub1404 sshd[2240]: pam_unix(sshd:auth): check pass; user unknown
Apr 21 22:01:42 metasploitable3-ub1404 sshd[2224]: Failed password for invalid user msfadmin from 192.168.56.7 port 48756 ssh2
Apr 21 22:01:42 metasploitable3-ub1404 sshd[2224]: pam_unix(sshd:auth): check pass; user unknown
Apr 21 22:01:42 metasploitable3-ub1404 sshd[2242]: Failed password for invalid user msfadmin from 192.168.56.7 port 48856 ssh2
Apr 21 22:01:42 metasploitable3-ub1404 sshd[2242]: pam_unix(sshd:auth): check pass; user unknown
Apr 21 22:01:42 metasploitable3-ub1404 sshd[2244]: Failed password for invalid user msfadmin from 192.168.56.7 port 48870 ssh2
Apr 21 22:01:42 metasploitable3-ub1404 sshd[2244]: pam_unix(sshd:auth): check pass; user unknown
Apr 21 22:01:43 metasploitable3-ub1404 sshd[2246]: Failed password for invalid user msfadmin from 192.168.56.7 port 48882 ssh2
Apr 21 22:01:43 metasploitable3-ub1404 sshd[2246]: pam_unix(sshd:auth): check pass; user unknown
Apr 21 22:01:43 metasploitable3-ub1404 sshd[2228]: Failed password for invalid user msfadmin from 192.168.56.7 port 48804 ssh2
Apr 21 22:01:43 metasploitable3-ub1404 sshd[2228]: pam_unix(sshd:auth): check pass; user unknown
Apr 21 22:01:43 metasploitable3-ub1404 sshd[2229]: Failed password for invalid user msfadmin from 192.168.56.7 port 48808 ssh2
Apr 21 22:01:43 metasploitable3-ub1404 sshd[2233]: Failed password for invalid user msfadmin from 192.168.56.7 port 48822 ssh2
Apr 21 22:01:43 metasploitable3-ub1404 sshd[2229]: pam_unix(sshd:auth): check pass; user unknown
Apr 21 22:01:43 metasploitable3-ub1404 sshd[2233]: pam_unix(sshd:auth): check pass; user unknown
Apr 21 22:01:43 metasploitable3-ub1404 sshd[2231]: Failed password for invalid user msfadmin from 192.168.56.7 port 48818 ssh2
Apr 21 22:01:43 metasploitable3-ub1404 sshd[2231]: pam_unix(sshd:auth): check pass; user unknown
Apr 21 22:01:44 metasploitable3-ub1404 sshd[2226]: Failed password for invalid user msfadmin from 192.168.56.7 port 48772 ssh2
Apr 21 22:01:44 metasploitable3-ub1404 sshd[2226]: pam_unix(sshd:auth): check pass; user unknown
Apr 21 22:01:44 metasploitable3-ub1404 sshd[2236]: Failed password for invalid user msfadmin from 192.168.56.7 port 48828 ssh2
Apr 21 22:01:44 metasploitable3-ub1404 sshd[2236]: pam_unix(sshd:auth): check pass; user unknown
Apr 21 22:01:44 metasploitable3-ub1404 sshd[2238]: Failed password for invalid user msfadmin from 192.168.56.7 port 48836 ssh2
Apr 21 22:01:44 metasploitable3-ub1404 sshd[2238]: pam_unix(sshd:auth): check pass; user unknown
Apr 21 22:01:44 metasploitable3-ub1404 sshd[2240]: Failed password for invalid user msfadmin from 192.168.56.7 port 48852 ssh2
Apr 21 22:01:44 metasploitable3-ub1404 sshd[2240]: pam_unix(sshd:auth): check pass; user unknown
Apr 21 22:01:44 metasploitable3-ub1404 sshd[2224]: Failed password for invalid user msfadmin from 192.168.56.7 port 48756 ssh2
Apr 21 22:01:44 metasploitable3-ub1404 sshd[2224]: pam_unix(sshd:auth): check pass; user unknown
Apr 21 22:01:44 metasploitable3-ub1404 sshd[2242]: Failed password for invalid user msfadmin from 192.168.56.7 port 48856 ssh2
Apr 21 22:01:44 metasploitable3-ub1404 sshd[2242]: pam_unix(sshd:auth): check pass; user unknown
Apr 21 22:01:44 metasploitable3-ub1404 sshd[2244]: Failed password for invalid user msfadmin from 192.168.56.7 port 48870 ssh2
Apr 21 22:01:44 metasploitable3-ub1404 sshd[2244]: pam_unix(sshd:auth): check pass; user unknown
Apr 21 22:01:45 metasploitable3-ub1404 sshd[2246]: Failed password for invalid user msfadmin from 192.168.56.7 port 48882 ssh2
Apr 21 22:01:45 metasploitable3-ub1404 sshd[2246]: pam_unix(sshd:auth): check pass; user unknown
Apr 21 22:01:45 metasploitable3-ub1404 sshd[2226]: Failed password for invalid user msfadmin from 192.168.56.7 port 48772 ssh2
Apr 21 22:01:45 metasploitable3-ub1404 sshd[2226]: pam_unix(sshd:auth): check pass; user unknown
Apr 21 22:01:45 metasploitable3-ub1404 sshd[2236]: Failed password for invalid user msfadmin from 192.168.56.7 port 48828 ssh2
Apr 21 22:01:45 metasploitable3-ub1404 sshd[2236]: pam_unix(sshd:auth): check pass; user unknown
Apr 21 22:01:46 metasploitable3-ub1404 sshd[2228]: Failed password for invalid user msfadmin from 192.168.56.7 port 48804 ssh2
Apr 21 22:01:46 metasploitable3-ub1404 sshd[2228]: pam_unix(sshd:auth): check pass; user unknown
Apr 21 22:01:46 metasploitable3-ub1404 sshd[2229]: Failed password for invalid user msfadmin from 192.168.56.7 port 48808 ssh2
Apr 21 22:01:46 metasploitable3-ub1404 sshd[2229]: pam_unix(sshd:auth): check pass; user unknown
Apr 21 22:01:46 metasploitable3-ub1404 sshd[2233]: Failed password for invalid user msfadmin from 192.168.56.7 port 48822 ssh2
Apr 21 22:01:46 metasploitable3-ub1404 sshd[2233]: pam_unix(sshd:auth): check pass; user unknown
Apr 21 22:01:46 metasploitable3-ub1404 sshd[2231]: Failed password for invalid user msfadmin from 192.168.56.7 port 48818 ssh2
Apr 21 22:01:46 metasploitable3-ub1404 sshd[2231]: pam_unix(sshd:auth): check pass; user unknown
Apr 21 22:01:46 metasploitable3-ub1404 sshd[2238]: Failed password for invalid user msfadmin from 192.168.56.7 port 48836 ssh2
Apr 21 22:01:46 metasploitable3-ub1404 sshd[2238]: pam_unix(sshd:auth): check pass; user unknown
Apr 21 22:01:46 metasploitable3-ub1404 sshd[2240]: Failed password for invalid user msfadmin from 192.168.56.7 port 48852 ssh2
Apr 21 22:01:46 metasploitable3-ub1404 sshd[2240]: pam_unix(sshd:auth): check pass; user unknown
Apr 21 22:01:46 metasploitable3-ub1404 sshd[2224]: Failed password for invalid user msfadmin from 192.168.56.7 port 48756 ssh2
Apr 21 22:01:46 metasploitable3-ub1404 sshd[2224]: pam_unix(sshd:auth): check pass; user unknown
Apr 21 22:01:46 metasploitable3-ub1404 sshd[2242]: Failed password for invalid user msfadmin from 192.168.56.7 port 48856 ssh2
Apr 21 22:01:46 metasploitable3-ub1404 sshd[2242]: pam_unix(sshd:auth): check pass; user unknown
Apr 21 22:01:46 metasploitable3-ub1404 sshd[2244]: Failed password for invalid user msfadmin from 192.168.56.7 port 48870 ssh2
Apr 21 22:01:46 metasploitable3-ub1404 sshd[2244]: pam_unix(sshd:auth): check pass; user unknown
Apr 21 22:01:47 metasploitable3-ub1404 sshd[2246]: Failed password for invalid user msfadmin from 192.168.56.7 port 48882 ssh2
Apr 21 22:01:47 metasploitable3-ub1404 sshd[2246]: pam_unix(sshd:auth): check pass; user unknown
Apr 21 22:01:47 metasploitable3-ub1404 sshd[2226]: Failed password for invalid user msfadmin from 192.168.56.7 port 48772 ssh2
Apr 21 22:01:47 metasploitable3-ub1404 sshd[2226]: error: maximum authentication attempts exceeded for invalid user msfadmin from 192.168.56.7 port 48772 ssh2 [preauth]
Apr 21 22:01:47 metasploitable3-ub1404 sshd[2226]: Disconnecting: Too many authentication failures for msfadmin [preauth]
Apr 21 22:01:47 metasploitable3-ub1404 sshd[2226]: PAM 5 more authentication failures; logname= uid=0 euid=0 tty=ssh ruser= rhost=192.168.56.7 
Apr 21 22:01:47 metasploitable3-ub1404 sshd[2226]: PAM service(sshd) ignoring max retries; 6 > 3
Apr 21 22:01:47 metasploitable3-ub1404 sshd[2236]: Failed password for invalid user msfadmin from 192.168.56.7 port 48828 ssh2
Apr 21 22:01:47 metasploitable3-ub1404 sshd[2236]: error: maximum authentication attempts exceeded for invalid user msfadmin from 192.168.56.7 port 48828 ssh2 [preauth]
Apr 21 22:01:47 metasploitable3-ub1404 sshd[2236]: Disconnecting: Too many authentication failures for msfadmin [preauth]
Apr 21 22:01:47 metasploitable3-ub1404 sshd[2236]: PAM 5 more authentication failures; logname= uid=0 euid=0 tty=ssh ruser= rhost=192.168.56.7 
Apr 21 22:01:47 metasploitable3-ub1404 sshd[2236]: PAM service(sshd) ignoring max retries; 6 > 3
Apr 21 22:01:47 metasploitable3-ub1404 sshd[2248]: Invalid user msfadmin from 192.168.56.7
Apr 21 22:01:47 metasploitable3-ub1404 sshd[2248]: input_userauth_request: invalid user msfadmin [preauth]
Apr 21 22:01:47 metasploitable3-ub1404 sshd[2248]: pam_unix(sshd:auth): check pass; user unknown
Apr 21 22:01:47 metasploitable3-ub1404 sshd[2248]: pam_unix(sshd:auth): authentication failure; logname= uid=0 euid=0 tty=ssh ruser= rhost=192.168.56.7 
Apr 21 22:01:47 metasploitable3-ub1404 sshd[2250]: Invalid user msfadmin from 192.168.56.7
Apr 21 22:01:47 metasploitable3-ub1404 sshd[2250]: input_userauth_request: invalid user msfadmin [preauth]
Apr 21 22:01:47 metasploitable3-ub1404 sshd[2250]: pam_unix(sshd:auth): check pass; user unknown
Apr 21 22:01:47 metasploitable3-ub1404 sshd[2250]: pam_unix(sshd:auth): authentication failure; logname= uid=0 euid=0 tty=ssh ruser= rhost=192.168.56.7 
Apr 21 22:01:48 metasploitable3-ub1404 sshd[2228]: Failed password for invalid user msfadmin from 192.168.56.7 port 48804 ssh2
Apr 21 22:01:48 metasploitable3-ub1404 sshd[2228]: error: maximum authentication attempts exceeded for invalid user msfadmin from 192.168.56.7 port 48804 ssh2 [preauth]
Apr 21 22:01:48 metasploitable3-ub1404 sshd[2228]: Disconnecting: Too many authentication failures for msfadmin [preauth]
Apr 21 22:01:48 metasploitable3-ub1404 sshd[2228]: PAM 5 more authentication failures; logname= uid=0 euid=0 tty=ssh ruser= rhost=192.168.56.7 
Apr 21 22:01:48 metasploitable3-ub1404 sshd[2228]: PAM service(sshd) ignoring max retries; 6 > 3
Apr 21 22:01:48 metasploitable3-ub1404 sshd[2229]: Failed password for invalid user msfadmin from 192.168.56.7 port 48808 ssh2
Apr 21 22:01:48 metasploitable3-ub1404 sshd[2229]: error: maximum authentication attempts exceeded for invalid user msfadmin from 192.168.56.7 port 48808 ssh2 [preauth]
Apr 21 22:01:48 metasploitable3-ub1404 sshd[2229]: Disconnecting: Too many authentication failures for msfadmin [preauth]
Apr 21 22:01:48 metasploitable3-ub1404 sshd[2229]: PAM 5 more authentication failures; logname= uid=0 euid=0 tty=ssh ruser= rhost=192.168.56.7 
Apr 21 22:01:48 metasploitable3-ub1404 sshd[2229]: PAM service(sshd) ignoring max retries; 6 > 3
Apr 21 22:01:48 metasploitable3-ub1404 sshd[2233]: Failed password for invalid user msfadmin from 192.168.56.7 port 48822 ssh2
Apr 21 22:01:48 metasploitable3-ub1404 sshd[2233]: error: maximum authentication attempts exceeded for invalid user msfadmin from 192.168.56.7 port 48822 ssh2 [preauth]
Apr 21 22:01:48 metasploitable3-ub1404 sshd[2233]: Disconnecting: Too many authentication failures for msfadmin [preauth]
Apr 21 22:01:48 metasploitable3-ub1404 sshd[2233]: PAM 5 more authentication failures; logname= uid=0 euid=0 tty=ssh ruser= rhost=192.168.56.7 
Apr 21 22:01:48 metasploitable3-ub1404 sshd[2233]: PAM service(sshd) ignoring max retries; 6 > 3
Apr 21 22:01:48 metasploitable3-ub1404 sshd[2231]: Failed password for invalid user msfadmin from 192.168.56.7 port 48818 ssh2
Apr 21 22:01:48 metasploitable3-ub1404 sshd[2231]: error: maximum authentication attempts exceeded for invalid user msfadmin from 192.168.56.7 port 48818 ssh2 [preauth]
Apr 21 22:01:48 metasploitable3-ub1404 sshd[2231]: Disconnecting: Too many authentication failures for msfadmin [preauth]
Apr 21 22:01:48 metasploitable3-ub1404 sshd[2231]: PAM 5 more authentication failures; logname= uid=0 euid=0 tty=ssh ruser= rhost=192.168.56.7 
Apr 21 22:01:48 metasploitable3-ub1404 sshd[2231]: PAM service(sshd) ignoring max retries; 6 > 3
Apr 21 22:01:48 metasploitable3-ub1404 sshd[2252]: Invalid user msfadmin from 192.168.56.7
Apr 21 22:01:48 metasploitable3-ub1404 sshd[2252]: input_userauth_request: invalid user msfadmin [preauth]
Apr 21 22:01:48 metasploitable3-ub1404 sshd[2252]: pam_unix(sshd:auth): check pass; user unknown
Apr 21 22:01:48 metasploitable3-ub1404 sshd[2252]: pam_unix(sshd:auth): authentication failure; logname= uid=0 euid=0 tty=ssh ruser= rhost=192.168.56.7 
Apr 21 22:01:48 metasploitable3-ub1404 sshd[2256]: Invalid user msfadmin from 192.168.56.7
Apr 21 22:01:48 metasploitable3-ub1404 sshd[2256]: input_userauth_request: invalid user msfadmin [preauth]
Apr 21 22:01:48 metasploitable3-ub1404 sshd[2256]: pam_unix(sshd:auth): check pass; user unknown
Apr 21 22:01:48 metasploitable3-ub1404 sshd[2256]: pam_unix(sshd:auth): authentication failure; logname= uid=0 euid=0 tty=ssh ruser= rhost=192.168.56.7 
Apr 21 22:01:48 metasploitable3-ub1404 sshd[2253]: Invalid user msfadmin from 192.168.56.7
Apr 21 22:01:48 metasploitable3-ub1404 sshd[2253]: input_userauth_request: invalid user msfadmin [preauth]
Apr 21 22:01:48 metasploitable3-ub1404 sshd[2253]: pam_unix(sshd:auth): check pass; user unknown
Apr 21 22:01:48 metasploitable3-ub1404 sshd[2253]: pam_unix(sshd:auth): authentication failure; logname= uid=0 euid=0 tty=ssh ruser= rhost=192.168.56.7 
Apr 21 22:01:48 metasploitable3-ub1404 sshd[2238]: Failed password for invalid user msfadmin from 192.168.56.7 port 48836 ssh2
Apr 21 22:01:48 metasploitable3-ub1404 sshd[2238]: error: maximum authentication attempts exceeded for invalid user msfadmin from 192.168.56.7 port 48836 ssh2 [preauth]
Apr 21 22:01:48 metasploitable3-ub1404 sshd[2238]: Disconnecting: Too many authentication failures for msfadmin [preauth]
Apr 21 22:01:48 metasploitable3-ub1404 sshd[2238]: PAM 5 more authentication failures; logname= uid=0 euid=0 tty=ssh ruser= rhost=192.168.56.7 
Apr 21 22:01:48 metasploitable3-ub1404 sshd[2238]: PAM service(sshd) ignoring max retries; 6 > 3
Apr 21 22:01:48 metasploitable3-ub1404 sshd[2240]: Failed password for invalid user msfadmin from 192.168.56.7 port 48852 ssh2
Apr 21 22:01:48 metasploitable3-ub1404 sshd[2240]: error: maximum authentication attempts exceeded for invalid user msfadmin from 192.168.56.7 port 48852 ssh2 [preauth]
Apr 21 22:01:48 metasploitable3-ub1404 sshd[2240]: Disconnecting: Too many authentication failures for msfadmin [preauth]
Apr 21 22:01:48 metasploitable3-ub1404 sshd[2240]: PAM 5 more authentication failures; logname= uid=0 euid=0 tty=ssh ruser= rhost=192.168.56.7 
Apr 21 22:01:48 metasploitable3-ub1404 sshd[2240]: PAM service(sshd) ignoring max retries; 6 > 3
Apr 21 22:01:48 metasploitable3-ub1404 sshd[2258]: Invalid user msfadmin from 192.168.56.7
Apr 21 22:01:48 metasploitable3-ub1404 sshd[2258]: input_userauth_request: invalid user msfadmin [preauth]
Apr 21 22:01:48 metasploitable3-ub1404 sshd[2258]: pam_unix(sshd:auth): check pass; user unknown
Apr 21 22:01:48 metasploitable3-ub1404 sshd[2258]: pam_unix(sshd:auth): authentication failure; logname= uid=0 euid=0 tty=ssh ruser= rhost=192.168.56.7 
Apr 21 22:01:48 metasploitable3-ub1404 sshd[2224]: Failed password for invalid user msfadmin from 192.168.56.7 port 48756 ssh2
Apr 21 22:01:48 metasploitable3-ub1404 sshd[2224]: error: maximum authentication attempts exceeded for invalid user msfadmin from 192.168.56.7 port 48756 ssh2 [preauth]
Apr 21 22:01:48 metasploitable3-ub1404 sshd[2224]: Disconnecting: Too many authentication failures for msfadmin [preauth]
Apr 21 22:01:48 metasploitable3-ub1404 sshd[2224]: PAM 5 more authentication failures; logname= uid=0 euid=0 tty=ssh ruser= rhost=192.168.56.7 
Apr 21 22:01:48 metasploitable3-ub1404 sshd[2224]: PAM service(sshd) ignoring max retries; 6 > 3
Apr 21 22:01:48 metasploitable3-ub1404 sshd[2260]: Invalid user msfadmin from 192.168.56.7
Apr 21 22:01:48 metasploitable3-ub1404 sshd[2260]: input_userauth_request: invalid user msfadmin [preauth]
Apr 21 22:01:48 metasploitable3-ub1404 sshd[2260]: pam_unix(sshd:auth): check pass; user unknown
Apr 21 22:01:48 metasploitable3-ub1404 sshd[2260]: pam_unix(sshd:auth): authentication failure; logname= uid=0 euid=0 tty=ssh ruser= rhost=192.168.56.7 
Apr 21 22:01:48 metasploitable3-ub1404 sshd[2242]: Failed password for invalid user msfadmin from 192.168.56.7 port 48856 ssh2
Apr 21 22:01:48 metasploitable3-ub1404 sshd[2242]: error: maximum authentication attempts exceeded for invalid user msfadmin from 192.168.56.7 port 48856 ssh2 [preauth]
Apr 21 22:01:48 metasploitable3-ub1404 sshd[2242]: Disconnecting: Too many authentication failures for msfadmin [preauth]
Apr 21 22:01:48 metasploitable3-ub1404 sshd[2242]: PAM 5 more authentication failures; logname= uid=0 euid=0 tty=ssh ruser= rhost=192.168.56.7 
Apr 21 22:01:48 metasploitable3-ub1404 sshd[2242]: PAM service(sshd) ignoring max retries; 6 > 3
Apr 21 22:01:48 metasploitable3-ub1404 sshd[2262]: Invalid user msfadmin from 192.168.56.7
Apr 21 22:01:48 metasploitable3-ub1404 sshd[2262]: input_userauth_request: invalid user msfadmin [preauth]
Apr 21 22:01:48 metasploitable3-ub1404 sshd[2262]: pam_unix(sshd:auth): check pass; user unknown
Apr 21 22:01:48 metasploitable3-ub1404 sshd[2262]: pam_unix(sshd:auth): authentication failure; logname= uid=0 euid=0 tty=ssh ruser= rhost=192.168.56.7 
Apr 21 22:01:48 metasploitable3-ub1404 sshd[2264]: Invalid user msfadmin from 192.168.56.7
Apr 21 22:01:48 metasploitable3-ub1404 sshd[2264]: input_userauth_request: invalid user msfadmin [preauth]
Apr 21 22:01:48 metasploitable3-ub1404 sshd[2264]: pam_unix(sshd:auth): check pass; user unknown
Apr 21 22:01:48 metasploitable3-ub1404 sshd[2264]: pam_unix(sshd:auth): authentication failure; logname= uid=0 euid=0 tty=ssh ruser= rhost=192.168.56.7 
Apr 21 22:01:48 metasploitable3-ub1404 sshd[2244]: Failed password for invalid user msfadmin from 192.168.56.7 port 48870 ssh2
Apr 21 22:01:48 metasploitable3-ub1404 sshd[2244]: error: maximum authentication attempts exceeded for invalid user msfadmin from 192.168.56.7 port 48870 ssh2 [preauth]
Apr 21 22:01:48 metasploitable3-ub1404 sshd[2244]: Disconnecting: Too many authentication failures for msfadmin [preauth]
Apr 21 22:01:48 metasploitable3-ub1404 sshd[2244]: PAM 5 more authentication failures; logname= uid=0 euid=0 tty=ssh ruser= rhost=192.168.56.7 
Apr 21 22:01:48 metasploitable3-ub1404 sshd[2244]: PAM service(sshd) ignoring max retries; 6 > 3
Apr 21 22:01:48 metasploitable3-ub1404 sshd[2266]: Invalid user msfadmin from 192.168.56.7
Apr 21 22:01:48 metasploitable3-ub1404 sshd[2266]: input_userauth_request: invalid user msfadmin [preauth]
Apr 21 22:01:48 metasploitable3-ub1404 sshd[2266]: pam_unix(sshd:auth): check pass; user unknown
Apr 21 22:01:48 metasploitable3-ub1404 sshd[2266]: pam_unix(sshd:auth): authentication failure; logname= uid=0 euid=0 tty=ssh ruser= rhost=192.168.56.7 
Apr 21 22:01:49 metasploitable3-ub1404 sshd[2268]: Invalid user msfadmin from 192.168.56.7
Apr 21 22:01:49 metasploitable3-ub1404 sshd[2268]: input_userauth_request: invalid user msfadmin [preauth]
Apr 21 22:01:49 metasploitable3-ub1404 sshd[2268]: pam_unix(sshd:auth): check pass; user unknown
Apr 21 22:01:49 metasploitable3-ub1404 sshd[2268]: pam_unix(sshd:auth): authentication failure; logname= uid=0 euid=0 tty=ssh ruser= rhost=192.168.56.7 
Apr 21 22:01:49 metasploitable3-ub1404 sshd[2246]: Failed password for invalid user msfadmin from 192.168.56.7 port 48882 ssh2
Apr 21 22:01:49 metasploitable3-ub1404 sshd[2246]: error: maximum authentication attempts exceeded for invalid user msfadmin from 192.168.56.7 port 48882 ssh2 [preauth]
Apr 21 22:01:49 metasploitable3-ub1404 sshd[2246]: Disconnecting: Too many authentication failures for msfadmin [preauth]
Apr 21 22:01:49 metasploitable3-ub1404 sshd[2246]: PAM 5 more authentication failures; logname= uid=0 euid=0 tty=ssh ruser= rhost=192.168.56.7 
Apr 21 22:01:49 metasploitable3-ub1404 sshd[2246]: PAM service(sshd) ignoring max retries; 6 > 3
Apr 21 22:01:49 metasploitable3-ub1404 sshd[2270]: Invalid user msfadmin from 192.168.56.7
Apr 21 22:01:49 metasploitable3-ub1404 sshd[2270]: input_userauth_request: invalid user msfadmin [preauth]
Apr 21 22:01:49 metasploitable3-ub1404 sshd[2270]: pam_unix(sshd:auth): check pass; user unknown
Apr 21 22:01:49 metasploitable3-ub1404 sshd[2270]: pam_unix(sshd:auth): authentication failure; logname= uid=0 euid=0 tty=ssh ruser= rhost=192.168.56.7 
Apr 21 22:01:50 metasploitable3-ub1404 sshd[2248]: Failed password for invalid user msfadmin from 192.168.56.7 port 52494 ssh2
Apr 21 22:01:50 metasploitable3-ub1404 sshd[2248]: pam_unix(sshd:auth): check pass; user unknown
Apr 21 22:01:50 metasploitable3-ub1404 sshd[2250]: Failed password for invalid user msfadmin from 192.168.56.7 port 52498 ssh2
Apr 21 22:01:50 metasploitable3-ub1404 sshd[2250]: pam_unix(sshd:auth): check pass; user unknown
Apr 21 22:01:50 metasploitable3-ub1404 sshd[2252]: Failed password for invalid user msfadmin from 192.168.56.7 port 52512 ssh2
Apr 21 22:01:50 metasploitable3-ub1404 sshd[2252]: pam_unix(sshd:auth): check pass; user unknown
Apr 21 22:01:50 metasploitable3-ub1404 sshd[2256]: Failed password for invalid user msfadmin from 192.168.56.7 port 52548 ssh2
Apr 21 22:01:50 metasploitable3-ub1404 sshd[2256]: pam_unix(sshd:auth): check pass; user unknown
Apr 21 22:01:50 metasploitable3-ub1404 sshd[2253]: Failed password for invalid user msfadmin from 192.168.56.7 port 52528 ssh2
Apr 21 22:01:50 metasploitable3-ub1404 sshd[2253]: pam_unix(sshd:auth): check pass; user unknown
Apr 21 22:01:50 metasploitable3-ub1404 sshd[2258]: Failed password for invalid user msfadmin from 192.168.56.7 port 52552 ssh2
Apr 21 22:01:50 metasploitable3-ub1404 sshd[2258]: pam_unix(sshd:auth): check pass; user unknown
Apr 21 22:01:50 metasploitable3-ub1404 sshd[2260]: Failed password for invalid user msfadmin from 192.168.56.7 port 52560 ssh2
Apr 21 22:01:50 metasploitable3-ub1404 sshd[2260]: pam_unix(sshd:auth): check pass; user unknown
Apr 21 22:01:50 metasploitable3-ub1404 sshd[2262]: Failed password for invalid user msfadmin from 192.168.56.7 port 52584 ssh2
Apr 21 22:01:50 metasploitable3-ub1404 sshd[2262]: pam_unix(sshd:auth): check pass; user unknown
Apr 21 22:01:50 metasploitable3-ub1404 sshd[2264]: Failed password for invalid user msfadmin from 192.168.56.7 port 52598 ssh2
Apr 21 22:01:50 metasploitable3-ub1404 sshd[2264]: pam_unix(sshd:auth): check pass; user unknown
Apr 21 22:01:50 metasploitable3-ub1404 sshd[2266]: Failed password for invalid user msfadmin from 192.168.56.7 port 52616 ssh2
Apr 21 22:01:50 metasploitable3-ub1404 sshd[2266]: pam_unix(sshd:auth): check pass; user unknown
Apr 21 22:01:51 metasploitable3-ub1404 sshd[2268]: Failed password for invalid user msfadmin from 192.168.56.7 port 52632 ssh2
Apr 21 22:01:51 metasploitable3-ub1404 sshd[2268]: pam_unix(sshd:auth): check pass; user unknown
Apr 21 22:01:52 metasploitable3-ub1404 sshd[2248]: Failed password for invalid user msfadmin from 192.168.56.7 port 52494 ssh2
Apr 21 22:01:52 metasploitable3-ub1404 sshd[2248]: pam_unix(sshd:auth): check pass; user unknown
Apr 21 22:01:52 metasploitable3-ub1404 sshd[2250]: Failed password for invalid user msfadmin from 192.168.56.7 port 52498 ssh2
Apr 21 22:01:52 metasploitable3-ub1404 sshd[2250]: pam_unix(sshd:auth): check pass; user unknown
Apr 21 22:01:52 metasploitable3-ub1404 sshd[2252]: Failed password for invalid user msfadmin from 192.168.56.7 port 52512 ssh2
Apr 21 22:01:52 metasploitable3-ub1404 sshd[2252]: pam_unix(sshd:auth): check pass; user unknown
Apr 21 22:01:52 metasploitable3-ub1404 sshd[2270]: Failed password for invalid user msfadmin from 192.168.56.7 port 52638 ssh2
Apr 21 22:01:52 metasploitable3-ub1404 sshd[2270]: pam_unix(sshd:auth): check pass; user unknown
Apr 21 22:01:52 metasploitable3-ub1404 sshd[2256]: Failed password for invalid user msfadmin from 192.168.56.7 port 52548 ssh2
Apr 21 22:01:52 metasploitable3-ub1404 sshd[2256]: pam_unix(sshd:auth): check pass; user unknown
Apr 21 22:01:52 metasploitable3-ub1404 sshd[2253]: Failed password for invalid user msfadmin from 192.168.56.7 port 52528 ssh2
Apr 21 22:01:52 metasploitable3-ub1404 sshd[2253]: pam_unix(sshd:auth): check pass; user unknown
Apr 21 22:01:52 metasploitable3-ub1404 sshd[2258]: Failed password for invalid user msfadmin from 192.168.56.7 port 52552 ssh2
Apr 21 22:01:52 metasploitable3-ub1404 sshd[2258]: pam_unix(sshd:auth): check pass; user unknown
Apr 21 22:01:52 metasploitable3-ub1404 sshd[2260]: Failed password for invalid user msfadmin from 192.168.56.7 port 52560 ssh2
Apr 21 22:01:52 metasploitable3-ub1404 sshd[2260]: pam_unix(sshd:auth): check pass; user unknown
Apr 21 22:01:52 metasploitable3-ub1404 sshd[2262]: Failed password for invalid user msfadmin from 192.168.56.7 port 52584 ssh2
Apr 21 22:01:52 metasploitable3-ub1404 sshd[2262]: pam_unix(sshd:auth): check pass; user unknown
Apr 21 22:01:52 metasploitable3-ub1404 sshd[2264]: Failed password for invalid user msfadmin from 192.168.56.7 port 52598 ssh2
Apr 21 22:01:52 metasploitable3-ub1404 sshd[2264]: pam_unix(sshd:auth): check pass; user unknown
Apr 21 22:01:52 metasploitable3-ub1404 sshd[2266]: Failed password for invalid user msfadmin from 192.168.56.7 port 52616 ssh2
Apr 21 22:01:52 metasploitable3-ub1404 sshd[2266]: pam_unix(sshd:auth): check pass; user unknown
Apr 21 22:01:53 metasploitable3-ub1404 sshd[2268]: Failed password for invalid user msfadmin from 192.168.56.7 port 52632 ssh2
Apr 21 22:01:53 metasploitable3-ub1404 sshd[2268]: pam_unix(sshd:auth): check pass; user unknown
Apr 21 22:01:53 metasploitable3-ub1404 sshd[2248]: Failed password for invalid user msfadmin from 192.168.56.7 port 52494 ssh2
Apr 21 22:01:53 metasploitable3-ub1404 sshd[2248]: pam_unix(sshd:auth): check pass; user unknown
Apr 21 22:01:54 metasploitable3-ub1404 sshd[2250]: Failed password for invalid user msfadmin from 192.168.56.7 port 52498 ssh2
Apr 21 22:01:54 metasploitable3-ub1404 sshd[2250]: pam_unix(sshd:auth): check pass; user unknown
Apr 21 22:01:54 metasploitable3-ub1404 sshd[2252]: Failed password for invalid user msfadmin from 192.168.56.7 port 52512 ssh2
Apr 21 22:01:54 metasploitable3-ub1404 sshd[2252]: pam_unix(sshd:auth): check pass; user unknown
Apr 21 22:01:54 metasploitable3-ub1404 sshd[2270]: Failed password for invalid user msfadmin from 192.168.56.7 port 52638 ssh2
Apr 21 22:01:54 metasploitable3-ub1404 sshd[2270]: pam_unix(sshd:auth): check pass; user unknown
Apr 21 22:01:54 metasploitable3-ub1404 sshd[2256]: Failed password for invalid user msfadmin from 192.168.56.7 port 52548 ssh2
Apr 21 22:01:54 metasploitable3-ub1404 sshd[2256]: pam_unix(sshd:auth): check pass; user unknown
Apr 21 22:01:54 metasploitable3-ub1404 sshd[2253]: Failed password for invalid user msfadmin from 192.168.56.7 port 52528 ssh2
Apr 21 22:01:54 metasploitable3-ub1404 sshd[2253]: pam_unix(sshd:auth): check pass; user unknown
Apr 21 22:01:54 metasploitable3-ub1404 sshd[2258]: Failed password for invalid user msfadmin from 192.168.56.7 port 52552 ssh2
Apr 21 22:01:54 metasploitable3-ub1404 sshd[2258]: pam_unix(sshd:auth): check pass; user unknown
Apr 21 22:01:54 metasploitable3-ub1404 sshd[2260]: Failed password for invalid user msfadmin from 192.168.56.7 port 52560 ssh2
Apr 21 22:01:54 metasploitable3-ub1404 sshd[2260]: pam_unix(sshd:auth): check pass; user unknown
Apr 21 22:01:54 metasploitable3-ub1404 sshd[2262]: Failed password for invalid user msfadmin from 192.168.56.7 port 52584 ssh2
Apr 21 22:01:54 metasploitable3-ub1404 sshd[2262]: pam_unix(sshd:auth): check pass; user unknown
Apr 21 22:01:54 metasploitable3-ub1404 sshd[2264]: Failed password for invalid user msfadmin from 192.168.56.7 port 52598 ssh2
Apr 21 22:01:54 metasploitable3-ub1404 sshd[2264]: pam_unix(sshd:auth): check pass; user unknown
Apr 21 22:01:54 metasploitable3-ub1404 sshd[2266]: Failed password for invalid user msfadmin from 192.168.56.7 port 52616 ssh2
Apr 21 22:01:54 metasploitable3-ub1404 sshd[2266]: pam_unix(sshd:auth): check pass; user unknown
Apr 21 22:01:55 metasploitable3-ub1404 sshd[2268]: Failed password for invalid user msfadmin from 192.168.56.7 port 52632 ssh2
Apr 21 22:01:55 metasploitable3-ub1404 sshd[2268]: pam_unix(sshd:auth): check pass; user unknown
Apr 21 22:01:55 metasploitable3-ub1404 sshd[2250]: Failed password for invalid user msfadmin from 192.168.56.7 port 52498 ssh2
Apr 21 22:01:55 metasploitable3-ub1404 sshd[2250]: pam_unix(sshd:auth): check pass; user unknown
Apr 21 22:01:55 metasploitable3-ub1404 sshd[2252]: Failed password for invalid user msfadmin from 192.168.56.7 port 52512 ssh2
Apr 21 22:01:55 metasploitable3-ub1404 sshd[2252]: pam_unix(sshd:auth): check pass; user unknown
Apr 21 22:01:55 metasploitable3-ub1404 sshd[2270]: Failed password for invalid user msfadmin from 192.168.56.7 port 52638 ssh2
Apr 21 22:01:55 metasploitable3-ub1404 sshd[2270]: pam_unix(sshd:auth): check pass; user unknown
Apr 21 22:01:55 metasploitable3-ub1404 sshd[2256]: Failed password for invalid user msfadmin from 192.168.56.7 port 52548 ssh2
Apr 21 22:01:55 metasploitable3-ub1404 sshd[2256]: pam_unix(sshd:auth): check pass; user unknown
Apr 21 22:01:55 metasploitable3-ub1404 sshd[2253]: Failed password for invalid user msfadmin from 192.168.56.7 port 52528 ssh2
Apr 21 22:01:55 metasploitable3-ub1404 sshd[2253]: pam_unix(sshd:auth): check pass; user unknown
Apr 21 22:01:56 metasploitable3-ub1404 sshd[2258]: Failed password for invalid user msfadmin from 192.168.56.7 port 52552 ssh2
Apr 21 22:01:56 metasploitable3-ub1404 sshd[2258]: pam_unix(sshd:auth): check pass; user unknown
Apr 21 22:01:56 metasploitable3-ub1404 sshd[2248]: Failed password for invalid user msfadmin from 192.168.56.7 port 52494 ssh2
Apr 21 22:01:56 metasploitable3-ub1404 sshd[2260]: Failed password for invalid user msfadmin from 192.168.56.7 port 52560 ssh2
Apr 21 22:01:56 metasploitable3-ub1404 sshd[2248]: pam_unix(sshd:auth): check pass; user unknown
Apr 21 22:01:56 metasploitable3-ub1404 sshd[2260]: pam_unix(sshd:auth): check pass; user unknown
Apr 21 22:01:56 metasploitable3-ub1404 sshd[2262]: Failed password for invalid user msfadmin from 192.168.56.7 port 52584 ssh2
Apr 21 22:01:56 metasploitable3-ub1404 sshd[2262]: pam_unix(sshd:auth): check pass; user unknown
Apr 21 22:01:56 metasploitable3-ub1404 sshd[2264]: Failed password for invalid user msfadmin from 192.168.56.7 port 52598 ssh2
Apr 21 22:01:56 metasploitable3-ub1404 sshd[2264]: pam_unix(sshd:auth): check pass; user unknown
Apr 21 22:01:56 metasploitable3-ub1404 sshd[2266]: Failed password for invalid user msfadmin from 192.168.56.7 port 52616 ssh2
Apr 21 22:01:56 metasploitable3-ub1404 sshd[2266]: pam_unix(sshd:auth): check pass; user unknown
Apr 21 22:01:57 metasploitable3-ub1404 sshd[2268]: Failed password for invalid user msfadmin from 192.168.56.7 port 52632 ssh2
Apr 21 22:01:57 metasploitable3-ub1404 sshd[2268]: pam_unix(sshd:auth): check pass; user unknown
Apr 21 22:01:57 metasploitable3-ub1404 sshd[2250]: Failed password for invalid user msfadmin from 192.168.56.7 port 52498 ssh2
Apr 21 22:01:57 metasploitable3-ub1404 sshd[2250]: pam_unix(sshd:auth): check pass; user unknown
Apr 21 22:01:57 metasploitable3-ub1404 sshd[2252]: Failed password for invalid user msfadmin from 192.168.56.7 port 52512 ssh2
Apr 21 22:01:57 metasploitable3-ub1404 sshd[2252]: pam_unix(sshd:auth): check pass; user unknown
Apr 21 22:01:57 metasploitable3-ub1404 sshd[2270]: Failed password for invalid user msfadmin from 192.168.56.7 port 52638 ssh2
Apr 21 22:01:57 metasploitable3-ub1404 sshd[2270]: pam_unix(sshd:auth): check pass; user unknown
Apr 21 22:01:57 metasploitable3-ub1404 sshd[2256]: Failed password for invalid user msfadmin from 192.168.56.7 port 52548 ssh2
Apr 21 22:01:57 metasploitable3-ub1404 sshd[2253]: Failed password for invalid user msfadmin from 192.168.56.7 port 52528 ssh2
Apr 21 22:01:57 metasploitable3-ub1404 sshd[2256]: pam_unix(sshd:auth): check pass; user unknown
Apr 21 22:01:57 metasploitable3-ub1404 sshd[2258]: Failed password for invalid user msfadmin from 192.168.56.7 port 52552 ssh2
Apr 21 22:01:57 metasploitable3-ub1404 sshd[2253]: pam_unix(sshd:auth): check pass; user unknown
Apr 21 22:01:57 metasploitable3-ub1404 sshd[2258]: pam_unix(sshd:auth): check pass; user unknown
Apr 21 22:01:57 metasploitable3-ub1404 sshd[2248]: Failed password for invalid user msfadmin from 192.168.56.7 port 52494 ssh2
Apr 21 22:01:57 metasploitable3-ub1404 sshd[2248]: pam_unix(sshd:auth): check pass; user unknown
Apr 21 22:01:57 metasploitable3-ub1404 sshd[2260]: Failed password for invalid user msfadmin from 192.168.56.7 port 52560 ssh2
Apr 21 22:01:57 metasploitable3-ub1404 sshd[2260]: pam_unix(sshd:auth): check pass; user unknown
Apr 21 22:01:58 metasploitable3-ub1404 sshd[2262]: Failed password for invalid user msfadmin from 192.168.56.7 port 52584 ssh2
Apr 21 22:01:58 metasploitable3-ub1404 sshd[2262]: pam_unix(sshd:auth): check pass; user unknown
Apr 21 22:01:58 metasploitable3-ub1404 sshd[2264]: Failed password for invalid user msfadmin from 192.168.56.7 port 52598 ssh2
Apr 21 22:01:58 metasploitable3-ub1404 sshd[2264]: pam_unix(sshd:auth): check pass; user unknown
Apr 21 22:01:58 metasploitable3-ub1404 sshd[2266]: Failed password for invalid user msfadmin from 192.168.56.7 port 52616 ssh2
Apr 21 22:01:58 metasploitable3-ub1404 sshd[2266]: pam_unix(sshd:auth): check pass; user unknown
Apr 21 22:01:59 metasploitable3-ub1404 sshd[2268]: Failed password for invalid user msfadmin from 192.168.56.7 port 52632 ssh2
Apr 21 22:01:59 metasploitable3-ub1404 sshd[2268]: pam_unix(sshd:auth): check pass; user unknown
Apr 21 22:01:59 metasploitable3-ub1404 sshd[2250]: Failed password for invalid user msfadmin from 192.168.56.7 port 52498 ssh2
Apr 21 22:01:59 metasploitable3-ub1404 sshd[2250]: error: maximum authentication attempts exceeded for invalid user msfadmin from 192.168.56.7 port 52498 ssh2 [preauth]
Apr 21 22:01:59 metasploitable3-ub1404 sshd[2250]: Disconnecting: Too many authentication failures for msfadmin [preauth]
Apr 21 22:01:59 metasploitable3-ub1404 sshd[2250]: PAM 5 more authentication failures; logname= uid=0 euid=0 tty=ssh ruser= rhost=192.168.56.7 
Apr 21 22:01:59 metasploitable3-ub1404 sshd[2250]: PAM service(sshd) ignoring max retries; 6 > 3
Apr 21 22:01:59 metasploitable3-ub1404 sshd[2252]: Failed password for invalid user msfadmin from 192.168.56.7 port 52512 ssh2
Apr 21 22:01:59 metasploitable3-ub1404 sshd[2252]: error: maximum authentication attempts exceeded for invalid user msfadmin from 192.168.56.7 port 52512 ssh2 [preauth]
Apr 21 22:01:59 metasploitable3-ub1404 sshd[2252]: Disconnecting: Too many authentication failures for msfadmin [preauth]
Apr 21 22:01:59 metasploitable3-ub1404 sshd[2252]: PAM 5 more authentication failures; logname= uid=0 euid=0 tty=ssh ruser= rhost=192.168.56.7 
Apr 21 22:01:59 metasploitable3-ub1404 sshd[2252]: PAM service(sshd) ignoring max retries; 6 > 3
Apr 21 22:01:59 metasploitable3-ub1404 sshd[2270]: Failed password for invalid user msfadmin from 192.168.56.7 port 52638 ssh2
Apr 21 22:01:59 metasploitable3-ub1404 sshd[2270]: pam_unix(sshd:auth): check pass; user unknown
Apr 21 22:01:59 metasploitable3-ub1404 sshd[2256]: Failed password for invalid user msfadmin from 192.168.56.7 port 52548 ssh2
Apr 21 22:01:59 metasploitable3-ub1404 sshd[2256]: error: maximum authentication attempts exceeded for invalid user msfadmin from 192.168.56.7 port 52548 ssh2 [preauth]
Apr 21 22:01:59 metasploitable3-ub1404 sshd[2256]: Disconnecting: Too many authentication failures for msfadmin [preauth]
Apr 21 22:01:59 metasploitable3-ub1404 sshd[2256]: PAM 5 more authentication failures; logname= uid=0 euid=0 tty=ssh ruser= rhost=192.168.56.7 
Apr 21 22:01:59 metasploitable3-ub1404 sshd[2256]: PAM service(sshd) ignoring max retries; 6 > 3
Apr 21 22:01:59 metasploitable3-ub1404 sshd[2272]: Invalid user msfadmin from 192.168.56.7
Apr 21 22:01:59 metasploitable3-ub1404 sshd[2272]: input_userauth_request: invalid user msfadmin [preauth]
Apr 21 22:01:59 metasploitable3-ub1404 sshd[2272]: pam_unix(sshd:auth): check pass; user unknown
Apr 21 22:01:59 metasploitable3-ub1404 sshd[2272]: pam_unix(sshd:auth): authentication failure; logname= uid=0 euid=0 tty=ssh ruser= rhost=192.168.56.7 
Apr 21 22:01:59 metasploitable3-ub1404 sshd[2274]: Invalid user msfadmin from 192.168.56.7
Apr 21 22:01:59 metasploitable3-ub1404 sshd[2274]: input_userauth_request: invalid user msfadmin [preauth]
Apr 21 22:01:59 metasploitable3-ub1404 sshd[2275]: Invalid user msfadmin from 192.168.56.7
Apr 21 22:01:59 metasploitable3-ub1404 sshd[2275]: input_userauth_request: invalid user msfadmin [preauth]
Apr 21 22:01:59 metasploitable3-ub1404 sshd[2274]: pam_unix(sshd:auth): check pass; user unknown
Apr 21 22:01:59 metasploitable3-ub1404 sshd[2274]: pam_unix(sshd:auth): authentication failure; logname= uid=0 euid=0 tty=ssh ruser= rhost=192.168.56.7 
Apr 21 22:01:59 metasploitable3-ub1404 sshd[2275]: pam_unix(sshd:auth): check pass; user unknown
Apr 21 22:01:59 metasploitable3-ub1404 sshd[2275]: pam_unix(sshd:auth): authentication failure; logname= uid=0 euid=0 tty=ssh ruser= rhost=192.168.56.7 
Apr 21 22:01:59 metasploitable3-ub1404 sshd[2253]: Failed password for invalid user msfadmin from 192.168.56.7 port 52528 ssh2
Apr 21 22:01:59 metasploitable3-ub1404 sshd[2253]: error: maximum authentication attempts exceeded for invalid user msfadmin from 192.168.56.7 port 52528 ssh2 [preauth]
Apr 21 22:01:59 metasploitable3-ub1404 sshd[2253]: Disconnecting: Too many authentication failures for msfadmin [preauth]
Apr 21 22:01:59 metasploitable3-ub1404 sshd[2253]: PAM 5 more authentication failures; logname= uid=0 euid=0 tty=ssh ruser= rhost=192.168.56.7 
Apr 21 22:01:59 metasploitable3-ub1404 sshd[2253]: PAM service(sshd) ignoring max retries; 6 > 3
Apr 21 22:01:59 metasploitable3-ub1404 sshd[2258]: Failed password for invalid user msfadmin from 192.168.56.7 port 52552 ssh2
Apr 21 22:01:59 metasploitable3-ub1404 sshd[2258]: error: maximum authentication attempts exceeded for invalid user msfadmin from 192.168.56.7 port 52552 ssh2 [preauth]
Apr 21 22:01:59 metasploitable3-ub1404 sshd[2258]: Disconnecting: Too many authentication failures for msfadmin [preauth]
Apr 21 22:01:59 metasploitable3-ub1404 sshd[2258]: PAM 5 more authentication failures; logname= uid=0 euid=0 tty=ssh ruser= rhost=192.168.56.7 
Apr 21 22:01:59 metasploitable3-ub1404 sshd[2258]: PAM service(sshd) ignoring max retries; 6 > 3
Apr 21 22:01:59 metasploitable3-ub1404 sshd[2248]: Failed password for invalid user msfadmin from 192.168.56.7 port 52494 ssh2
Apr 21 22:01:59 metasploitable3-ub1404 sshd[2248]: error: maximum authentication attempts exceeded for invalid user msfadmin from 192.168.56.7 port 52494 ssh2 [preauth]
Apr 21 22:01:59 metasploitable3-ub1404 sshd[2248]: Disconnecting: Too many authentication failures for msfadmin [preauth]
Apr 21 22:01:59 metasploitable3-ub1404 sshd[2248]: PAM 5 more authentication failures; logname= uid=0 euid=0 tty=ssh ruser= rhost=192.168.56.7 
Apr 21 22:01:59 metasploitable3-ub1404 sshd[2248]: PAM service(sshd) ignoring max retries; 6 > 3
Apr 21 22:01:59 metasploitable3-ub1404 sshd[2260]: Failed password for invalid user msfadmin from 192.168.56.7 port 52560 ssh2
Apr 21 22:01:59 metasploitable3-ub1404 sshd[2260]: error: maximum authentication attempts exceeded for invalid user msfadmin from 192.168.56.7 port 52560 ssh2 [preauth]
Apr 21 22:01:59 metasploitable3-ub1404 sshd[2260]: Disconnecting: Too many authentication failures for msfadmin [preauth]
Apr 21 22:01:59 metasploitable3-ub1404 sshd[2260]: PAM 5 more authentication failures; logname= uid=0 euid=0 tty=ssh ruser= rhost=192.168.56.7 
Apr 21 22:01:59 metasploitable3-ub1404 sshd[2260]: PAM service(sshd) ignoring max retries; 6 > 3
Apr 21 22:01:59 metasploitable3-ub1404 sshd[2280]: Invalid user msfadmin from 192.168.56.7
Apr 21 22:01:59 metasploitable3-ub1404 sshd[2280]: input_userauth_request: invalid user msfadmin [preauth]
Apr 21 22:01:59 metasploitable3-ub1404 sshd[2280]: pam_unix(sshd:auth): check pass; user unknown
Apr 21 22:01:59 metasploitable3-ub1404 sshd[2280]: pam_unix(sshd:auth): authentication failure; logname= uid=0 euid=0 tty=ssh ruser= rhost=192.168.56.7 
Apr 21 22:02:00 metasploitable3-ub1404 sshd[2278]: Invalid user msfadmin from 192.168.56.7
Apr 21 22:02:00 metasploitable3-ub1404 sshd[2278]: input_userauth_request: invalid user msfadmin [preauth]
Apr 21 22:02:00 metasploitable3-ub1404 sshd[2278]: pam_unix(sshd:auth): check pass; user unknown
Apr 21 22:02:00 metasploitable3-ub1404 sshd[2278]: pam_unix(sshd:auth): authentication failure; logname= uid=0 euid=0 tty=ssh ruser= rhost=192.168.56.7 
Apr 21 22:02:00 metasploitable3-ub1404 sshd[2283]: Invalid user msfadmin from 192.168.56.7
Apr 21 22:02:00 metasploitable3-ub1404 sshd[2283]: input_userauth_request: invalid user msfadmin [preauth]
Apr 21 22:02:00 metasploitable3-ub1404 sshd[2283]: pam_unix(sshd:auth): check pass; user unknown
Apr 21 22:02:00 metasploitable3-ub1404 sshd[2283]: pam_unix(sshd:auth): authentication failure; logname= uid=0 euid=0 tty=ssh ruser= rhost=192.168.56.7 
Apr 21 22:02:00 metasploitable3-ub1404 sshd[2284]: Invalid user msfadmin from 192.168.56.7
Apr 21 22:02:00 metasploitable3-ub1404 sshd[2284]: input_userauth_request: invalid user msfadmin [preauth]
Apr 21 22:02:00 metasploitable3-ub1404 sshd[2284]: pam_unix(sshd:auth): check pass; user unknown
Apr 21 22:02:00 metasploitable3-ub1404 sshd[2284]: pam_unix(sshd:auth): authentication failure; logname= uid=0 euid=0 tty=ssh ruser= rhost=192.168.56.7 
Apr 21 22:02:00 metasploitable3-ub1404 sshd[2262]: Failed password for invalid user msfadmin from 192.168.56.7 port 52584 ssh2
Apr 21 22:02:00 metasploitable3-ub1404 sshd[2262]: error: maximum authentication attempts exceeded for invalid user msfadmin from 192.168.56.7 port 52584 ssh2 [preauth]
Apr 21 22:02:00 metasploitable3-ub1404 sshd[2262]: Disconnecting: Too many authentication failures for msfadmin [preauth]
Apr 21 22:02:00 metasploitable3-ub1404 sshd[2262]: PAM 5 more authentication failures; logname= uid=0 euid=0 tty=ssh ruser= rhost=192.168.56.7 
Apr 21 22:02:00 metasploitable3-ub1404 sshd[2262]: PAM service(sshd) ignoring max retries; 6 > 3
Apr 21 22:02:00 metasploitable3-ub1404 sshd[2264]: Failed password for invalid user msfadmin from 192.168.56.7 port 52598 ssh2
Apr 21 22:02:00 metasploitable3-ub1404 sshd[2264]: error: maximum authentication attempts exceeded for invalid user msfadmin from 192.168.56.7 port 52598 ssh2 [preauth]
Apr 21 22:02:00 metasploitable3-ub1404 sshd[2264]: Disconnecting: Too many authentication failures for msfadmin [preauth]
Apr 21 22:02:00 metasploitable3-ub1404 sshd[2264]: PAM 5 more authentication failures; logname= uid=0 euid=0 tty=ssh ruser= rhost=192.168.56.7 
Apr 21 22:02:00 metasploitable3-ub1404 sshd[2264]: PAM service(sshd) ignoring max retries; 6 > 3
Apr 21 22:02:00 metasploitable3-ub1404 sshd[2287]: Invalid user msfadmin from 192.168.56.7
Apr 21 22:02:00 metasploitable3-ub1404 sshd[2287]: input_userauth_request: invalid user msfadmin [preauth]
Apr 21 22:02:00 metasploitable3-ub1404 sshd[2287]: pam_unix(sshd:auth): check pass; user unknown
Apr 21 22:02:00 metasploitable3-ub1404 sshd[2287]: pam_unix(sshd:auth): authentication failure; logname= uid=0 euid=0 tty=ssh ruser= rhost=192.168.56.7 
Apr 21 22:02:00 metasploitable3-ub1404 sshd[2289]: Invalid user msfadmin from 192.168.56.7
Apr 21 22:02:00 metasploitable3-ub1404 sshd[2289]: input_userauth_request: invalid user msfadmin [preauth]
Apr 21 22:02:00 metasploitable3-ub1404 sshd[2289]: pam_unix(sshd:auth): check pass; user unknown
Apr 21 22:02:00 metasploitable3-ub1404 sshd[2289]: pam_unix(sshd:auth): authentication failure; logname= uid=0 euid=0 tty=ssh ruser= rhost=192.168.56.7 
Apr 21 22:02:00 metasploitable3-ub1404 sshd[2266]: Failed password for invalid user msfadmin from 192.168.56.7 port 52616 ssh2
Apr 21 22:02:00 metasploitable3-ub1404 sshd[2266]: error: maximum authentication attempts exceeded for invalid user msfadmin from 192.168.56.7 port 52616 ssh2 [preauth]
Apr 21 22:02:00 metasploitable3-ub1404 sshd[2266]: Disconnecting: Too many authentication failures for msfadmin [preauth]
Apr 21 22:02:00 metasploitable3-ub1404 sshd[2266]: PAM 5 more authentication failures; logname= uid=0 euid=0 tty=ssh ruser= rhost=192.168.56.7 
Apr 21 22:02:00 metasploitable3-ub1404 sshd[2266]: PAM service(sshd) ignoring max retries; 6 > 3
Apr 21 22:02:00 metasploitable3-ub1404 sshd[2291]: Invalid user msfadmin from 192.168.56.7
Apr 21 22:02:00 metasploitable3-ub1404 sshd[2291]: input_userauth_request: invalid user msfadmin [preauth]
Apr 21 22:02:00 metasploitable3-ub1404 sshd[2291]: pam_unix(sshd:auth): check pass; user unknown
Apr 21 22:02:00 metasploitable3-ub1404 sshd[2291]: pam_unix(sshd:auth): authentication failure; logname= uid=0 euid=0 tty=ssh ruser= rhost=192.168.56.7 
Apr 21 22:02:01 metasploitable3-ub1404 sshd[2278]: Failed password for invalid user msfadmin from 192.168.56.7 port 53194 ssh2
Apr 21 22:02:01 metasploitable3-ub1404 sshd[2278]: pam_unix(sshd:auth): check pass; user unknown
Apr 21 22:02:01 metasploitable3-ub1404 sshd[2283]: Failed password for invalid user msfadmin from 192.168.56.7 port 53206 ssh2
Apr 21 22:02:01 metasploitable3-ub1404 sshd[2283]: pam_unix(sshd:auth): check pass; user unknown
Apr 21 22:02:01 metasploitable3-ub1404 sshd[2284]: Failed password for invalid user msfadmin from 192.168.56.7 port 53218 ssh2
Apr 21 22:02:01 metasploitable3-ub1404 sshd[2284]: pam_unix(sshd:auth): check pass; user unknown
Apr 21 22:02:01 metasploitable3-ub1404 sshd[2268]: Failed password for invalid user msfadmin from 192.168.56.7 port 52632 ssh2
Apr 21 22:02:01 metasploitable3-ub1404 sshd[2268]: error: maximum authentication attempts exceeded for invalid user msfadmin from 192.168.56.7 port 52632 ssh2 [preauth]
Apr 21 22:02:01 metasploitable3-ub1404 sshd[2268]: Disconnecting: Too many authentication failures for msfadmin [preauth]
Apr 21 22:02:01 metasploitable3-ub1404 sshd[2268]: PAM 5 more authentication failures; logname= uid=0 euid=0 tty=ssh ruser= rhost=192.168.56.7 
Apr 21 22:02:01 metasploitable3-ub1404 sshd[2268]: PAM service(sshd) ignoring max retries; 6 > 3
Apr 21 22:02:01 metasploitable3-ub1404 sshd[2293]: Invalid user msfadmin from 192.168.56.7
Apr 21 22:02:01 metasploitable3-ub1404 sshd[2293]: input_userauth_request: invalid user msfadmin [preauth]
Apr 21 22:02:01 metasploitable3-ub1404 sshd[2293]: pam_unix(sshd:auth): check pass; user unknown
Apr 21 22:02:01 metasploitable3-ub1404 sshd[2293]: pam_unix(sshd:auth): authentication failure; logname= uid=0 euid=0 tty=ssh ruser= rhost=192.168.56.7 
Apr 21 22:02:02 metasploitable3-ub1404 sshd[2270]: Failed password for invalid user msfadmin from 192.168.56.7 port 52638 ssh2
Apr 21 22:02:02 metasploitable3-ub1404 sshd[2270]: error: maximum authentication attempts exceeded for invalid user msfadmin from 192.168.56.7 port 52638 ssh2 [preauth]
Apr 21 22:02:02 metasploitable3-ub1404 sshd[2270]: Disconnecting: Too many authentication failures for msfadmin [preauth]
Apr 21 22:02:02 metasploitable3-ub1404 sshd[2270]: PAM 5 more authentication failures; logname= uid=0 euid=0 tty=ssh ruser= rhost=192.168.56.7 
Apr 21 22:02:02 metasploitable3-ub1404 sshd[2270]: PAM service(sshd) ignoring max retries; 6 > 3
Apr 21 22:02:02 metasploitable3-ub1404 sshd[2272]: Failed password for invalid user msfadmin from 192.168.56.7 port 53144 ssh2
Apr 21 22:02:02 metasploitable3-ub1404 sshd[2272]: pam_unix(sshd:auth): check pass; user unknown
Apr 21 22:02:02 metasploitable3-ub1404 sshd[2287]: Failed password for invalid user msfadmin from 192.168.56.7 port 53230 ssh2
Apr 21 22:02:02 metasploitable3-ub1404 sshd[2287]: pam_unix(sshd:auth): check pass; user unknown
Apr 21 22:02:02 metasploitable3-ub1404 sshd[2274]: Failed password for invalid user msfadmin from 192.168.56.7 port 53168 ssh2
Apr 21 22:02:02 metasploitable3-ub1404 sshd[2274]: pam_unix(sshd:auth): check pass; user unknown
Apr 21 22:02:02 metasploitable3-ub1404 sshd[2275]: Failed password for invalid user msfadmin from 192.168.56.7 port 53184 ssh2
Apr 21 22:02:02 metasploitable3-ub1404 sshd[2295]: Invalid user msfadmin from 192.168.56.7
Apr 21 22:02:02 metasploitable3-ub1404 sshd[2295]: input_userauth_request: invalid user msfadmin [preauth]
Apr 21 22:02:02 metasploitable3-ub1404 sshd[2295]: pam_unix(sshd:auth): check pass; user unknown
Apr 21 22:02:02 metasploitable3-ub1404 sshd[2289]: Failed password for invalid user msfadmin from 192.168.56.7 port 53236 ssh2
Apr 21 22:02:02 metasploitable3-ub1404 sshd[2295]: pam_unix(sshd:auth): authentication failure; logname= uid=0 euid=0 tty=ssh ruser= rhost=192.168.56.7 
Apr 21 22:02:02 metasploitable3-ub1404 sshd[2275]: pam_unix(sshd:auth): check pass; user unknown
Apr 21 22:02:02 metasploitable3-ub1404 sshd[2289]: pam_unix(sshd:auth): check pass; user unknown
Apr 21 22:02:02 metasploitable3-ub1404 sshd[2291]: Failed password for invalid user msfadmin from 192.168.56.7 port 53240 ssh2
Apr 21 22:02:02 metasploitable3-ub1404 sshd[2291]: pam_unix(sshd:auth): check pass; user unknown
Apr 21 22:02:02 metasploitable3-ub1404 sshd[2280]: Failed password for invalid user msfadmin from 192.168.56.7 port 53204 ssh2
Apr 21 22:02:02 metasploitable3-ub1404 sshd[2280]: pam_unix(sshd:auth): check pass; user unknown
Apr 21 22:02:03 metasploitable3-ub1404 sshd[2278]: Failed password for invalid user msfadmin from 192.168.56.7 port 53194 ssh2
Apr 21 22:02:03 metasploitable3-ub1404 sshd[2278]: pam_unix(sshd:auth): check pass; user unknown
Apr 21 22:02:03 metasploitable3-ub1404 sshd[2283]: Failed password for invalid user msfadmin from 192.168.56.7 port 53206 ssh2
Apr 21 22:02:03 metasploitable3-ub1404 sshd[2283]: pam_unix(sshd:auth): check pass; user unknown
Apr 21 22:02:03 metasploitable3-ub1404 sshd[2284]: Failed password for invalid user msfadmin from 192.168.56.7 port 53218 ssh2
Apr 21 22:02:03 metasploitable3-ub1404 sshd[2284]: pam_unix(sshd:auth): check pass; user unknown
Apr 21 22:02:04 metasploitable3-ub1404 sshd[2293]: Failed password for invalid user msfadmin from 192.168.56.7 port 53256 ssh2
Apr 21 22:02:04 metasploitable3-ub1404 sshd[2293]: pam_unix(sshd:auth): check pass; user unknown
Apr 21 22:02:04 metasploitable3-ub1404 sshd[2272]: Failed password for invalid user msfadmin from 192.168.56.7 port 53144 ssh2
Apr 21 22:02:04 metasploitable3-ub1404 sshd[2272]: pam_unix(sshd:auth): check pass; user unknown
Apr 21 22:02:04 metasploitable3-ub1404 sshd[2287]: Failed password for invalid user msfadmin from 192.168.56.7 port 53230 ssh2
Apr 21 22:02:04 metasploitable3-ub1404 sshd[2287]: pam_unix(sshd:auth): check pass; user unknown
Apr 21 22:02:04 metasploitable3-ub1404 sshd[2274]: Failed password for invalid user msfadmin from 192.168.56.7 port 53168 ssh2
Apr 21 22:02:04 metasploitable3-ub1404 sshd[2274]: pam_unix(sshd:auth): check pass; user unknown
Apr 21 22:02:04 metasploitable3-ub1404 sshd[2295]: Failed password for invalid user msfadmin from 192.168.56.7 port 35856 ssh2
Apr 21 22:02:04 metasploitable3-ub1404 sshd[2275]: Failed password for invalid user msfadmin from 192.168.56.7 port 53184 ssh2
Apr 21 22:02:04 metasploitable3-ub1404 sshd[2289]: Failed password for invalid user msfadmin from 192.168.56.7 port 53236 ssh2
Apr 21 22:02:04 metasploitable3-ub1404 sshd[2275]: pam_unix(sshd:auth): check pass; user unknown
Apr 21 22:02:04 metasploitable3-ub1404 sshd[2295]: pam_unix(sshd:auth): check pass; user unknown
Apr 21 22:02:04 metasploitable3-ub1404 sshd[2289]: pam_unix(sshd:auth): check pass; user unknown
Apr 21 22:02:04 metasploitable3-ub1404 sshd[2291]: Failed password for invalid user msfadmin from 192.168.56.7 port 53240 ssh2
Apr 21 22:02:04 metasploitable3-ub1404 sshd[2291]: pam_unix(sshd:auth): check pass; user unknown
Apr 21 22:02:04 metasploitable3-ub1404 sshd[2280]: Failed password for invalid user msfadmin from 192.168.56.7 port 53204 ssh2
Apr 21 22:02:04 metasploitable3-ub1404 sshd[2280]: pam_unix(sshd:auth): check pass; user unknown
Apr 21 22:02:06 metasploitable3-ub1404 sshd[2278]: Failed password for invalid user msfadmin from 192.168.56.7 port 53194 ssh2
Apr 21 22:02:06 metasploitable3-ub1404 sshd[2278]: pam_unix(sshd:auth): check pass; user unknown
Apr 21 22:02:06 metasploitable3-ub1404 sshd[2283]: Failed password for invalid user msfadmin from 192.168.56.7 port 53206 ssh2
Apr 21 22:02:06 metasploitable3-ub1404 sshd[2283]: pam_unix(sshd:auth): check pass; user unknown
Apr 21 22:02:06 metasploitable3-ub1404 sshd[2284]: Failed password for invalid user msfadmin from 192.168.56.7 port 53218 ssh2
Apr 21 22:02:06 metasploitable3-ub1404 sshd[2293]: Failed password for invalid user msfadmin from 192.168.56.7 port 53256 ssh2
Apr 21 22:02:06 metasploitable3-ub1404 sshd[2284]: pam_unix(sshd:auth): check pass; user unknown
Apr 21 22:02:06 metasploitable3-ub1404 sshd[2293]: pam_unix(sshd:auth): check pass; user unknown
Apr 21 22:02:06 metasploitable3-ub1404 sshd[2272]: Failed password for invalid user msfadmin from 192.168.56.7 port 53144 ssh2
Apr 21 22:02:06 metasploitable3-ub1404 sshd[2272]: pam_unix(sshd:auth): check pass; user unknown
Apr 21 22:02:06 metasploitable3-ub1404 sshd[2287]: Failed password for invalid user msfadmin from 192.168.56.7 port 53230 ssh2
Apr 21 22:02:06 metasploitable3-ub1404 sshd[2287]: pam_unix(sshd:auth): check pass; user unknown
Apr 21 22:02:06 metasploitable3-ub1404 sshd[2274]: Failed password for invalid user msfadmin from 192.168.56.7 port 53168 ssh2
Apr 21 22:02:06 metasploitable3-ub1404 sshd[2274]: pam_unix(sshd:auth): check pass; user unknown
Apr 21 22:02:06 metasploitable3-ub1404 sshd[2275]: Failed password for invalid user msfadmin from 192.168.56.7 port 53184 ssh2
Apr 21 22:02:06 metasploitable3-ub1404 sshd[2295]: Failed password for invalid user msfadmin from 192.168.56.7 port 35856 ssh2
Apr 21 22:02:06 metasploitable3-ub1404 sshd[2289]: Failed password for invalid user msfadmin from 192.168.56.7 port 53236 ssh2
Apr 21 22:02:06 metasploitable3-ub1404 sshd[2295]: pam_unix(sshd:auth): check pass; user unknown
Apr 21 22:02:06 metasploitable3-ub1404 sshd[2289]: pam_unix(sshd:auth): check pass; user unknown
Apr 21 22:02:06 metasploitable3-ub1404 sshd[2275]: pam_unix(sshd:auth): check pass; user unknown
Apr 21 22:02:06 metasploitable3-ub1404 sshd[2291]: Failed password for invalid user msfadmin from 192.168.56.7 port 53240 ssh2
Apr 21 22:02:06 metasploitable3-ub1404 sshd[2291]: pam_unix(sshd:auth): check pass; user unknown
Apr 21 22:02:06 metasploitable3-ub1404 sshd[2280]: Failed password for invalid user msfadmin from 192.168.56.7 port 53204 ssh2
Apr 21 22:02:06 metasploitable3-ub1404 sshd[2280]: pam_unix(sshd:auth): check pass; user unknown
Apr 21 22:02:07 metasploitable3-ub1404 sshd[2278]: Failed password for invalid user msfadmin from 192.168.56.7 port 53194 ssh2
Apr 21 22:02:08 metasploitable3-ub1404 sshd[2283]: Failed password for invalid user msfadmin from 192.168.56.7 port 53206 ssh2
Apr 21 22:02:08 metasploitable3-ub1404 sshd[2278]: pam_unix(sshd:auth): check pass; user unknown
Apr 21 22:02:08 metasploitable3-ub1404 sshd[2284]: Failed password for invalid user msfadmin from 192.168.56.7 port 53218 ssh2
Apr 21 22:02:08 metasploitable3-ub1404 sshd[2293]: Failed password for invalid user msfadmin from 192.168.56.7 port 53256 ssh2
Apr 21 22:02:08 metasploitable3-ub1404 sshd[2283]: pam_unix(sshd:auth): check pass; user unknown
Apr 21 22:02:08 metasploitable3-ub1404 sshd[2284]: pam_unix(sshd:auth): check pass; user unknown
Apr 21 22:02:08 metasploitable3-ub1404 sshd[2293]: pam_unix(sshd:auth): check pass; user unknown
Apr 21 22:02:08 metasploitable3-ub1404 sshd[2272]: Failed password for invalid user msfadmin from 192.168.56.7 port 53144 ssh2
Apr 21 22:02:08 metasploitable3-ub1404 sshd[2272]: pam_unix(sshd:auth): check pass; user unknown
Apr 21 22:02:08 metasploitable3-ub1404 sshd[2287]: Failed password for invalid user msfadmin from 192.168.56.7 port 53230 ssh2
Apr 21 22:02:08 metasploitable3-ub1404 sshd[2287]: pam_unix(sshd:auth): check pass; user unknown
Apr 21 22:02:08 metasploitable3-ub1404 sshd[2274]: Failed password for invalid user msfadmin from 192.168.56.7 port 53168 ssh2
Apr 21 22:02:08 metasploitable3-ub1404 sshd[2274]: pam_unix(sshd:auth): check pass; user unknown
Apr 21 22:02:08 metasploitable3-ub1404 sshd[2295]: Failed password for invalid user msfadmin from 192.168.56.7 port 35856 ssh2
Apr 21 22:02:08 metasploitable3-ub1404 sshd[2275]: Failed password for invalid user msfadmin from 192.168.56.7 port 53184 ssh2
Apr 21 22:02:08 metasploitable3-ub1404 sshd[2289]: Failed password for invalid user msfadmin from 192.168.56.7 port 53236 ssh2
Apr 21 22:02:08 metasploitable3-ub1404 sshd[2295]: pam_unix(sshd:auth): check pass; user unknown
Apr 21 22:02:08 metasploitable3-ub1404 sshd[2289]: pam_unix(sshd:auth): check pass; user unknown
Apr 21 22:02:08 metasploitable3-ub1404 sshd[2275]: pam_unix(sshd:auth): check pass; user unknown
Apr 21 22:02:08 metasploitable3-ub1404 sshd[2291]: Failed password for invalid user msfadmin from 192.168.56.7 port 53240 ssh2
Apr 21 22:02:08 metasploitable3-ub1404 sshd[2291]: pam_unix(sshd:auth): check pass; user unknown
Apr 21 22:02:08 metasploitable3-ub1404 sshd[2280]: Failed password for invalid user msfadmin from 192.168.56.7 port 53204 ssh2
Apr 21 22:02:08 metasploitable3-ub1404 sshd[2280]: pam_unix(sshd:auth): check pass; user unknown
Apr 21 22:02:09 metasploitable3-ub1404 sshd[2278]: Failed password for invalid user msfadmin from 192.168.56.7 port 53194 ssh2
Apr 21 22:02:09 metasploitable3-ub1404 sshd[2278]: pam_unix(sshd:auth): check pass; user unknown
Apr 21 22:02:09 metasploitable3-ub1404 sshd[2283]: Failed password for invalid user msfadmin from 192.168.56.7 port 53206 ssh2
Apr 21 22:02:09 metasploitable3-ub1404 sshd[2283]: pam_unix(sshd:auth): check pass; user unknown
Apr 21 22:02:09 metasploitable3-ub1404 sshd[2293]: Failed password for invalid user msfadmin from 192.168.56.7 port 53256 ssh2
Apr 21 22:02:09 metasploitable3-ub1404 sshd[2284]: Failed password for invalid user msfadmin from 192.168.56.7 port 53218 ssh2
Apr 21 22:02:09 metasploitable3-ub1404 sshd[2293]: pam_unix(sshd:auth): check pass; user unknown
Apr 21 22:02:09 metasploitable3-ub1404 sshd[2284]: pam_unix(sshd:auth): check pass; user unknown
Apr 21 22:02:10 metasploitable3-ub1404 sshd[2272]: Failed password for invalid user msfadmin from 192.168.56.7 port 53144 ssh2
Apr 21 22:02:10 metasploitable3-ub1404 sshd[2272]: pam_unix(sshd:auth): check pass; user unknown
Apr 21 22:02:10 metasploitable3-ub1404 sshd[2287]: Failed password for invalid user msfadmin from 192.168.56.7 port 53230 ssh2
Apr 21 22:02:10 metasploitable3-ub1404 sshd[2287]: pam_unix(sshd:auth): check pass; user unknown
Apr 21 22:02:10 metasploitable3-ub1404 sshd[2274]: Failed password for invalid user msfadmin from 192.168.56.7 port 53168 ssh2
Apr 21 22:02:10 metasploitable3-ub1404 sshd[2274]: pam_unix(sshd:auth): check pass; user unknown
Apr 21 22:02:10 metasploitable3-ub1404 sshd[2295]: Failed password for invalid user msfadmin from 192.168.56.7 port 35856 ssh2
Apr 21 22:02:10 metasploitable3-ub1404 sshd[2295]: pam_unix(sshd:auth): check pass; user unknown
Apr 21 22:02:10 metasploitable3-ub1404 sshd[2289]: Failed password for invalid user msfadmin from 192.168.56.7 port 53236 ssh2
Apr 21 22:02:10 metasploitable3-ub1404 sshd[2275]: Failed password for invalid user msfadmin from 192.168.56.7 port 53184 ssh2
Apr 21 22:02:10 metasploitable3-ub1404 sshd[2289]: pam_unix(sshd:auth): check pass; user unknown
Apr 21 22:02:10 metasploitable3-ub1404 sshd[2275]: pam_unix(sshd:auth): check pass; user unknown
Apr 21 22:02:10 metasploitable3-ub1404 sshd[2291]: Failed password for invalid user msfadmin from 192.168.56.7 port 53240 ssh2
Apr 21 22:02:10 metasploitable3-ub1404 sshd[2291]: pam_unix(sshd:auth): check pass; user unknown
Apr 21 22:02:10 metasploitable3-ub1404 sshd[2280]: Failed password for invalid user msfadmin from 192.168.56.7 port 53204 ssh2
Apr 21 22:02:10 metasploitable3-ub1404 sshd[2280]: pam_unix(sshd:auth): check pass; user unknown
Apr 21 22:02:11 metasploitable3-ub1404 sshd[2278]: Failed password for invalid user msfadmin from 192.168.56.7 port 53194 ssh2
Apr 21 22:02:11 metasploitable3-ub1404 sshd[2278]: error: maximum authentication attempts exceeded for invalid user msfadmin from 192.168.56.7 port 53194 ssh2 [preauth]
Apr 21 22:02:11 metasploitable3-ub1404 sshd[2278]: Disconnecting: Too many authentication failures for msfadmin [preauth]
Apr 21 22:02:11 metasploitable3-ub1404 sshd[2278]: PAM 5 more authentication failures; logname= uid=0 euid=0 tty=ssh ruser= rhost=192.168.56.7 
Apr 21 22:02:11 metasploitable3-ub1404 sshd[2278]: PAM service(sshd) ignoring max retries; 6 > 3
Apr 21 22:02:11 metasploitable3-ub1404 sshd[2283]: Failed password for invalid user msfadmin from 192.168.56.7 port 53206 ssh2
Apr 21 22:02:11 metasploitable3-ub1404 sshd[2283]: error: maximum authentication attempts exceeded for invalid user msfadmin from 192.168.56.7 port 53206 ssh2 [preauth]
Apr 21 22:02:11 metasploitable3-ub1404 sshd[2283]: Disconnecting: Too many authentication failures for msfadmin [preauth]
Apr 21 22:02:11 metasploitable3-ub1404 sshd[2283]: PAM 5 more authentication failures; logname= uid=0 euid=0 tty=ssh ruser= rhost=192.168.56.7 
Apr 21 22:02:11 metasploitable3-ub1404 sshd[2283]: PAM service(sshd) ignoring max retries; 6 > 3
Apr 21 22:02:11 metasploitable3-ub1404 sshd[2293]: Failed password for invalid user msfadmin from 192.168.56.7 port 53256 ssh2
Apr 21 22:02:11 metasploitable3-ub1404 sshd[2293]: pam_unix(sshd:auth): check pass; user unknown
Apr 21 22:02:11 metasploitable3-ub1404 sshd[2297]: Invalid user msfadmin from 192.168.56.7
Apr 21 22:02:11 metasploitable3-ub1404 sshd[2297]: input_userauth_request: invalid user msfadmin [preauth]
Apr 21 22:02:11 metasploitable3-ub1404 sshd[2284]: Failed password for invalid user msfadmin from 192.168.56.7 port 53218 ssh2
Apr 21 22:02:11 metasploitable3-ub1404 sshd[2284]: error: maximum authentication attempts exceeded for invalid user msfadmin from 192.168.56.7 port 53218 ssh2 [preauth]
Apr 21 22:02:11 metasploitable3-ub1404 sshd[2284]: Disconnecting: Too many authentication failures for msfadmin [preauth]
Apr 21 22:02:11 metasploitable3-ub1404 sshd[2284]: PAM 5 more authentication failures; logname= uid=0 euid=0 tty=ssh ruser= rhost=192.168.56.7 
Apr 21 22:02:11 metasploitable3-ub1404 sshd[2284]: PAM service(sshd) ignoring max retries; 6 > 3
Apr 21 22:02:11 metasploitable3-ub1404 sshd[2297]: pam_unix(sshd:auth): check pass; user unknown
Apr 21 22:02:11 metasploitable3-ub1404 sshd[2297]: pam_unix(sshd:auth): authentication failure; logname= uid=0 euid=0 tty=ssh ruser= rhost=192.168.56.7 
Apr 21 22:02:11 metasploitable3-ub1404 sshd[2299]: Invalid user msfadmin from 192.168.56.7
Apr 21 22:02:11 metasploitable3-ub1404 sshd[2299]: input_userauth_request: invalid user msfadmin [preauth]
Apr 21 22:02:11 metasploitable3-ub1404 sshd[2299]: pam_unix(sshd:auth): check pass; user unknown
Apr 21 22:02:11 metasploitable3-ub1404 sshd[2299]: pam_unix(sshd:auth): authentication failure; logname= uid=0 euid=0 tty=ssh ruser= rhost=192.168.56.7 
Apr 21 22:02:12 metasploitable3-ub1404 sshd[2301]: Invalid user msfadmin from 192.168.56.7
Apr 21 22:02:12 metasploitable3-ub1404 sshd[2301]: input_userauth_request: invalid user msfadmin [preauth]
Apr 21 22:02:12 metasploitable3-ub1404 sshd[2301]: pam_unix(sshd:auth): check pass; user unknown
Apr 21 22:02:12 metasploitable3-ub1404 sshd[2301]: pam_unix(sshd:auth): authentication failure; logname= uid=0 euid=0 tty=ssh ruser= rhost=192.168.56.7 
Apr 21 22:02:12 metasploitable3-ub1404 sshd[2272]: Failed password for invalid user msfadmin from 192.168.56.7 port 53144 ssh2
Apr 21 22:02:12 metasploitable3-ub1404 sshd[2272]: error: maximum authentication attempts exceeded for invalid user msfadmin from 192.168.56.7 port 53144 ssh2 [preauth]
Apr 21 22:02:12 metasploitable3-ub1404 sshd[2272]: Disconnecting: Too many authentication failures for msfadmin [preauth]
Apr 21 22:02:12 metasploitable3-ub1404 sshd[2272]: PAM 5 more authentication failures; logname= uid=0 euid=0 tty=ssh ruser= rhost=192.168.56.7 
Apr 21 22:02:12 metasploitable3-ub1404 sshd[2272]: PAM service(sshd) ignoring max retries; 6 > 3
Apr 21 22:02:12 metasploitable3-ub1404 sshd[2287]: Failed password for invalid user msfadmin from 192.168.56.7 port 53230 ssh2
Apr 21 22:02:12 metasploitable3-ub1404 sshd[2287]: error: maximum authentication attempts exceeded for invalid user msfadmin from 192.168.56.7 port 53230 ssh2 [preauth]
Apr 21 22:02:12 metasploitable3-ub1404 sshd[2287]: Disconnecting: Too many authentication failures for msfadmin [preauth]
Apr 21 22:02:12 metasploitable3-ub1404 sshd[2287]: PAM 5 more authentication failures; logname= uid=0 euid=0 tty=ssh ruser= rhost=192.168.56.7 
Apr 21 22:02:12 metasploitable3-ub1404 sshd[2287]: PAM service(sshd) ignoring max retries; 6 > 3
Apr 21 22:02:12 metasploitable3-ub1404 sshd[2274]: Failed password for invalid user msfadmin from 192.168.56.7 port 53168 ssh2
Apr 21 22:02:12 metasploitable3-ub1404 sshd[2274]: error: maximum authentication attempts exceeded for invalid user msfadmin from 192.168.56.7 port 53168 ssh2 [preauth]
Apr 21 22:02:12 metasploitable3-ub1404 sshd[2274]: Disconnecting: Too many authentication failures for msfadmin [preauth]
Apr 21 22:02:12 metasploitable3-ub1404 sshd[2274]: PAM 5 more authentication failures; logname= uid=0 euid=0 tty=ssh ruser= rhost=192.168.56.7 
Apr 21 22:02:12 metasploitable3-ub1404 sshd[2274]: PAM service(sshd) ignoring max retries; 6 > 3
Apr 21 22:02:12 metasploitable3-ub1404 sshd[2295]: Failed password for invalid user msfadmin from 192.168.56.7 port 35856 ssh2
Apr 21 22:02:12 metasploitable3-ub1404 sshd[2295]: pam_unix(sshd:auth): check pass; user unknown
Apr 21 22:02:12 metasploitable3-ub1404 sshd[2289]: Failed password for invalid user msfadmin from 192.168.56.7 port 53236 ssh2
Apr 21 22:02:12 metasploitable3-ub1404 sshd[2289]: error: maximum authentication attempts exceeded for invalid user msfadmin from 192.168.56.7 port 53236 ssh2 [preauth]
Apr 21 22:02:12 metasploitable3-ub1404 sshd[2289]: Disconnecting: Too many authentication failures for msfadmin [preauth]
Apr 21 22:02:12 metasploitable3-ub1404 sshd[2289]: PAM 5 more authentication failures; logname= uid=0 euid=0 tty=ssh ruser= rhost=192.168.56.7 
Apr 21 22:02:12 metasploitable3-ub1404 sshd[2289]: PAM service(sshd) ignoring max retries; 6 > 3
Apr 21 22:02:12 metasploitable3-ub1404 sshd[2275]: Failed password for invalid user msfadmin from 192.168.56.7 port 53184 ssh2
Apr 21 22:02:12 metasploitable3-ub1404 sshd[2275]: error: maximum authentication attempts exceeded for invalid user msfadmin from 192.168.56.7 port 53184 ssh2 [preauth]
Apr 21 22:02:12 metasploitable3-ub1404 sshd[2275]: Disconnecting: Too many authentication failures for msfadmin [preauth]
Apr 21 22:02:12 metasploitable3-ub1404 sshd[2275]: PAM 5 more authentication failures; logname= uid=0 euid=0 tty=ssh ruser= rhost=192.168.56.7 
Apr 21 22:02:12 metasploitable3-ub1404 sshd[2275]: PAM service(sshd) ignoring max retries; 6 > 3
Apr 21 22:02:12 metasploitable3-ub1404 sshd[2303]: Invalid user msfadmin from 192.168.56.7
Apr 21 22:02:12 metasploitable3-ub1404 sshd[2303]: input_userauth_request: invalid user msfadmin [preauth]
Apr 21 22:02:12 metasploitable3-ub1404 sshd[2303]: pam_unix(sshd:auth): check pass; user unknown
Apr 21 22:02:12 metasploitable3-ub1404 sshd[2303]: pam_unix(sshd:auth): authentication failure; logname= uid=0 euid=0 tty=ssh ruser= rhost=192.168.56.7 
Apr 21 22:02:12 metasploitable3-ub1404 sshd[2305]: Invalid user msfadmin from 192.168.56.7
Apr 21 22:02:12 metasploitable3-ub1404 sshd[2305]: input_userauth_request: invalid user msfadmin [preauth]
Apr 21 22:02:12 metasploitable3-ub1404 sshd[2305]: pam_unix(sshd:auth): check pass; user unknown
Apr 21 22:02:12 metasploitable3-ub1404 sshd[2305]: pam_unix(sshd:auth): authentication failure; logname= uid=0 euid=0 tty=ssh ruser= rhost=192.168.56.7 
Apr 21 22:02:12 metasploitable3-ub1404 sshd[2291]: Failed password for invalid user msfadmin from 192.168.56.7 port 53240 ssh2
Apr 21 22:02:12 metasploitable3-ub1404 sshd[2291]: error: maximum authentication attempts exceeded for invalid user msfadmin from 192.168.56.7 port 53240 ssh2 [preauth]
Apr 21 22:02:12 metasploitable3-ub1404 sshd[2291]: Disconnecting: Too many authentication failures for msfadmin [preauth]
Apr 21 22:02:12 metasploitable3-ub1404 sshd[2291]: PAM 5 more authentication failures; logname= uid=0 euid=0 tty=ssh ruser= rhost=192.168.56.7 
Apr 21 22:02:12 metasploitable3-ub1404 sshd[2291]: PAM service(sshd) ignoring max retries; 6 > 3
Apr 21 22:02:12 metasploitable3-ub1404 sshd[2307]: Invalid user msfadmin from 192.168.56.7
Apr 21 22:02:12 metasploitable3-ub1404 sshd[2307]: input_userauth_request: invalid user msfadmin [preauth]
Apr 21 22:02:12 metasploitable3-ub1404 sshd[2307]: pam_unix(sshd:auth): check pass; user unknown
Apr 21 22:02:12 metasploitable3-ub1404 sshd[2307]: pam_unix(sshd:auth): authentication failure; logname= uid=0 euid=0 tty=ssh ruser= rhost=192.168.56.7 
Apr 21 22:02:12 metasploitable3-ub1404 sshd[2308]: Invalid user msfadmin from 192.168.56.7
Apr 21 22:02:12 metasploitable3-ub1404 sshd[2308]: input_userauth_request: invalid user msfadmin [preauth]
Apr 21 22:02:12 metasploitable3-ub1404 sshd[2308]: pam_unix(sshd:auth): check pass; user unknown
Apr 21 22:02:12 metasploitable3-ub1404 sshd[2308]: pam_unix(sshd:auth): authentication failure; logname= uid=0 euid=0 tty=ssh ruser= rhost=192.168.56.7 
Apr 21 22:02:12 metasploitable3-ub1404 sshd[2280]: Failed password for invalid user msfadmin from 192.168.56.7 port 53204 ssh2
Apr 21 22:02:12 metasploitable3-ub1404 sshd[2280]: error: maximum authentication attempts exceeded for invalid user msfadmin from 192.168.56.7 port 53204 ssh2 [preauth]
Apr 21 22:02:12 metasploitable3-ub1404 sshd[2280]: Disconnecting: Too many authentication failures for msfadmin [preauth]
Apr 21 22:02:12 metasploitable3-ub1404 sshd[2280]: PAM 5 more authentication failures; logname= uid=0 euid=0 tty=ssh ruser= rhost=192.168.56.7 
Apr 21 22:02:12 metasploitable3-ub1404 sshd[2280]: PAM service(sshd) ignoring max retries; 6 > 3
Apr 21 22:02:12 metasploitable3-ub1404 sshd[2311]: Invalid user msfadmin from 192.168.56.7
Apr 21 22:02:12 metasploitable3-ub1404 sshd[2311]: input_userauth_request: invalid user msfadmin [preauth]
Apr 21 22:02:12 metasploitable3-ub1404 sshd[2311]: pam_unix(sshd:auth): check pass; user unknown
Apr 21 22:02:12 metasploitable3-ub1404 sshd[2311]: pam_unix(sshd:auth): authentication failure; logname= uid=0 euid=0 tty=ssh ruser= rhost=192.168.56.7 
Apr 21 22:02:12 metasploitable3-ub1404 sshd[2313]: Invalid user msfadmin from 192.168.56.7
Apr 21 22:02:12 metasploitable3-ub1404 sshd[2313]: input_userauth_request: invalid user msfadmin [preauth]
Apr 21 22:02:12 metasploitable3-ub1404 sshd[2313]: pam_unix(sshd:auth): check pass; user unknown
Apr 21 22:02:12 metasploitable3-ub1404 sshd[2313]: pam_unix(sshd:auth): authentication failure; logname= uid=0 euid=0 tty=ssh ruser= rhost=192.168.56.7 
Apr 21 22:02:12 metasploitable3-ub1404 sshd[2315]: Invalid user msfadmin from 192.168.56.7
Apr 21 22:02:12 metasploitable3-ub1404 sshd[2315]: input_userauth_request: invalid user msfadmin [preauth]
Apr 21 22:02:12 metasploitable3-ub1404 sshd[2315]: pam_unix(sshd:auth): check pass; user unknown
Apr 21 22:02:12 metasploitable3-ub1404 sshd[2315]: pam_unix(sshd:auth): authentication failure; logname= uid=0 euid=0 tty=ssh ruser= rhost=192.168.56.7 
Apr 21 22:02:13 metasploitable3-ub1404 sshd[2301]: Failed password for invalid user msfadmin from 192.168.56.7 port 47430 ssh2
Apr 21 22:02:13 metasploitable3-ub1404 sshd[2301]: pam_unix(sshd:auth): check pass; user unknown
Apr 21 22:02:14 metasploitable3-ub1404 sshd[2293]: Failed password for invalid user msfadmin from 192.168.56.7 port 53256 ssh2
Apr 21 22:02:14 metasploitable3-ub1404 sshd[2293]: error: maximum authentication attempts exceeded for invalid user msfadmin from 192.168.56.7 port 53256 ssh2 [preauth]
Apr 21 22:02:14 metasploitable3-ub1404 sshd[2293]: Disconnecting: Too many authentication failures for msfadmin [preauth]
Apr 21 22:02:14 metasploitable3-ub1404 sshd[2293]: PAM 5 more authentication failures; logname= uid=0 euid=0 tty=ssh ruser= rhost=192.168.56.7 
Apr 21 22:02:14 metasploitable3-ub1404 sshd[2293]: PAM service(sshd) ignoring max retries; 6 > 3
Apr 21 22:02:14 metasploitable3-ub1404 sshd[2297]: Failed password for invalid user msfadmin from 192.168.56.7 port 35868 ssh2
Apr 21 22:02:14 metasploitable3-ub1404 sshd[2297]: pam_unix(sshd:auth): check pass; user unknown
Apr 21 22:02:14 metasploitable3-ub1404 sshd[2317]: Invalid user msfadmin from 192.168.56.7
Apr 21 22:02:14 metasploitable3-ub1404 sshd[2317]: input_userauth_request: invalid user msfadmin [preauth]
Apr 21 22:02:14 metasploitable3-ub1404 sshd[2317]: pam_unix(sshd:auth): check pass; user unknown
Apr 21 22:02:14 metasploitable3-ub1404 sshd[2317]: pam_unix(sshd:auth): authentication failure; logname= uid=0 euid=0 tty=ssh ruser= rhost=192.168.56.7 
Apr 21 22:02:14 metasploitable3-ub1404 sshd[2299]: Failed password for invalid user msfadmin from 192.168.56.7 port 35894 ssh2
Apr 21 22:02:14 metasploitable3-ub1404 sshd[2299]: pam_unix(sshd:auth): check pass; user unknown
Apr 21 22:02:14 metasploitable3-ub1404 sshd[2295]: Failed password for invalid user msfadmin from 192.168.56.7 port 35856 ssh2
Apr 21 22:02:14 metasploitable3-ub1404 sshd[2295]: error: maximum authentication attempts exceeded for invalid user msfadmin from 192.168.56.7 port 35856 ssh2 [preauth]
Apr 21 22:02:14 metasploitable3-ub1404 sshd[2295]: Disconnecting: Too many authentication failures for msfadmin [preauth]
Apr 21 22:02:14 metasploitable3-ub1404 sshd[2295]: PAM 5 more authentication failures; logname= uid=0 euid=0 tty=ssh ruser= rhost=192.168.56.7 
Apr 21 22:02:14 metasploitable3-ub1404 sshd[2295]: PAM service(sshd) ignoring max retries; 6 > 3
Apr 21 22:02:14 metasploitable3-ub1404 sshd[2303]: Failed password for invalid user msfadmin from 192.168.56.7 port 47454 ssh2
Apr 21 22:02:14 metasploitable3-ub1404 sshd[2303]: pam_unix(sshd:auth): check pass; user unknown
Apr 21 22:02:14 metasploitable3-ub1404 sshd[2305]: Failed password for invalid user msfadmin from 192.168.56.7 port 47460 ssh2
Apr 21 22:02:14 metasploitable3-ub1404 sshd[2305]: pam_unix(sshd:auth): check pass; user unknown
Apr 21 22:02:14 metasploitable3-ub1404 sshd[2319]: Invalid user msfadmin from 192.168.56.7
Apr 21 22:02:14 metasploitable3-ub1404 sshd[2319]: input_userauth_request: invalid user msfadmin [preauth]
Apr 21 22:02:14 metasploitable3-ub1404 sshd[2319]: pam_unix(sshd:auth): check pass; user unknown
Apr 21 22:02:14 metasploitable3-ub1404 sshd[2319]: pam_unix(sshd:auth): authentication failure; logname= uid=0 euid=0 tty=ssh ruser= rhost=192.168.56.7 
Apr 21 22:02:14 metasploitable3-ub1404 sshd[2307]: Failed password for invalid user msfadmin from 192.168.56.7 port 47476 ssh2
Apr 21 22:02:14 metasploitable3-ub1404 sshd[2307]: pam_unix(sshd:auth): check pass; user unknown
Apr 21 22:02:14 metasploitable3-ub1404 sshd[2308]: Failed password for invalid user msfadmin from 192.168.56.7 port 47484 ssh2
Apr 21 22:02:14 metasploitable3-ub1404 sshd[2308]: pam_unix(sshd:auth): check pass; user unknown
Apr 21 22:02:14 metasploitable3-ub1404 sshd[2311]: Failed password for invalid user msfadmin from 192.168.56.7 port 47496 ssh2
Apr 21 22:02:14 metasploitable3-ub1404 sshd[2311]: pam_unix(sshd:auth): check pass; user unknown
Apr 21 22:02:14 metasploitable3-ub1404 sshd[2313]: Failed password for invalid user msfadmin from 192.168.56.7 port 47502 ssh2
Apr 21 22:02:14 metasploitable3-ub1404 sshd[2313]: pam_unix(sshd:auth): check pass; user unknown
Apr 21 22:02:14 metasploitable3-ub1404 sshd[2315]: Failed password for invalid user msfadmin from 192.168.56.7 port 47510 ssh2
Apr 21 22:02:14 metasploitable3-ub1404 sshd[2315]: pam_unix(sshd:auth): check pass; user unknown
Apr 21 22:02:16 metasploitable3-ub1404 sshd[2301]: Failed password for invalid user msfadmin from 192.168.56.7 port 47430 ssh2
Apr 21 22:02:16 metasploitable3-ub1404 sshd[2301]: pam_unix(sshd:auth): check pass; user unknown
Apr 21 22:02:16 metasploitable3-ub1404 sshd[2297]: Failed password for invalid user msfadmin from 192.168.56.7 port 35868 ssh2
Apr 21 22:02:16 metasploitable3-ub1404 sshd[2297]: pam_unix(sshd:auth): check pass; user unknown
Apr 21 22:02:16 metasploitable3-ub1404 sshd[2317]: Failed password for invalid user msfadmin from 192.168.56.7 port 47520 ssh2
Apr 21 22:02:16 metasploitable3-ub1404 sshd[2317]: pam_unix(sshd:auth): check pass; user unknown
Apr 21 22:02:16 metasploitable3-ub1404 sshd[2299]: Failed password for invalid user msfadmin from 192.168.56.7 port 35894 ssh2
Apr 21 22:02:16 metasploitable3-ub1404 sshd[2299]: pam_unix(sshd:auth): check pass; user unknown
Apr 21 22:02:16 metasploitable3-ub1404 sshd[2303]: Failed password for invalid user msfadmin from 192.168.56.7 port 47454 ssh2
Apr 21 22:02:16 metasploitable3-ub1404 sshd[2303]: pam_unix(sshd:auth): check pass; user unknown
Apr 21 22:02:16 metasploitable3-ub1404 sshd[2305]: Failed password for invalid user msfadmin from 192.168.56.7 port 47460 ssh2
Apr 21 22:02:16 metasploitable3-ub1404 sshd[2305]: pam_unix(sshd:auth): check pass; user unknown
Apr 21 22:02:16 metasploitable3-ub1404 sshd[2319]: Failed password for invalid user msfadmin from 192.168.56.7 port 47536 ssh2
Apr 21 22:02:16 metasploitable3-ub1404 sshd[2319]: pam_unix(sshd:auth): check pass; user unknown
Apr 21 22:02:16 metasploitable3-ub1404 sshd[2307]: Failed password for invalid user msfadmin from 192.168.56.7 port 47476 ssh2
Apr 21 22:02:16 metasploitable3-ub1404 sshd[2307]: pam_unix(sshd:auth): check pass; user unknown
Apr 21 22:02:16 metasploitable3-ub1404 sshd[2308]: Failed password for invalid user msfadmin from 192.168.56.7 port 47484 ssh2
Apr 21 22:02:16 metasploitable3-ub1404 sshd[2308]: pam_unix(sshd:auth): check pass; user unknown
Apr 21 22:02:16 metasploitable3-ub1404 sshd[2311]: Failed password for invalid user msfadmin from 192.168.56.7 port 47496 ssh2
Apr 21 22:02:16 metasploitable3-ub1404 sshd[2311]: pam_unix(sshd:auth): check pass; user unknown
Apr 21 22:02:16 metasploitable3-ub1404 sshd[2313]: Failed password for invalid user msfadmin from 192.168.56.7 port 47502 ssh2
Apr 21 22:02:16 metasploitable3-ub1404 sshd[2313]: pam_unix(sshd:auth): check pass; user unknown
Apr 21 22:02:16 metasploitable3-ub1404 sshd[2315]: Failed password for invalid user msfadmin from 192.168.56.7 port 47510 ssh2
Apr 21 22:02:16 metasploitable3-ub1404 sshd[2315]: pam_unix(sshd:auth): check pass; user unknown
Apr 21 22:02:18 metasploitable3-ub1404 sshd[2301]: Failed password for invalid user msfadmin from 192.168.56.7 port 47430 ssh2
Apr 21 22:02:18 metasploitable3-ub1404 sshd[2301]: pam_unix(sshd:auth): check pass; user unknown
Apr 21 22:02:18 metasploitable3-ub1404 sshd[2297]: Failed password for invalid user msfadmin from 192.168.56.7 port 35868 ssh2
Apr 21 22:02:18 metasploitable3-ub1404 sshd[2297]: pam_unix(sshd:auth): check pass; user unknown
Apr 21 22:02:18 metasploitable3-ub1404 sshd[2317]: Failed password for invalid user msfadmin from 192.168.56.7 port 47520 ssh2
Apr 21 22:02:18 metasploitable3-ub1404 sshd[2317]: pam_unix(sshd:auth): check pass; user unknown
Apr 21 22:02:18 metasploitable3-ub1404 sshd[2299]: Failed password for invalid user msfadmin from 192.168.56.7 port 35894 ssh2
Apr 21 22:02:18 metasploitable3-ub1404 sshd[2299]: pam_unix(sshd:auth): check pass; user unknown
Apr 21 22:02:18 metasploitable3-ub1404 sshd[2303]: Failed password for invalid user msfadmin from 192.168.56.7 port 47454 ssh2
Apr 21 22:02:18 metasploitable3-ub1404 sshd[2303]: pam_unix(sshd:auth): check pass; user unknown
Apr 21 22:02:18 metasploitable3-ub1404 sshd[2305]: Failed password for invalid user msfadmin from 192.168.56.7 port 47460 ssh2
Apr 21 22:02:18 metasploitable3-ub1404 sshd[2305]: pam_unix(sshd:auth): check pass; user unknown
Apr 21 22:02:18 metasploitable3-ub1404 sshd[2319]: Failed password for invalid user msfadmin from 192.168.56.7 port 47536 ssh2
Apr 21 22:02:18 metasploitable3-ub1404 sshd[2319]: pam_unix(sshd:auth): check pass; user unknown
Apr 21 22:02:18 metasploitable3-ub1404 sshd[2307]: Failed password for invalid user msfadmin from 192.168.56.7 port 47476 ssh2
Apr 21 22:02:18 metasploitable3-ub1404 sshd[2307]: pam_unix(sshd:auth): check pass; user unknown
Apr 21 22:02:18 metasploitable3-ub1404 sshd[2308]: Failed password for invalid user msfadmin from 192.168.56.7 port 47484 ssh2
Apr 21 22:02:18 metasploitable3-ub1404 sshd[2308]: pam_unix(sshd:auth): check pass; user unknown
Apr 21 22:02:18 metasploitable3-ub1404 sshd[2311]: Failed password for invalid user msfadmin from 192.168.56.7 port 47496 ssh2
Apr 21 22:02:18 metasploitable3-ub1404 sshd[2311]: pam_unix(sshd:auth): check pass; user unknown
Apr 21 22:02:18 metasploitable3-ub1404 sshd[2313]: Failed password for invalid user msfadmin from 192.168.56.7 port 47502 ssh2
Apr 21 22:02:18 metasploitable3-ub1404 sshd[2313]: pam_unix(sshd:auth): check pass; user unknown
Apr 21 22:02:18 metasploitable3-ub1404 sshd[2315]: Failed password for invalid user msfadmin from 192.168.56.7 port 47510 ssh2
Apr 21 22:02:18 metasploitable3-ub1404 sshd[2315]: pam_unix(sshd:auth): check pass; user unknown
Apr 21 22:02:19 metasploitable3-ub1404 sshd[2301]: Failed password for invalid user msfadmin from 192.168.56.7 port 47430 ssh2
Apr 21 22:02:19 metasploitable3-ub1404 sshd[2301]: pam_unix(sshd:auth): check pass; user unknown
Apr 21 22:02:19 metasploitable3-ub1404 sshd[2297]: Failed password for invalid user msfadmin from 192.168.56.7 port 35868 ssh2
Apr 21 22:02:19 metasploitable3-ub1404 sshd[2297]: pam_unix(sshd:auth): check pass; user unknown
Apr 21 22:02:20 metasploitable3-ub1404 sshd[2317]: Failed password for invalid user msfadmin from 192.168.56.7 port 47520 ssh2
Apr 21 22:02:20 metasploitable3-ub1404 sshd[2317]: pam_unix(sshd:auth): check pass; user unknown
Apr 21 22:02:20 metasploitable3-ub1404 sshd[2299]: Failed password for invalid user msfadmin from 192.168.56.7 port 35894 ssh2
Apr 21 22:02:20 metasploitable3-ub1404 sshd[2299]: pam_unix(sshd:auth): check pass; user unknown
Apr 21 22:02:20 metasploitable3-ub1404 sshd[2303]: Failed password for invalid user msfadmin from 192.168.56.7 port 47454 ssh2
Apr 21 22:02:20 metasploitable3-ub1404 sshd[2303]: pam_unix(sshd:auth): check pass; user unknown
Apr 21 22:02:20 metasploitable3-ub1404 sshd[2305]: Failed password for invalid user msfadmin from 192.168.56.7 port 47460 ssh2
Apr 21 22:02:20 metasploitable3-ub1404 sshd[2305]: pam_unix(sshd:auth): check pass; user unknown
Apr 21 22:02:20 metasploitable3-ub1404 sshd[2319]: Failed password for invalid user msfadmin from 192.168.56.7 port 47536 ssh2
Apr 21 22:02:20 metasploitable3-ub1404 sshd[2319]: pam_unix(sshd:auth): check pass; user unknown
Apr 21 22:02:20 metasploitable3-ub1404 sshd[2307]: Failed password for invalid user msfadmin from 192.168.56.7 port 47476 ssh2
Apr 21 22:02:20 metasploitable3-ub1404 sshd[2307]: pam_unix(sshd:auth): check pass; user unknown
Apr 21 22:02:20 metasploitable3-ub1404 sshd[2308]: Failed password for invalid user msfadmin from 192.168.56.7 port 47484 ssh2
Apr 21 22:02:20 metasploitable3-ub1404 sshd[2308]: pam_unix(sshd:auth): check pass; user unknown
Apr 21 22:02:20 metasploitable3-ub1404 sshd[2311]: Failed password for invalid user msfadmin from 192.168.56.7 port 47496 ssh2
Apr 21 22:02:20 metasploitable3-ub1404 sshd[2311]: pam_unix(sshd:auth): check pass; user unknown
Apr 21 22:02:20 metasploitable3-ub1404 sshd[2313]: Failed password for invalid user msfadmin from 192.168.56.7 port 47502 ssh2
Apr 21 22:02:20 metasploitable3-ub1404 sshd[2313]: pam_unix(sshd:auth): check pass; user unknown
Apr 21 22:02:20 metasploitable3-ub1404 sshd[2315]: Failed password for invalid user msfadmin from 192.168.56.7 port 47510 ssh2
Apr 21 22:02:20 metasploitable3-ub1404 sshd[2315]: pam_unix(sshd:auth): check pass; user unknown
Apr 21 22:02:21 metasploitable3-ub1404 sshd[2317]: Failed password for invalid user msfadmin from 192.168.56.7 port 47520 ssh2
Apr 21 22:02:21 metasploitable3-ub1404 sshd[2317]: pam_unix(sshd:auth): check pass; user unknown
Apr 21 22:02:21 metasploitable3-ub1404 sshd[2299]: Failed password for invalid user msfadmin from 192.168.56.7 port 35894 ssh2
Apr 21 22:02:21 metasploitable3-ub1404 sshd[2299]: pam_unix(sshd:auth): check pass; user unknown
Apr 21 22:02:21 metasploitable3-ub1404 sshd[2303]: Failed password for invalid user msfadmin from 192.168.56.7 port 47454 ssh2
Apr 21 22:02:21 metasploitable3-ub1404 sshd[2303]: pam_unix(sshd:auth): check pass; user unknown
Apr 21 22:02:21 metasploitable3-ub1404 sshd[2305]: Failed password for invalid user msfadmin from 192.168.56.7 port 47460 ssh2
Apr 21 22:02:21 metasploitable3-ub1404 sshd[2305]: pam_unix(sshd:auth): check pass; user unknown
Apr 21 22:02:21 metasploitable3-ub1404 sshd[2301]: Failed password for invalid user msfadmin from 192.168.56.7 port 47430 ssh2
Apr 21 22:02:21 metasploitable3-ub1404 sshd[2301]: pam_unix(sshd:auth): check pass; user unknown
Apr 21 22:02:21 metasploitable3-ub1404 sshd[2297]: Failed password for invalid user msfadmin from 192.168.56.7 port 35868 ssh2
Apr 21 22:02:21 metasploitable3-ub1404 sshd[2297]: pam_unix(sshd:auth): check pass; user unknown
Apr 21 22:02:21 metasploitable3-ub1404 sshd[2319]: Failed password for invalid user msfadmin from 192.168.56.7 port 47536 ssh2
Apr 21 22:02:21 metasploitable3-ub1404 sshd[2319]: pam_unix(sshd:auth): check pass; user unknown
Apr 21 22:02:21 metasploitable3-ub1404 sshd[2307]: Failed password for invalid user msfadmin from 192.168.56.7 port 47476 ssh2
Apr 21 22:02:21 metasploitable3-ub1404 sshd[2307]: pam_unix(sshd:auth): check pass; user unknown
Apr 21 22:02:22 metasploitable3-ub1404 sshd[2308]: Failed password for invalid user msfadmin from 192.168.56.7 port 47484 ssh2
Apr 21 22:02:22 metasploitable3-ub1404 sshd[2308]: pam_unix(sshd:auth): check pass; user unknown
Apr 21 22:02:22 metasploitable3-ub1404 sshd[2311]: Failed password for invalid user msfadmin from 192.168.56.7 port 47496 ssh2
Apr 21 22:02:22 metasploitable3-ub1404 sshd[2311]: pam_unix(sshd:auth): check pass; user unknown
Apr 21 22:02:22 metasploitable3-ub1404 sshd[2313]: Failed password for invalid user msfadmin from 192.168.56.7 port 47502 ssh2
Apr 21 22:02:22 metasploitable3-ub1404 sshd[2313]: pam_unix(sshd:auth): check pass; user unknown
Apr 21 22:02:22 metasploitable3-ub1404 sshd[2315]: Failed password for invalid user msfadmin from 192.168.56.7 port 47510 ssh2
Apr 21 22:02:22 metasploitable3-ub1404 sshd[2315]: pam_unix(sshd:auth): check pass; user unknown
Apr 21 22:02:23 metasploitable3-ub1404 sshd[2317]: Failed password for invalid user msfadmin from 192.168.56.7 port 47520 ssh2
Apr 21 22:02:23 metasploitable3-ub1404 sshd[2317]: pam_unix(sshd:auth): check pass; user unknown
Apr 21 22:02:23 metasploitable3-ub1404 sshd[2299]: Failed password for invalid user msfadmin from 192.168.56.7 port 35894 ssh2
Apr 21 22:02:23 metasploitable3-ub1404 sshd[2299]: error: maximum authentication attempts exceeded for invalid user msfadmin from 192.168.56.7 port 35894 ssh2 [preauth]
Apr 21 22:02:23 metasploitable3-ub1404 sshd[2299]: Disconnecting: Too many authentication failures for msfadmin [preauth]
Apr 21 22:02:23 metasploitable3-ub1404 sshd[2299]: PAM 5 more authentication failures; logname= uid=0 euid=0 tty=ssh ruser= rhost=192.168.56.7 
Apr 21 22:02:23 metasploitable3-ub1404 sshd[2299]: PAM service(sshd) ignoring max retries; 6 > 3
Apr 21 22:02:23 metasploitable3-ub1404 sshd[2303]: Failed password for invalid user msfadmin from 192.168.56.7 port 47454 ssh2
Apr 21 22:02:23 metasploitable3-ub1404 sshd[2303]: error: maximum authentication attempts exceeded for invalid user msfadmin from 192.168.56.7 port 47454 ssh2 [preauth]
Apr 21 22:02:23 metasploitable3-ub1404 sshd[2303]: Disconnecting: Too many authentication failures for msfadmin [preauth]
Apr 21 22:02:23 metasploitable3-ub1404 sshd[2303]: PAM 5 more authentication failures; logname= uid=0 euid=0 tty=ssh ruser= rhost=192.168.56.7 
Apr 21 22:02:23 metasploitable3-ub1404 sshd[2303]: PAM service(sshd) ignoring max retries; 6 > 3
Apr 21 22:02:23 metasploitable3-ub1404 sshd[2305]: Failed password for invalid user msfadmin from 192.168.56.7 port 47460 ssh2
Apr 21 22:02:23 metasploitable3-ub1404 sshd[2305]: error: maximum authentication attempts exceeded for invalid user msfadmin from 192.168.56.7 port 47460 ssh2 [preauth]
Apr 21 22:02:23 metasploitable3-ub1404 sshd[2305]: Disconnecting: Too many authentication failures for msfadmin [preauth]
Apr 21 22:02:23 metasploitable3-ub1404 sshd[2305]: PAM 5 more authentication failures; logname= uid=0 euid=0 tty=ssh ruser= rhost=192.168.56.7 
Apr 21 22:02:23 metasploitable3-ub1404 sshd[2305]: PAM service(sshd) ignoring max retries; 6 > 3
Apr 21 22:02:23 metasploitable3-ub1404 sshd[2301]: Failed password for invalid user msfadmin from 192.168.56.7 port 47430 ssh2
Apr 21 22:02:23 metasploitable3-ub1404 sshd[2301]: error: maximum authentication attempts exceeded for invalid user msfadmin from 192.168.56.7 port 47430 ssh2 [preauth]
Apr 21 22:02:23 metasploitable3-ub1404 sshd[2301]: Disconnecting: Too many authentication failures for msfadmin [preauth]
Apr 21 22:02:23 metasploitable3-ub1404 sshd[2301]: PAM 5 more authentication failures; logname= uid=0 euid=0 tty=ssh ruser= rhost=192.168.56.7 
Apr 21 22:02:23 metasploitable3-ub1404 sshd[2301]: PAM service(sshd) ignoring max retries; 6 > 3
Apr 21 22:02:23 metasploitable3-ub1404 sshd[2321]: Invalid user msfadmin from 192.168.56.7
Apr 21 22:02:23 metasploitable3-ub1404 sshd[2321]: input_userauth_request: invalid user msfadmin [preauth]
Apr 21 22:02:23 metasploitable3-ub1404 sshd[2321]: pam_unix(sshd:auth): check pass; user unknown
Apr 21 22:02:23 metasploitable3-ub1404 sshd[2321]: pam_unix(sshd:auth): authentication failure; logname= uid=0 euid=0 tty=ssh ruser= rhost=192.168.56.7 
Apr 21 22:02:23 metasploitable3-ub1404 sshd[2297]: Failed password for invalid user msfadmin from 192.168.56.7 port 35868 ssh2
Apr 21 22:02:23 metasploitable3-ub1404 sshd[2297]: error: maximum authentication attempts exceeded for invalid user msfadmin from 192.168.56.7 port 35868 ssh2 [preauth]
Apr 21 22:02:23 metasploitable3-ub1404 sshd[2297]: Disconnecting: Too many authentication failures for msfadmin [preauth]
Apr 21 22:02:23 metasploitable3-ub1404 sshd[2297]: PAM 5 more authentication failures; logname= uid=0 euid=0 tty=ssh ruser= rhost=192.168.56.7 
Apr 21 22:02:23 metasploitable3-ub1404 sshd[2297]: PAM service(sshd) ignoring max retries; 6 > 3
Apr 21 22:02:23 metasploitable3-ub1404 sshd[2319]: Failed password for invalid user msfadmin from 192.168.56.7 port 47536 ssh2
Apr 21 22:02:23 metasploitable3-ub1404 sshd[2325]: Invalid user msfadmin from 192.168.56.7
Apr 21 22:02:23 metasploitable3-ub1404 sshd[2319]: pam_unix(sshd:auth): check pass; user unknown
Apr 21 22:02:23 metasploitable3-ub1404 sshd[2325]: input_userauth_request: invalid user msfadmin [preauth]
Apr 21 22:02:23 metasploitable3-ub1404 sshd[2325]: pam_unix(sshd:auth): check pass; user unknown
Apr 21 22:02:23 metasploitable3-ub1404 sshd[2325]: pam_unix(sshd:auth): authentication failure; logname= uid=0 euid=0 tty=ssh ruser= rhost=192.168.56.7 
Apr 21 22:02:23 metasploitable3-ub1404 sshd[2307]: Failed password for invalid user msfadmin from 192.168.56.7 port 47476 ssh2
Apr 21 22:02:23 metasploitable3-ub1404 sshd[2307]: error: maximum authentication attempts exceeded for invalid user msfadmin from 192.168.56.7 port 47476 ssh2 [preauth]
Apr 21 22:02:23 metasploitable3-ub1404 sshd[2307]: Disconnecting: Too many authentication failures for msfadmin [preauth]
Apr 21 22:02:23 metasploitable3-ub1404 sshd[2307]: PAM 5 more authentication failures; logname= uid=0 euid=0 tty=ssh ruser= rhost=192.168.56.7 
Apr 21 22:02:23 metasploitable3-ub1404 sshd[2307]: PAM service(sshd) ignoring max retries; 6 > 3
Apr 21 22:02:23 metasploitable3-ub1404 sshd[2323]: Invalid user msfadmin from 192.168.56.7
Apr 21 22:02:23 metasploitable3-ub1404 sshd[2323]: input_userauth_request: invalid user msfadmin [preauth]
Apr 21 22:02:23 metasploitable3-ub1404 sshd[2323]: pam_unix(sshd:auth): check pass; user unknown
Apr 21 22:02:23 metasploitable3-ub1404 sshd[2323]: pam_unix(sshd:auth): authentication failure; logname= uid=0 euid=0 tty=ssh ruser= rhost=192.168.56.7 
Apr 21 22:02:24 metasploitable3-ub1404 sshd[2327]: Invalid user msfadmin from 192.168.56.7
Apr 21 22:02:24 metasploitable3-ub1404 sshd[2327]: input_userauth_request: invalid user msfadmin [preauth]
Apr 21 22:02:24 metasploitable3-ub1404 sshd[2327]: pam_unix(sshd:auth): check pass; user unknown
Apr 21 22:02:24 metasploitable3-ub1404 sshd[2327]: pam_unix(sshd:auth): authentication failure; logname= uid=0 euid=0 tty=ssh ruser= rhost=192.168.56.7 
Apr 21 22:02:24 metasploitable3-ub1404 sshd[2308]: Failed password for invalid user msfadmin from 192.168.56.7 port 47484 ssh2
Apr 21 22:02:24 metasploitable3-ub1404 sshd[2308]: error: maximum authentication attempts exceeded for invalid user msfadmin from 192.168.56.7 port 47484 ssh2 [preauth]
Apr 21 22:02:24 metasploitable3-ub1404 sshd[2308]: Disconnecting: Too many authentication failures for msfadmin [preauth]
Apr 21 22:02:24 metasploitable3-ub1404 sshd[2308]: PAM 5 more authentication failures; logname= uid=0 euid=0 tty=ssh ruser= rhost=192.168.56.7 
Apr 21 22:02:24 metasploitable3-ub1404 sshd[2308]: PAM service(sshd) ignoring max retries; 6 > 3
Apr 21 22:02:24 metasploitable3-ub1404 sshd[2311]: Failed password for invalid user msfadmin from 192.168.56.7 port 47496 ssh2
Apr 21 22:02:24 metasploitable3-ub1404 sshd[2311]: error: maximum authentication attempts exceeded for invalid user msfadmin from 192.168.56.7 port 47496 ssh2 [preauth]
Apr 21 22:02:24 metasploitable3-ub1404 sshd[2311]: Disconnecting: Too many authentication failures for msfadmin [preauth]
Apr 21 22:02:24 metasploitable3-ub1404 sshd[2311]: PAM 5 more authentication failures; logname= uid=0 euid=0 tty=ssh ruser= rhost=192.168.56.7 
Apr 21 22:02:24 metasploitable3-ub1404 sshd[2311]: PAM service(sshd) ignoring max retries; 6 > 3
Apr 21 22:02:24 metasploitable3-ub1404 sshd[2332]: Invalid user msfadmin from 192.168.56.7
Apr 21 22:02:24 metasploitable3-ub1404 sshd[2332]: input_userauth_request: invalid user msfadmin [preauth]
Apr 21 22:02:24 metasploitable3-ub1404 sshd[2332]: pam_unix(sshd:auth): check pass; user unknown
Apr 21 22:02:24 metasploitable3-ub1404 sshd[2332]: pam_unix(sshd:auth): authentication failure; logname= uid=0 euid=0 tty=ssh ruser= rhost=192.168.56.7 
Apr 21 22:02:24 metasploitable3-ub1404 sshd[2313]: Failed password for invalid user msfadmin from 192.168.56.7 port 47502 ssh2
Apr 21 22:02:24 metasploitable3-ub1404 sshd[2313]: error: maximum authentication attempts exceeded for invalid user msfadmin from 192.168.56.7 port 47502 ssh2 [preauth]
Apr 21 22:02:24 metasploitable3-ub1404 sshd[2313]: Disconnecting: Too many authentication failures for msfadmin [preauth]
Apr 21 22:02:24 metasploitable3-ub1404 sshd[2313]: PAM 5 more authentication failures; logname= uid=0 euid=0 tty=ssh ruser= rhost=192.168.56.7 
Apr 21 22:02:24 metasploitable3-ub1404 sshd[2313]: PAM service(sshd) ignoring max retries; 6 > 3
Apr 21 22:02:24 metasploitable3-ub1404 sshd[2330]: Invalid user msfadmin from 192.168.56.7
Apr 21 22:02:24 metasploitable3-ub1404 sshd[2330]: input_userauth_request: invalid user msfadmin [preauth]
Apr 21 22:02:24 metasploitable3-ub1404 sshd[2329]: Invalid user msfadmin from 192.168.56.7
Apr 21 22:02:24 metasploitable3-ub1404 sshd[2329]: input_userauth_request: invalid user msfadmin [preauth]
Apr 21 22:02:24 metasploitable3-ub1404 sshd[2330]: pam_unix(sshd:auth): check pass; user unknown
Apr 21 22:02:24 metasploitable3-ub1404 sshd[2330]: pam_unix(sshd:auth): authentication failure; logname= uid=0 euid=0 tty=ssh ruser= rhost=192.168.56.7 
Apr 21 22:02:24 metasploitable3-ub1404 sshd[2329]: pam_unix(sshd:auth): check pass; user unknown
Apr 21 22:02:24 metasploitable3-ub1404 sshd[2329]: pam_unix(sshd:auth): authentication failure; logname= uid=0 euid=0 tty=ssh ruser= rhost=192.168.56.7 
Apr 21 22:02:24 metasploitable3-ub1404 sshd[2335]: Invalid user msfadmin from 192.168.56.7
Apr 21 22:02:24 metasploitable3-ub1404 sshd[2335]: input_userauth_request: invalid user msfadmin [preauth]
Apr 21 22:02:24 metasploitable3-ub1404 sshd[2335]: pam_unix(sshd:auth): check pass; user unknown
Apr 21 22:02:24 metasploitable3-ub1404 sshd[2335]: pam_unix(sshd:auth): authentication failure; logname= uid=0 euid=0 tty=ssh ruser= rhost=192.168.56.7 
Apr 21 22:02:24 metasploitable3-ub1404 sshd[2337]: Invalid user msfadmin from 192.168.56.7
Apr 21 22:02:24 metasploitable3-ub1404 sshd[2337]: input_userauth_request: invalid user msfadmin [preauth]
Apr 21 22:02:24 metasploitable3-ub1404 sshd[2315]: Failed password for invalid user msfadmin from 192.168.56.7 port 47510 ssh2
Apr 21 22:02:24 metasploitable3-ub1404 sshd[2315]: error: maximum authentication attempts exceeded for invalid user msfadmin from 192.168.56.7 port 47510 ssh2 [preauth]
Apr 21 22:02:24 metasploitable3-ub1404 sshd[2315]: Disconnecting: Too many authentication failures for msfadmin [preauth]
Apr 21 22:02:24 metasploitable3-ub1404 sshd[2315]: PAM 5 more authentication failures; logname= uid=0 euid=0 tty=ssh ruser= rhost=192.168.56.7 
Apr 21 22:02:24 metasploitable3-ub1404 sshd[2315]: PAM service(sshd) ignoring max retries; 6 > 3
Apr 21 22:02:24 metasploitable3-ub1404 sshd[2337]: pam_unix(sshd:auth): check pass; user unknown
Apr 21 22:02:24 metasploitable3-ub1404 sshd[2337]: pam_unix(sshd:auth): authentication failure; logname= uid=0 euid=0 tty=ssh ruser= rhost=192.168.56.7 
Apr 21 22:02:24 metasploitable3-ub1404 sshd[2339]: Invalid user msfadmin from 192.168.56.7
Apr 21 22:02:24 metasploitable3-ub1404 sshd[2339]: input_userauth_request: invalid user msfadmin [preauth]
Apr 21 22:02:24 metasploitable3-ub1404 sshd[2339]: pam_unix(sshd:auth): check pass; user unknown
Apr 21 22:02:24 metasploitable3-ub1404 sshd[2339]: pam_unix(sshd:auth): authentication failure; logname= uid=0 euid=0 tty=ssh ruser= rhost=192.168.56.7 
Apr 21 22:02:25 metasploitable3-ub1404 sshd[2317]: Failed password for invalid user msfadmin from 192.168.56.7 port 47520 ssh2
Apr 21 22:02:25 metasploitable3-ub1404 sshd[2317]: error: maximum authentication attempts exceeded for invalid user msfadmin from 192.168.56.7 port 47520 ssh2 [preauth]
Apr 21 22:02:25 metasploitable3-ub1404 sshd[2317]: Disconnecting: Too many authentication failures for msfadmin [preauth]
Apr 21 22:02:25 metasploitable3-ub1404 sshd[2317]: PAM 5 more authentication failures; logname= uid=0 euid=0 tty=ssh ruser= rhost=192.168.56.7 
Apr 21 22:02:25 metasploitable3-ub1404 sshd[2317]: PAM service(sshd) ignoring max retries; 6 > 3
Apr 21 22:02:25 metasploitable3-ub1404 sshd[2382]: Invalid user msfadmin from 192.168.56.7
Apr 21 22:02:25 metasploitable3-ub1404 sshd[2382]: input_userauth_request: invalid user msfadmin [preauth]
Apr 21 22:02:25 metasploitable3-ub1404 sshd[2382]: pam_unix(sshd:auth): check pass; user unknown
Apr 21 22:02:25 metasploitable3-ub1404 sshd[2382]: pam_unix(sshd:auth): authentication failure; logname= uid=0 euid=0 tty=ssh ruser= rhost=192.168.56.7 
Apr 21 22:02:25 metasploitable3-ub1404 sshd[2321]: Failed password for invalid user msfadmin from 192.168.56.7 port 43602 ssh2
Apr 21 22:02:25 metasploitable3-ub1404 sshd[2321]: pam_unix(sshd:auth): check pass; user unknown
Apr 21 22:02:25 metasploitable3-ub1404 sshd[2325]: Failed password for invalid user msfadmin from 192.168.56.7 port 43638 ssh2
Apr 21 22:02:25 metasploitable3-ub1404 sshd[2319]: Failed password for invalid user msfadmin from 192.168.56.7 port 47536 ssh2
Apr 21 22:02:25 metasploitable3-ub1404 sshd[2319]: error: maximum authentication attempts exceeded for invalid user msfadmin from 192.168.56.7 port 47536 ssh2 [preauth]
Apr 21 22:02:25 metasploitable3-ub1404 sshd[2319]: Disconnecting: Too many authentication failures for msfadmin [preauth]
Apr 21 22:02:25 metasploitable3-ub1404 sshd[2319]: PAM 5 more authentication failures; logname= uid=0 euid=0 tty=ssh ruser= rhost=192.168.56.7 
Apr 21 22:02:25 metasploitable3-ub1404 sshd[2319]: PAM service(sshd) ignoring max retries; 6 > 3
Apr 21 22:02:25 metasploitable3-ub1404 sshd[2325]: pam_unix(sshd:auth): check pass; user unknown
Apr 21 22:02:25 metasploitable3-ub1404 sshd[2323]: Failed password for invalid user msfadmin from 192.168.56.7 port 43612 ssh2
Apr 21 22:02:25 metasploitable3-ub1404 sshd[2323]: pam_unix(sshd:auth): check pass; user unknown
Apr 21 22:02:25 metasploitable3-ub1404 sshd[2384]: Invalid user msfadmin from 192.168.56.7
Apr 21 22:02:25 metasploitable3-ub1404 sshd[2384]: input_userauth_request: invalid user msfadmin [preauth]
Apr 21 22:02:25 metasploitable3-ub1404 sshd[2384]: pam_unix(sshd:auth): check pass; user unknown
Apr 21 22:02:25 metasploitable3-ub1404 sshd[2384]: pam_unix(sshd:auth): authentication failure; logname= uid=0 euid=0 tty=ssh ruser= rhost=192.168.56.7 
Apr 21 22:02:26 metasploitable3-ub1404 sshd[2327]: Failed password for invalid user msfadmin from 192.168.56.7 port 43660 ssh2
Apr 21 22:02:26 metasploitable3-ub1404 sshd[2327]: pam_unix(sshd:auth): check pass; user unknown
Apr 21 22:02:26 metasploitable3-ub1404 sshd[2332]: Failed password for invalid user msfadmin from 192.168.56.7 port 43716 ssh2
Apr 21 22:02:26 metasploitable3-ub1404 sshd[2332]: pam_unix(sshd:auth): check pass; user unknown
Apr 21 22:02:26 metasploitable3-ub1404 sshd[2330]: Failed password for invalid user msfadmin from 192.168.56.7 port 43702 ssh2
Apr 21 22:02:26 metasploitable3-ub1404 sshd[2330]: pam_unix(sshd:auth): check pass; user unknown
Apr 21 22:02:26 metasploitable3-ub1404 sshd[2329]: Failed password for invalid user msfadmin from 192.168.56.7 port 43704 ssh2
Apr 21 22:02:26 metasploitable3-ub1404 sshd[2329]: pam_unix(sshd:auth): check pass; user unknown
Apr 21 22:02:26 metasploitable3-ub1404 sshd[2335]: Failed password for invalid user msfadmin from 192.168.56.7 port 43732 ssh2
Apr 21 22:02:26 metasploitable3-ub1404 sshd[2335]: pam_unix(sshd:auth): check pass; user unknown
Apr 21 22:02:26 metasploitable3-ub1404 sshd[2337]: Failed password for invalid user msfadmin from 192.168.56.7 port 43740 ssh2
Apr 21 22:02:26 metasploitable3-ub1404 sshd[2337]: pam_unix(sshd:auth): check pass; user unknown
Apr 21 22:02:26 metasploitable3-ub1404 sshd[2339]: Failed password for invalid user msfadmin from 192.168.56.7 port 43756 ssh2
Apr 21 22:02:26 metasploitable3-ub1404 sshd[2339]: pam_unix(sshd:auth): check pass; user unknown
Apr 21 22:02:28 metasploitable3-ub1404 sshd[2382]: Failed password for invalid user msfadmin from 192.168.56.7 port 43760 ssh2
Apr 21 22:02:28 metasploitable3-ub1404 sshd[2382]: pam_unix(sshd:auth): check pass; user unknown
Apr 21 22:02:28 metasploitable3-ub1404 sshd[2321]: Failed password for invalid user msfadmin from 192.168.56.7 port 43602 ssh2
Apr 21 22:02:28 metasploitable3-ub1404 sshd[2321]: pam_unix(sshd:auth): check pass; user unknown
Apr 21 22:02:28 metasploitable3-ub1404 sshd[2325]: Failed password for invalid user msfadmin from 192.168.56.7 port 43638 ssh2
Apr 21 22:02:28 metasploitable3-ub1404 sshd[2325]: pam_unix(sshd:auth): check pass; user unknown
Apr 21 22:02:28 metasploitable3-ub1404 sshd[2323]: Failed password for invalid user msfadmin from 192.168.56.7 port 43612 ssh2
Apr 21 22:02:28 metasploitable3-ub1404 sshd[2323]: pam_unix(sshd:auth): check pass; user unknown
Apr 21 22:02:28 metasploitable3-ub1404 sshd[2384]: Failed password for invalid user msfadmin from 192.168.56.7 port 43770 ssh2
Apr 21 22:02:28 metasploitable3-ub1404 sshd[2384]: pam_unix(sshd:auth): check pass; user unknown
Apr 21 22:02:28 metasploitable3-ub1404 sshd[2327]: Failed password for invalid user msfadmin from 192.168.56.7 port 43660 ssh2
Apr 21 22:02:28 metasploitable3-ub1404 sshd[2327]: pam_unix(sshd:auth): check pass; user unknown
Apr 21 22:02:28 metasploitable3-ub1404 sshd[2332]: Failed password for invalid user msfadmin from 192.168.56.7 port 43716 ssh2
Apr 21 22:02:28 metasploitable3-ub1404 sshd[2332]: pam_unix(sshd:auth): check pass; user unknown
Apr 21 22:02:28 metasploitable3-ub1404 sshd[2330]: Failed password for invalid user msfadmin from 192.168.56.7 port 43702 ssh2
Apr 21 22:02:28 metasploitable3-ub1404 sshd[2330]: pam_unix(sshd:auth): check pass; user unknown
Apr 21 22:02:28 metasploitable3-ub1404 sshd[2329]: Failed password for invalid user msfadmin from 192.168.56.7 port 43704 ssh2
Apr 21 22:02:28 metasploitable3-ub1404 sshd[2329]: pam_unix(sshd:auth): check pass; user unknown
Apr 21 22:02:28 metasploitable3-ub1404 sshd[2335]: Failed password for invalid user msfadmin from 192.168.56.7 port 43732 ssh2
Apr 21 22:02:29 metasploitable3-ub1404 sshd[2337]: Failed password for invalid user msfadmin from 192.168.56.7 port 43740 ssh2
Apr 21 22:02:29 metasploitable3-ub1404 sshd[2335]: pam_unix(sshd:auth): check pass; user unknown
Apr 21 22:02:29 metasploitable3-ub1404 sshd[2337]: pam_unix(sshd:auth): check pass; user unknown
Apr 21 22:02:29 metasploitable3-ub1404 sshd[2339]: Failed password for invalid user msfadmin from 192.168.56.7 port 43756 ssh2
Apr 21 22:02:29 metasploitable3-ub1404 sshd[2339]: pam_unix(sshd:auth): check pass; user unknown
Apr 21 22:02:29 metasploitable3-ub1404 sshd[2382]: Failed password for invalid user msfadmin from 192.168.56.7 port 43760 ssh2
Apr 21 22:02:29 metasploitable3-ub1404 sshd[2382]: pam_unix(sshd:auth): check pass; user unknown
Apr 21 22:02:29 metasploitable3-ub1404 sshd[2321]: Failed password for invalid user msfadmin from 192.168.56.7 port 43602 ssh2
Apr 21 22:02:29 metasploitable3-ub1404 sshd[2321]: pam_unix(sshd:auth): check pass; user unknown
Apr 21 22:02:29 metasploitable3-ub1404 sshd[2325]: Failed password for invalid user msfadmin from 192.168.56.7 port 43638 ssh2
Apr 21 22:02:29 metasploitable3-ub1404 sshd[2325]: pam_unix(sshd:auth): check pass; user unknown
Apr 21 22:02:29 metasploitable3-ub1404 sshd[2323]: Failed password for invalid user msfadmin from 192.168.56.7 port 43612 ssh2
Apr 21 22:02:29 metasploitable3-ub1404 sshd[2323]: pam_unix(sshd:auth): check pass; user unknown
Apr 21 22:02:29 metasploitable3-ub1404 sshd[2384]: Failed password for invalid user msfadmin from 192.168.56.7 port 43770 ssh2
Apr 21 22:02:30 metasploitable3-ub1404 sshd[2384]: pam_unix(sshd:auth): check pass; user unknown
Apr 21 22:02:30 metasploitable3-ub1404 sshd[2327]: Failed password for invalid user msfadmin from 192.168.56.7 port 43660 ssh2
Apr 21 22:02:30 metasploitable3-ub1404 sshd[2327]: pam_unix(sshd:auth): check pass; user unknown
Apr 21 22:02:30 metasploitable3-ub1404 sshd[2332]: Failed password for invalid user msfadmin from 192.168.56.7 port 43716 ssh2
Apr 21 22:02:30 metasploitable3-ub1404 sshd[2332]: pam_unix(sshd:auth): check pass; user unknown
Apr 21 22:02:30 metasploitable3-ub1404 sshd[2330]: Failed password for invalid user msfadmin from 192.168.56.7 port 43702 ssh2
Apr 21 22:02:30 metasploitable3-ub1404 sshd[2330]: pam_unix(sshd:auth): check pass; user unknown
Apr 21 22:02:30 metasploitable3-ub1404 sshd[2329]: Failed password for invalid user msfadmin from 192.168.56.7 port 43704 ssh2
Apr 21 22:02:30 metasploitable3-ub1404 sshd[2329]: pam_unix(sshd:auth): check pass; user unknown
Apr 21 22:02:31 metasploitable3-ub1404 sshd[2335]: Failed password for invalid user msfadmin from 192.168.56.7 port 43732 ssh2
Apr 21 22:02:31 metasploitable3-ub1404 sshd[2335]: pam_unix(sshd:auth): check pass; user unknown
Apr 21 22:02:31 metasploitable3-ub1404 sshd[2337]: Failed password for invalid user msfadmin from 192.168.56.7 port 43740 ssh2
Apr 21 22:02:31 metasploitable3-ub1404 sshd[2337]: pam_unix(sshd:auth): check pass; user unknown
Apr 21 22:02:31 metasploitable3-ub1404 sshd[2339]: Failed password for invalid user msfadmin from 192.168.56.7 port 43756 ssh2
Apr 21 22:02:31 metasploitable3-ub1404 sshd[2339]: pam_unix(sshd:auth): check pass; user unknown
Apr 21 22:02:31 metasploitable3-ub1404 sshd[2382]: Failed password for invalid user msfadmin from 192.168.56.7 port 43760 ssh2
Apr 21 22:02:31 metasploitable3-ub1404 sshd[2382]: pam_unix(sshd:auth): check pass; user unknown
Apr 21 22:02:31 metasploitable3-ub1404 sshd[2321]: Failed password for invalid user msfadmin from 192.168.56.7 port 43602 ssh2
Apr 21 22:02:31 metasploitable3-ub1404 sshd[2321]: pam_unix(sshd:auth): check pass; user unknown
Apr 21 22:02:31 metasploitable3-ub1404 sshd[2325]: Failed password for invalid user msfadmin from 192.168.56.7 port 43638 ssh2
Apr 21 22:02:31 metasploitable3-ub1404 sshd[2325]: pam_unix(sshd:auth): check pass; user unknown
Apr 21 22:02:32 metasploitable3-ub1404 sshd[2323]: Failed password for invalid user msfadmin from 192.168.56.7 port 43612 ssh2
Apr 21 22:02:32 metasploitable3-ub1404 sshd[2323]: pam_unix(sshd:auth): check pass; user unknown
Apr 21 22:02:32 metasploitable3-ub1404 sshd[2384]: Failed password for invalid user msfadmin from 192.168.56.7 port 43770 ssh2
Apr 21 22:02:32 metasploitable3-ub1404 sshd[2384]: pam_unix(sshd:auth): check pass; user unknown
Apr 21 22:02:32 metasploitable3-ub1404 sshd[2327]: Failed password for invalid user msfadmin from 192.168.56.7 port 43660 ssh2
Apr 21 22:02:32 metasploitable3-ub1404 sshd[2327]: pam_unix(sshd:auth): check pass; user unknown
Apr 21 22:02:32 metasploitable3-ub1404 sshd[2332]: Failed password for invalid user msfadmin from 192.168.56.7 port 43716 ssh2
Apr 21 22:02:32 metasploitable3-ub1404 sshd[2332]: pam_unix(sshd:auth): check pass; user unknown
Apr 21 22:02:32 metasploitable3-ub1404 sshd[2330]: Failed password for invalid user msfadmin from 192.168.56.7 port 43702 ssh2
Apr 21 22:02:32 metasploitable3-ub1404 sshd[2330]: pam_unix(sshd:auth): check pass; user unknown
Apr 21 22:02:32 metasploitable3-ub1404 sshd[2329]: Failed password for invalid user msfadmin from 192.168.56.7 port 43704 ssh2
Apr 21 22:02:32 metasploitable3-ub1404 sshd[2329]: pam_unix(sshd:auth): check pass; user unknown
Apr 21 22:02:33 metasploitable3-ub1404 sshd[2335]: Failed password for invalid user msfadmin from 192.168.56.7 port 43732 ssh2
Apr 21 22:02:33 metasploitable3-ub1404 sshd[2335]: pam_unix(sshd:auth): check pass; user unknown
Apr 21 22:02:33 metasploitable3-ub1404 sshd[2337]: Failed password for invalid user msfadmin from 192.168.56.7 port 43740 ssh2
Apr 21 22:02:33 metasploitable3-ub1404 sshd[2337]: pam_unix(sshd:auth): check pass; user unknown
Apr 21 22:02:33 metasploitable3-ub1404 sshd[2339]: Failed password for invalid user msfadmin from 192.168.56.7 port 43756 ssh2
Apr 21 22:02:33 metasploitable3-ub1404 sshd[2339]: pam_unix(sshd:auth): check pass; user unknown
Apr 21 22:02:34 metasploitable3-ub1404 sshd[2382]: Failed password for invalid user msfadmin from 192.168.56.7 port 43760 ssh2
Apr 21 22:02:34 metasploitable3-ub1404 sshd[2382]: pam_unix(sshd:auth): check pass; user unknown
Apr 21 22:02:34 metasploitable3-ub1404 sshd[2321]: Failed password for invalid user msfadmin from 192.168.56.7 port 43602 ssh2
Apr 21 22:02:34 metasploitable3-ub1404 sshd[2321]: pam_unix(sshd:auth): check pass; user unknown
Apr 21 22:02:34 metasploitable3-ub1404 sshd[2325]: Failed password for invalid user msfadmin from 192.168.56.7 port 43638 ssh2
Apr 21 22:02:34 metasploitable3-ub1404 sshd[2325]: pam_unix(sshd:auth): check pass; user unknown
Apr 21 22:02:34 metasploitable3-ub1404 sshd[2323]: Failed password for invalid user msfadmin from 192.168.56.7 port 43612 ssh2
Apr 21 22:02:34 metasploitable3-ub1404 sshd[2323]: pam_unix(sshd:auth): check pass; user unknown
Apr 21 22:02:34 metasploitable3-ub1404 sshd[2384]: Failed password for invalid user msfadmin from 192.168.56.7 port 43770 ssh2
Apr 21 22:02:34 metasploitable3-ub1404 sshd[2384]: pam_unix(sshd:auth): check pass; user unknown
Apr 21 22:02:35 metasploitable3-ub1404 sshd[2327]: Failed password for invalid user msfadmin from 192.168.56.7 port 43660 ssh2
Apr 21 22:02:35 metasploitable3-ub1404 sshd[2327]: pam_unix(sshd:auth): check pass; user unknown
Apr 21 22:02:35 metasploitable3-ub1404 sshd[2335]: Failed password for invalid user msfadmin from 192.168.56.7 port 43732 ssh2
Apr 21 22:02:35 metasploitable3-ub1404 sshd[2335]: pam_unix(sshd:auth): check pass; user unknown
Apr 21 22:02:35 metasploitable3-ub1404 sshd[2337]: Failed password for invalid user msfadmin from 192.168.56.7 port 43740 ssh2
Apr 21 22:02:35 metasploitable3-ub1404 sshd[2337]: pam_unix(sshd:auth): check pass; user unknown
Apr 21 22:02:35 metasploitable3-ub1404 sshd[2339]: Failed password for invalid user msfadmin from 192.168.56.7 port 43756 ssh2
Apr 21 22:02:35 metasploitable3-ub1404 sshd[2339]: pam_unix(sshd:auth): check pass; user unknown
Apr 21 22:02:35 metasploitable3-ub1404 sshd[2332]: Failed password for invalid user msfadmin from 192.168.56.7 port 43716 ssh2
Apr 21 22:02:35 metasploitable3-ub1404 sshd[2332]: pam_unix(sshd:auth): check pass; user unknown
Apr 21 22:02:35 metasploitable3-ub1404 sshd[2330]: Failed password for invalid user msfadmin from 192.168.56.7 port 43702 ssh2
Apr 21 22:02:35 metasploitable3-ub1404 sshd[2330]: pam_unix(sshd:auth): check pass; user unknown
Apr 21 22:02:35 metasploitable3-ub1404 sshd[2329]: Failed password for invalid user msfadmin from 192.168.56.7 port 43704 ssh2
Apr 21 22:02:35 metasploitable3-ub1404 sshd[2329]: pam_unix(sshd:auth): check pass; user unknown
Apr 21 22:02:36 metasploitable3-ub1404 sshd[2382]: Failed password for invalid user msfadmin from 192.168.56.7 port 43760 ssh2
Apr 21 22:02:36 metasploitable3-ub1404 sshd[2382]: pam_unix(sshd:auth): check pass; user unknown
Apr 21 22:02:36 metasploitable3-ub1404 sshd[2321]: Failed password for invalid user msfadmin from 192.168.56.7 port 43602 ssh2
Apr 21 22:02:36 metasploitable3-ub1404 sshd[2321]: error: maximum authentication attempts exceeded for invalid user msfadmin from 192.168.56.7 port 43602 ssh2 [preauth]
Apr 21 22:02:36 metasploitable3-ub1404 sshd[2321]: Disconnecting: Too many authentication failures for msfadmin [preauth]
Apr 21 22:02:36 metasploitable3-ub1404 sshd[2321]: PAM 5 more authentication failures; logname= uid=0 euid=0 tty=ssh ruser= rhost=192.168.56.7 
Apr 21 22:02:36 metasploitable3-ub1404 sshd[2321]: PAM service(sshd) ignoring max retries; 6 > 3
Apr 21 22:02:36 metasploitable3-ub1404 sshd[2325]: Failed password for invalid user msfadmin from 192.168.56.7 port 43638 ssh2
Apr 21 22:02:36 metasploitable3-ub1404 sshd[2325]: error: maximum authentication attempts exceeded for invalid user msfadmin from 192.168.56.7 port 43638 ssh2 [preauth]
Apr 21 22:02:36 metasploitable3-ub1404 sshd[2325]: Disconnecting: Too many authentication failures for msfadmin [preauth]
Apr 21 22:02:36 metasploitable3-ub1404 sshd[2325]: PAM 5 more authentication failures; logname= uid=0 euid=0 tty=ssh ruser= rhost=192.168.56.7 
Apr 21 22:02:36 metasploitable3-ub1404 sshd[2325]: PAM service(sshd) ignoring max retries; 6 > 3
Apr 21 22:02:36 metasploitable3-ub1404 sshd[2386]: Invalid user msfadmin from 192.168.56.7
Apr 21 22:02:36 metasploitable3-ub1404 sshd[2386]: input_userauth_request: invalid user msfadmin [preauth]
Apr 21 22:02:36 metasploitable3-ub1404 sshd[2386]: pam_unix(sshd:auth): check pass; user unknown
Apr 21 22:02:36 metasploitable3-ub1404 sshd[2386]: pam_unix(sshd:auth): authentication failure; logname= uid=0 euid=0 tty=ssh ruser= rhost=192.168.56.7 
Apr 21 22:02:36 metasploitable3-ub1404 sshd[2388]: Invalid user msfadmin from 192.168.56.7
Apr 21 22:02:36 metasploitable3-ub1404 sshd[2388]: input_userauth_request: invalid user msfadmin [preauth]
Apr 21 22:02:36 metasploitable3-ub1404 sshd[2388]: pam_unix(sshd:auth): check pass; user unknown
Apr 21 22:02:36 metasploitable3-ub1404 sshd[2388]: pam_unix(sshd:auth): authentication failure; logname= uid=0 euid=0 tty=ssh ruser= rhost=192.168.56.7 
Apr 21 22:02:36 metasploitable3-ub1404 sshd[2323]: Failed password for invalid user msfadmin from 192.168.56.7 port 43612 ssh2
Apr 21 22:02:36 metasploitable3-ub1404 sshd[2323]: error: maximum authentication attempts exceeded for invalid user msfadmin from 192.168.56.7 port 43612 ssh2 [preauth]
Apr 21 22:02:36 metasploitable3-ub1404 sshd[2323]: Disconnecting: Too many authentication failures for msfadmin [preauth]
Apr 21 22:02:36 metasploitable3-ub1404 sshd[2323]: PAM 5 more authentication failures; logname= uid=0 euid=0 tty=ssh ruser= rhost=192.168.56.7 
Apr 21 22:02:36 metasploitable3-ub1404 sshd[2323]: PAM service(sshd) ignoring max retries; 6 > 3
Apr 21 22:02:36 metasploitable3-ub1404 sshd[2384]: Failed password for invalid user msfadmin from 192.168.56.7 port 43770 ssh2
Apr 21 22:02:36 metasploitable3-ub1404 sshd[2384]: pam_unix(sshd:auth): check pass; user unknown
Apr 21 22:02:37 metasploitable3-ub1404 sshd[2390]: Invalid user msfadmin from 192.168.56.7
Apr 21 22:02:37 metasploitable3-ub1404 sshd[2390]: input_userauth_request: invalid user msfadmin [preauth]
Apr 21 22:02:37 metasploitable3-ub1404 sshd[2390]: pam_unix(sshd:auth): check pass; user unknown
Apr 21 22:02:37 metasploitable3-ub1404 sshd[2390]: pam_unix(sshd:auth): authentication failure; logname= uid=0 euid=0 tty=ssh ruser= rhost=192.168.56.7 
Apr 21 22:02:37 metasploitable3-ub1404 sshd[2327]: Failed password for invalid user msfadmin from 192.168.56.7 port 43660 ssh2
Apr 21 22:02:37 metasploitable3-ub1404 sshd[2327]: error: maximum authentication attempts exceeded for invalid user msfadmin from 192.168.56.7 port 43660 ssh2 [preauth]
Apr 21 22:02:37 metasploitable3-ub1404 sshd[2327]: Disconnecting: Too many authentication failures for msfadmin [preauth]
Apr 21 22:02:37 metasploitable3-ub1404 sshd[2327]: PAM 5 more authentication failures; logname= uid=0 euid=0 tty=ssh ruser= rhost=192.168.56.7 
Apr 21 22:02:37 metasploitable3-ub1404 sshd[2327]: PAM service(sshd) ignoring max retries; 6 > 3
Apr 21 22:02:37 metasploitable3-ub1404 sshd[2335]: Failed password for invalid user msfadmin from 192.168.56.7 port 43732 ssh2
Apr 21 22:02:37 metasploitable3-ub1404 sshd[2335]: error: maximum authentication attempts exceeded for invalid user msfadmin from 192.168.56.7 port 43732 ssh2 [preauth]
Apr 21 22:02:37 metasploitable3-ub1404 sshd[2335]: Disconnecting: Too many authentication failures for msfadmin [preauth]
Apr 21 22:02:37 metasploitable3-ub1404 sshd[2335]: PAM 5 more authentication failures; logname= uid=0 euid=0 tty=ssh ruser= rhost=192.168.56.7 
Apr 21 22:02:37 metasploitable3-ub1404 sshd[2335]: PAM service(sshd) ignoring max retries; 6 > 3
Apr 21 22:02:37 metasploitable3-ub1404 sshd[2337]: Failed password for invalid user msfadmin from 192.168.56.7 port 43740 ssh2
Apr 21 22:02:37 metasploitable3-ub1404 sshd[2337]: error: maximum authentication attempts exceeded for invalid user msfadmin from 192.168.56.7 port 43740 ssh2 [preauth]
Apr 21 22:02:37 metasploitable3-ub1404 sshd[2337]: Disconnecting: Too many authentication failures for msfadmin [preauth]
Apr 21 22:02:37 metasploitable3-ub1404 sshd[2337]: PAM 5 more authentication failures; logname= uid=0 euid=0 tty=ssh ruser= rhost=192.168.56.7 
Apr 21 22:02:37 metasploitable3-ub1404 sshd[2337]: PAM service(sshd) ignoring max retries; 6 > 3
Apr 21 22:02:37 metasploitable3-ub1404 sshd[2392]: Invalid user msfadmin from 192.168.56.7
Apr 21 22:02:37 metasploitable3-ub1404 sshd[2392]: input_userauth_request: invalid user msfadmin [preauth]
Apr 21 22:02:37 metasploitable3-ub1404 sshd[2392]: pam_unix(sshd:auth): check pass; user unknown
Apr 21 22:02:37 metasploitable3-ub1404 sshd[2392]: pam_unix(sshd:auth): authentication failure; logname= uid=0 euid=0 tty=ssh ruser= rhost=192.168.56.7 
Apr 21 22:02:37 metasploitable3-ub1404 sshd[2339]: Failed password for invalid user msfadmin from 192.168.56.7 port 43756 ssh2
Apr 21 22:02:37 metasploitable3-ub1404 sshd[2339]: error: maximum authentication attempts exceeded for invalid user msfadmin from 192.168.56.7 port 43756 ssh2 [preauth]
Apr 21 22:02:37 metasploitable3-ub1404 sshd[2339]: Disconnecting: Too many authentication failures for msfadmin [preauth]
Apr 21 22:02:37 metasploitable3-ub1404 sshd[2339]: PAM 5 more authentication failures; logname= uid=0 euid=0 tty=ssh ruser= rhost=192.168.56.7 
Apr 21 22:02:37 metasploitable3-ub1404 sshd[2339]: PAM service(sshd) ignoring max retries; 6 > 3
Apr 21 22:02:37 metasploitable3-ub1404 sshd[2394]: Invalid user msfadmin from 192.168.56.7
Apr 21 22:02:37 metasploitable3-ub1404 sshd[2394]: input_userauth_request: invalid user msfadmin [preauth]
Apr 21 22:02:37 metasploitable3-ub1404 sshd[2394]: pam_unix(sshd:auth): check pass; user unknown
Apr 21 22:02:37 metasploitable3-ub1404 sshd[2394]: pam_unix(sshd:auth): authentication failure; logname= uid=0 euid=0 tty=ssh ruser= rhost=192.168.56.7 
Apr 21 22:02:37 metasploitable3-ub1404 sshd[2396]: Invalid user msfadmin from 192.168.56.7
Apr 21 22:02:37 metasploitable3-ub1404 sshd[2396]: input_userauth_request: invalid user msfadmin [preauth]
Apr 21 22:02:37 metasploitable3-ub1404 sshd[2332]: Failed password for invalid user msfadmin from 192.168.56.7 port 43716 ssh2
Apr 21 22:02:37 metasploitable3-ub1404 sshd[2332]: error: maximum authentication attempts exceeded for invalid user msfadmin from 192.168.56.7 port 43716 ssh2 [preauth]
Apr 21 22:02:37 metasploitable3-ub1404 sshd[2332]: Disconnecting: Too many authentication failures for msfadmin [preauth]
Apr 21 22:02:37 metasploitable3-ub1404 sshd[2332]: PAM 5 more authentication failures; logname= uid=0 euid=0 tty=ssh ruser= rhost=192.168.56.7 
Apr 21 22:02:37 metasploitable3-ub1404 sshd[2332]: PAM service(sshd) ignoring max retries; 6 > 3
Apr 21 22:02:37 metasploitable3-ub1404 sshd[2396]: pam_unix(sshd:auth): check pass; user unknown
Apr 21 22:02:37 metasploitable3-ub1404 sshd[2396]: pam_unix(sshd:auth): authentication failure; logname= uid=0 euid=0 tty=ssh ruser= rhost=192.168.56.7 
Apr 21 22:02:37 metasploitable3-ub1404 sshd[2330]: Failed password for invalid user msfadmin from 192.168.56.7 port 43702 ssh2
Apr 21 22:02:37 metasploitable3-ub1404 sshd[2330]: error: maximum authentication attempts exceeded for invalid user msfadmin from 192.168.56.7 port 43702 ssh2 [preauth]
Apr 21 22:02:37 metasploitable3-ub1404 sshd[2330]: Disconnecting: Too many authentication failures for msfadmin [preauth]
Apr 21 22:02:37 metasploitable3-ub1404 sshd[2330]: PAM 5 more authentication failures; logname= uid=0 euid=0 tty=ssh ruser= rhost=192.168.56.7 
Apr 21 22:02:37 metasploitable3-ub1404 sshd[2330]: PAM service(sshd) ignoring max retries; 6 > 3
Apr 21 22:02:37 metasploitable3-ub1404 sshd[2329]: Failed password for invalid user msfadmin from 192.168.56.7 port 43704 ssh2
Apr 21 22:02:37 metasploitable3-ub1404 sshd[2329]: error: maximum authentication attempts exceeded for invalid user msfadmin from 192.168.56.7 port 43704 ssh2 [preauth]
Apr 21 22:02:37 metasploitable3-ub1404 sshd[2329]: Disconnecting: Too many authentication failures for msfadmin [preauth]
Apr 21 22:02:37 metasploitable3-ub1404 sshd[2329]: PAM 5 more authentication failures; logname= uid=0 euid=0 tty=ssh ruser= rhost=192.168.56.7 
Apr 21 22:02:37 metasploitable3-ub1404 sshd[2329]: PAM service(sshd) ignoring max retries; 6 > 3
Apr 21 22:02:37 metasploitable3-ub1404 sshd[2400]: Invalid user msfadmin from 192.168.56.7
Apr 21 22:02:37 metasploitable3-ub1404 sshd[2400]: input_userauth_request: invalid user msfadmin [preauth]
Apr 21 22:02:37 metasploitable3-ub1404 sshd[2400]: pam_unix(sshd:auth): check pass; user unknown
Apr 21 22:02:37 metasploitable3-ub1404 sshd[2400]: pam_unix(sshd:auth): authentication failure; logname= uid=0 euid=0 tty=ssh ruser= rhost=192.168.56.7 
Apr 21 22:02:37 metasploitable3-ub1404 sshd[2398]: Invalid user msfadmin from 192.168.56.7
Apr 21 22:02:37 metasploitable3-ub1404 sshd[2398]: input_userauth_request: invalid user msfadmin [preauth]
Apr 21 22:02:37 metasploitable3-ub1404 sshd[2398]: pam_unix(sshd:auth): check pass; user unknown
Apr 21 22:02:37 metasploitable3-ub1404 sshd[2398]: pam_unix(sshd:auth): authentication failure; logname= uid=0 euid=0 tty=ssh ruser= rhost=192.168.56.7 
Apr 21 22:02:37 metasploitable3-ub1404 sshd[2402]: Invalid user msfadmin from 192.168.56.7
Apr 21 22:02:37 metasploitable3-ub1404 sshd[2402]: input_userauth_request: invalid user msfadmin [preauth]
Apr 21 22:02:37 metasploitable3-ub1404 sshd[2402]: pam_unix(sshd:auth): check pass; user unknown
Apr 21 22:02:37 metasploitable3-ub1404 sshd[2402]: pam_unix(sshd:auth): authentication failure; logname= uid=0 euid=0 tty=ssh ruser= rhost=192.168.56.7 
Apr 21 22:02:37 metasploitable3-ub1404 sshd[2404]: Invalid user msfadmin from 192.168.56.7
Apr 21 22:02:37 metasploitable3-ub1404 sshd[2404]: input_userauth_request: invalid user msfadmin [preauth]
Apr 21 22:02:37 metasploitable3-ub1404 sshd[2404]: pam_unix(sshd:auth): check pass; user unknown
Apr 21 22:02:37 metasploitable3-ub1404 sshd[2404]: pam_unix(sshd:auth): authentication failure; logname= uid=0 euid=0 tty=ssh ruser= rhost=192.168.56.7 
Apr 21 22:02:38 metasploitable3-ub1404 sshd[2382]: Failed password for invalid user msfadmin from 192.168.56.7 port 43760 ssh2
Apr 21 22:02:38 metasploitable3-ub1404 sshd[2382]: error: maximum authentication attempts exceeded for invalid user msfadmin from 192.168.56.7 port 43760 ssh2 [preauth]
Apr 21 22:02:38 metasploitable3-ub1404 sshd[2382]: Disconnecting: Too many authentication failures for msfadmin [preauth]
Apr 21 22:02:38 metasploitable3-ub1404 sshd[2382]: PAM 5 more authentication failures; logname= uid=0 euid=0 tty=ssh ruser= rhost=192.168.56.7 
Apr 21 22:02:38 metasploitable3-ub1404 sshd[2382]: PAM service(sshd) ignoring max retries; 6 > 3
Apr 21 22:02:38 metasploitable3-ub1404 sshd[2386]: Failed password for invalid user msfadmin from 192.168.56.7 port 55518 ssh2
Apr 21 22:02:38 metasploitable3-ub1404 sshd[2386]: pam_unix(sshd:auth): check pass; user unknown
Apr 21 22:02:39 metasploitable3-ub1404 sshd[2388]: Failed password for invalid user msfadmin from 192.168.56.7 port 55538 ssh2
Apr 21 22:02:39 metasploitable3-ub1404 sshd[2388]: pam_unix(sshd:auth): check pass; user unknown
Apr 21 22:02:39 metasploitable3-ub1404 sshd[2384]: Failed password for invalid user msfadmin from 192.168.56.7 port 43770 ssh2
Apr 21 22:02:39 metasploitable3-ub1404 sshd[2384]: error: maximum authentication attempts exceeded for invalid user msfadmin from 192.168.56.7 port 43770 ssh2 [preauth]
Apr 21 22:02:39 metasploitable3-ub1404 sshd[2384]: Disconnecting: Too many authentication failures for msfadmin [preauth]
Apr 21 22:02:39 metasploitable3-ub1404 sshd[2384]: PAM 5 more authentication failures; logname= uid=0 euid=0 tty=ssh ruser= rhost=192.168.56.7 
Apr 21 22:02:39 metasploitable3-ub1404 sshd[2384]: PAM service(sshd) ignoring max retries; 6 > 3
Apr 21 22:02:39 metasploitable3-ub1404 sshd[2407]: Invalid user msfadmin from 192.168.56.7
Apr 21 22:02:39 metasploitable3-ub1404 sshd[2407]: input_userauth_request: invalid user msfadmin [preauth]
Apr 21 22:02:39 metasploitable3-ub1404 sshd[2407]: pam_unix(sshd:auth): check pass; user unknown
Apr 21 22:02:39 metasploitable3-ub1404 sshd[2407]: pam_unix(sshd:auth): authentication failure; logname= uid=0 euid=0 tty=ssh ruser= rhost=192.168.56.7 
Apr 21 22:02:39 metasploitable3-ub1404 sshd[2406]: Invalid user msfadmin from 192.168.56.7
Apr 21 22:02:39 metasploitable3-ub1404 sshd[2406]: input_userauth_request: invalid user msfadmin [preauth]
Apr 21 22:02:39 metasploitable3-ub1404 sshd[2406]: pam_unix(sshd:auth): check pass; user unknown
Apr 21 22:02:39 metasploitable3-ub1404 sshd[2406]: pam_unix(sshd:auth): authentication failure; logname= uid=0 euid=0 tty=ssh ruser= rhost=192.168.56.7 
Apr 21 22:02:39 metasploitable3-ub1404 sshd[2390]: Failed password for invalid user msfadmin from 192.168.56.7 port 55546 ssh2
Apr 21 22:02:39 metasploitable3-ub1404 sshd[2390]: pam_unix(sshd:auth): check pass; user unknown
Apr 21 22:02:39 metasploitable3-ub1404 sshd[2392]: Failed password for invalid user msfadmin from 192.168.56.7 port 55554 ssh2
Apr 21 22:02:39 metasploitable3-ub1404 sshd[2392]: pam_unix(sshd:auth): check pass; user unknown
Apr 21 22:02:39 metasploitable3-ub1404 sshd[2394]: Failed password for invalid user msfadmin from 192.168.56.7 port 55570 ssh2
Apr 21 22:02:39 metasploitable3-ub1404 sshd[2394]: pam_unix(sshd:auth): check pass; user unknown
Apr 21 22:02:39 metasploitable3-ub1404 sshd[2396]: Failed password for invalid user msfadmin from 192.168.56.7 port 55590 ssh2
Apr 21 22:02:39 metasploitable3-ub1404 sshd[2396]: pam_unix(sshd:auth): check pass; user unknown
Apr 21 22:02:39 metasploitable3-ub1404 sshd[2400]: Failed password for invalid user msfadmin from 192.168.56.7 port 55636 ssh2
Apr 21 22:02:39 metasploitable3-ub1404 sshd[2400]: pam_unix(sshd:auth): check pass; user unknown
Apr 21 22:02:39 metasploitable3-ub1404 sshd[2398]: Failed password for invalid user msfadmin from 192.168.56.7 port 55610 ssh2
Apr 21 22:02:39 metasploitable3-ub1404 sshd[2398]: pam_unix(sshd:auth): check pass; user unknown
Apr 21 22:02:40 metasploitable3-ub1404 sshd[2402]: Failed password for invalid user msfadmin from 192.168.56.7 port 55652 ssh2
Apr 21 22:02:40 metasploitable3-ub1404 sshd[2402]: pam_unix(sshd:auth): check pass; user unknown
Apr 21 22:02:40 metasploitable3-ub1404 sshd[2404]: Failed password for invalid user msfadmin from 192.168.56.7 port 55670 ssh2
Apr 21 22:02:40 metasploitable3-ub1404 sshd[2404]: pam_unix(sshd:auth): check pass; user unknown
Apr 21 22:02:40 metasploitable3-ub1404 sshd[2388]: Failed password for invalid user msfadmin from 192.168.56.7 port 55538 ssh2
Apr 21 22:02:40 metasploitable3-ub1404 sshd[2388]: pam_unix(sshd:auth): check pass; user unknown
Apr 21 22:02:40 metasploitable3-ub1404 sshd[2407]: Failed password for invalid user msfadmin from 192.168.56.7 port 55724 ssh2
Apr 21 22:02:40 metasploitable3-ub1404 sshd[2407]: pam_unix(sshd:auth): check pass; user unknown
Apr 21 22:02:40 metasploitable3-ub1404 sshd[2406]: Failed password for invalid user msfadmin from 192.168.56.7 port 55718 ssh2
Apr 21 22:02:40 metasploitable3-ub1404 sshd[2406]: pam_unix(sshd:auth): check pass; user unknown
Apr 21 22:02:40 metasploitable3-ub1404 sshd[2390]: Failed password for invalid user msfadmin from 192.168.56.7 port 55546 ssh2
Apr 21 22:02:40 metasploitable3-ub1404 sshd[2390]: pam_unix(sshd:auth): check pass; user unknown
Apr 21 22:02:41 metasploitable3-ub1404 sshd[2386]: Failed password for invalid user msfadmin from 192.168.56.7 port 55518 ssh2
Apr 21 22:02:41 metasploitable3-ub1404 sshd[2386]: pam_unix(sshd:auth): check pass; user unknown
Apr 21 22:02:41 metasploitable3-ub1404 sshd[2392]: Failed password for invalid user msfadmin from 192.168.56.7 port 55554 ssh2
Apr 21 22:02:41 metasploitable3-ub1404 sshd[2392]: pam_unix(sshd:auth): check pass; user unknown
Apr 21 22:02:41 metasploitable3-ub1404 sshd[2394]: Failed password for invalid user msfadmin from 192.168.56.7 port 55570 ssh2
Apr 21 22:02:41 metasploitable3-ub1404 sshd[2394]: pam_unix(sshd:auth): check pass; user unknown
Apr 21 22:02:41 metasploitable3-ub1404 sshd[2396]: Failed password for invalid user msfadmin from 192.168.56.7 port 55590 ssh2
Apr 21 22:02:41 metasploitable3-ub1404 sshd[2396]: pam_unix(sshd:auth): check pass; user unknown
Apr 21 22:02:41 metasploitable3-ub1404 sshd[2400]: Failed password for invalid user msfadmin from 192.168.56.7 port 55636 ssh2
Apr 21 22:02:41 metasploitable3-ub1404 sshd[2400]: pam_unix(sshd:auth): check pass; user unknown
Apr 21 22:02:41 metasploitable3-ub1404 sshd[2398]: Failed password for invalid user msfadmin from 192.168.56.7 port 55610 ssh2
Apr 21 22:02:41 metasploitable3-ub1404 sshd[2398]: pam_unix(sshd:auth): check pass; user unknown
Apr 21 22:02:41 metasploitable3-ub1404 sshd[2402]: Failed password for invalid user msfadmin from 192.168.56.7 port 55652 ssh2
Apr 21 22:02:41 metasploitable3-ub1404 sshd[2402]: pam_unix(sshd:auth): check pass; user unknown
Apr 21 22:02:42 metasploitable3-ub1404 sshd[2404]: Failed password for invalid user msfadmin from 192.168.56.7 port 55670 ssh2
Apr 21 22:02:42 metasploitable3-ub1404 sshd[2404]: pam_unix(sshd:auth): check pass; user unknown
Apr 21 22:02:42 metasploitable3-ub1404 sshd[2388]: Failed password for invalid user msfadmin from 192.168.56.7 port 55538 ssh2
Apr 21 22:02:42 metasploitable3-ub1404 sshd[2388]: pam_unix(sshd:auth): check pass; user unknown
Apr 21 22:02:42 metasploitable3-ub1404 sshd[2407]: Failed password for invalid user msfadmin from 192.168.56.7 port 55724 ssh2
Apr 21 22:02:42 metasploitable3-ub1404 sshd[2407]: pam_unix(sshd:auth): check pass; user unknown
Apr 21 22:02:42 metasploitable3-ub1404 sshd[2406]: Failed password for invalid user msfadmin from 192.168.56.7 port 55718 ssh2
Apr 21 22:02:42 metasploitable3-ub1404 sshd[2406]: pam_unix(sshd:auth): check pass; user unknown
Apr 21 22:02:42 metasploitable3-ub1404 sshd[2390]: Failed password for invalid user msfadmin from 192.168.56.7 port 55546 ssh2
Apr 21 22:02:42 metasploitable3-ub1404 sshd[2390]: pam_unix(sshd:auth): check pass; user unknown
Apr 21 22:02:43 metasploitable3-ub1404 sshd[2386]: Failed password for invalid user msfadmin from 192.168.56.7 port 55518 ssh2
Apr 21 22:02:43 metasploitable3-ub1404 sshd[2386]: pam_unix(sshd:auth): check pass; user unknown
Apr 21 22:02:43 metasploitable3-ub1404 sshd[2392]: Failed password for invalid user msfadmin from 192.168.56.7 port 55554 ssh2
Apr 21 22:02:43 metasploitable3-ub1404 sshd[2392]: pam_unix(sshd:auth): check pass; user unknown
Apr 21 22:02:43 metasploitable3-ub1404 sshd[2394]: Failed password for invalid user msfadmin from 192.168.56.7 port 55570 ssh2
Apr 21 22:02:43 metasploitable3-ub1404 sshd[2394]: pam_unix(sshd:auth): check pass; user unknown
Apr 21 22:02:43 metasploitable3-ub1404 sshd[2396]: Failed password for invalid user msfadmin from 192.168.56.7 port 55590 ssh2
Apr 21 22:02:43 metasploitable3-ub1404 sshd[2396]: pam_unix(sshd:auth): check pass; user unknown
Apr 21 22:02:43 metasploitable3-ub1404 sshd[2400]: Failed password for invalid user msfadmin from 192.168.56.7 port 55636 ssh2
Apr 21 22:02:43 metasploitable3-ub1404 sshd[2400]: pam_unix(sshd:auth): check pass; user unknown
Apr 21 22:02:43 metasploitable3-ub1404 sshd[2398]: Failed password for invalid user msfadmin from 192.168.56.7 port 55610 ssh2
Apr 21 22:02:43 metasploitable3-ub1404 sshd[2398]: pam_unix(sshd:auth): check pass; user unknown
Apr 21 22:02:44 metasploitable3-ub1404 sshd[2402]: Failed password for invalid user msfadmin from 192.168.56.7 port 55652 ssh2
Apr 21 22:02:44 metasploitable3-ub1404 sshd[2402]: pam_unix(sshd:auth): check pass; user unknown
Apr 21 22:02:44 metasploitable3-ub1404 sshd[2404]: Failed password for invalid user msfadmin from 192.168.56.7 port 55670 ssh2
Apr 21 22:02:44 metasploitable3-ub1404 sshd[2404]: pam_unix(sshd:auth): check pass; user unknown
Apr 21 22:02:44 metasploitable3-ub1404 sshd[2388]: Failed password for invalid user msfadmin from 192.168.56.7 port 55538 ssh2
Apr 21 22:02:44 metasploitable3-ub1404 sshd[2388]: pam_unix(sshd:auth): check pass; user unknown
Apr 21 22:02:44 metasploitable3-ub1404 sshd[2407]: Failed password for invalid user msfadmin from 192.168.56.7 port 55724 ssh2
Apr 21 22:02:44 metasploitable3-ub1404 sshd[2407]: pam_unix(sshd:auth): check pass; user unknown
Apr 21 22:02:44 metasploitable3-ub1404 sshd[2406]: Failed password for invalid user msfadmin from 192.168.56.7 port 55718 ssh2
Apr 21 22:02:44 metasploitable3-ub1404 sshd[2406]: pam_unix(sshd:auth): check pass; user unknown
Apr 21 22:02:45 metasploitable3-ub1404 sshd[2390]: Failed password for invalid user msfadmin from 192.168.56.7 port 55546 ssh2
Apr 21 22:02:45 metasploitable3-ub1404 sshd[2390]: pam_unix(sshd:auth): check pass; user unknown
Apr 21 22:02:46 metasploitable3-ub1404 sshd[2386]: Failed password for invalid user msfadmin from 192.168.56.7 port 55518 ssh2
Apr 21 22:02:46 metasploitable3-ub1404 sshd[2386]: pam_unix(sshd:auth): check pass; user unknown
Apr 21 22:02:46 metasploitable3-ub1404 sshd[2392]: Failed password for invalid user msfadmin from 192.168.56.7 port 55554 ssh2
Apr 21 22:02:46 metasploitable3-ub1404 sshd[2392]: pam_unix(sshd:auth): check pass; user unknown
Apr 21 22:02:46 metasploitable3-ub1404 sshd[2394]: Failed password for invalid user msfadmin from 192.168.56.7 port 55570 ssh2
Apr 21 22:02:46 metasploitable3-ub1404 sshd[2394]: pam_unix(sshd:auth): check pass; user unknown
Apr 21 22:02:46 metasploitable3-ub1404 sshd[2396]: Failed password for invalid user msfadmin from 192.168.56.7 port 55590 ssh2
Apr 21 22:02:46 metasploitable3-ub1404 sshd[2396]: pam_unix(sshd:auth): check pass; user unknown
Apr 21 22:02:46 metasploitable3-ub1404 sshd[2400]: Failed password for invalid user msfadmin from 192.168.56.7 port 55636 ssh2
Apr 21 22:02:46 metasploitable3-ub1404 sshd[2400]: pam_unix(sshd:auth): check pass; user unknown
Apr 21 22:02:46 metasploitable3-ub1404 sshd[2398]: Failed password for invalid user msfadmin from 192.168.56.7 port 55610 ssh2
Apr 21 22:02:46 metasploitable3-ub1404 sshd[2398]: pam_unix(sshd:auth): check pass; user unknown
Apr 21 22:02:46 metasploitable3-ub1404 sshd[2390]: Failed password for invalid user msfadmin from 192.168.56.7 port 55546 ssh2
Apr 21 22:02:46 metasploitable3-ub1404 sshd[2390]: pam_unix(sshd:auth): check pass; user unknown
Apr 21 22:02:47 metasploitable3-ub1404 sshd[2402]: Failed password for invalid user msfadmin from 192.168.56.7 port 55652 ssh2
Apr 21 22:02:47 metasploitable3-ub1404 sshd[2402]: pam_unix(sshd:auth): check pass; user unknown
Apr 21 22:02:47 metasploitable3-ub1404 sshd[2404]: Failed password for invalid user msfadmin from 192.168.56.7 port 55670 ssh2
Apr 21 22:02:47 metasploitable3-ub1404 sshd[2404]: pam_unix(sshd:auth): check pass; user unknown
Apr 21 22:02:47 metasploitable3-ub1404 sshd[2388]: Failed password for invalid user msfadmin from 192.168.56.7 port 55538 ssh2
Apr 21 22:02:47 metasploitable3-ub1404 sshd[2388]: pam_unix(sshd:auth): check pass; user unknown
Apr 21 22:02:47 metasploitable3-ub1404 sshd[2407]: Failed password for invalid user msfadmin from 192.168.56.7 port 55724 ssh2
Apr 21 22:02:47 metasploitable3-ub1404 sshd[2407]: pam_unix(sshd:auth): check pass; user unknown
Apr 21 22:02:47 metasploitable3-ub1404 sshd[2406]: Failed password for invalid user msfadmin from 192.168.56.7 port 55718 ssh2
Apr 21 22:02:47 metasploitable3-ub1404 sshd[2406]: pam_unix(sshd:auth): check pass; user unknown
Apr 21 22:02:47 metasploitable3-ub1404 sshd[2386]: Failed password for invalid user msfadmin from 192.168.56.7 port 55518 ssh2
Apr 21 22:02:47 metasploitable3-ub1404 sshd[2386]: pam_unix(sshd:auth): check pass; user unknown
Apr 21 22:02:47 metasploitable3-ub1404 sshd[2392]: Failed password for invalid user msfadmin from 192.168.56.7 port 55554 ssh2
Apr 21 22:02:47 metasploitable3-ub1404 sshd[2392]: pam_unix(sshd:auth): check pass; user unknown
Apr 21 22:02:47 metasploitable3-ub1404 sshd[2394]: Failed password for invalid user msfadmin from 192.168.56.7 port 55570 ssh2
Apr 21 22:02:47 metasploitable3-ub1404 sshd[2394]: pam_unix(sshd:auth): check pass; user unknown
Apr 21 22:02:47 metasploitable3-ub1404 sshd[2396]: Failed password for invalid user msfadmin from 192.168.56.7 port 55590 ssh2
Apr 21 22:02:47 metasploitable3-ub1404 sshd[2396]: pam_unix(sshd:auth): check pass; user unknown
Apr 21 22:02:48 metasploitable3-ub1404 sshd[2400]: Failed password for invalid user msfadmin from 192.168.56.7 port 55636 ssh2
Apr 21 22:02:48 metasploitable3-ub1404 sshd[2400]: pam_unix(sshd:auth): check pass; user unknown
Apr 21 22:02:48 metasploitable3-ub1404 sshd[2398]: Failed password for invalid user msfadmin from 192.168.56.7 port 55610 ssh2
Apr 21 22:02:48 metasploitable3-ub1404 sshd[2398]: pam_unix(sshd:auth): check pass; user unknown
Apr 21 22:02:48 metasploitable3-ub1404 sshd[2390]: Failed password for invalid user msfadmin from 192.168.56.7 port 55546 ssh2
Apr 21 22:02:48 metasploitable3-ub1404 sshd[2390]: error: maximum authentication attempts exceeded for invalid user msfadmin from 192.168.56.7 port 55546 ssh2 [preauth]
Apr 21 22:02:48 metasploitable3-ub1404 sshd[2390]: Disconnecting: Too many authentication failures for msfadmin [preauth]
Apr 21 22:02:48 metasploitable3-ub1404 sshd[2390]: PAM 5 more authentication failures; logname= uid=0 euid=0 tty=ssh ruser= rhost=192.168.56.7 
Apr 21 22:02:48 metasploitable3-ub1404 sshd[2390]: PAM service(sshd) ignoring max retries; 6 > 3
Apr 21 22:02:48 metasploitable3-ub1404 sshd[2411]: Invalid user msfadmin from 192.168.56.7
Apr 21 22:02:48 metasploitable3-ub1404 sshd[2411]: input_userauth_request: invalid user msfadmin [preauth]
Apr 21 22:02:48 metasploitable3-ub1404 sshd[2411]: pam_unix(sshd:auth): check pass; user unknown
Apr 21 22:02:48 metasploitable3-ub1404 sshd[2411]: pam_unix(sshd:auth): authentication failure; logname= uid=0 euid=0 tty=ssh ruser= rhost=192.168.56.7 
Apr 21 22:02:48 metasploitable3-ub1404 sshd[2402]: Failed password for invalid user msfadmin from 192.168.56.7 port 55652 ssh2
Apr 21 22:02:48 metasploitable3-ub1404 sshd[2402]: pam_unix(sshd:auth): check pass; user unknown
Apr 21 22:02:49 metasploitable3-ub1404 sshd[2404]: Failed password for invalid user msfadmin from 192.168.56.7 port 55670 ssh2
Apr 21 22:02:49 metasploitable3-ub1404 sshd[2404]: pam_unix(sshd:auth): check pass; user unknown
Apr 21 22:02:49 metasploitable3-ub1404 sshd[2388]: Failed password for invalid user msfadmin from 192.168.56.7 port 55538 ssh2
Apr 21 22:02:49 metasploitable3-ub1404 sshd[2388]: error: maximum authentication attempts exceeded for invalid user msfadmin from 192.168.56.7 port 55538 ssh2 [preauth]
Apr 21 22:02:49 metasploitable3-ub1404 sshd[2388]: Disconnecting: Too many authentication failures for msfadmin [preauth]
Apr 21 22:02:49 metasploitable3-ub1404 sshd[2388]: PAM 5 more authentication failures; logname= uid=0 euid=0 tty=ssh ruser= rhost=192.168.56.7 
Apr 21 22:02:49 metasploitable3-ub1404 sshd[2388]: PAM service(sshd) ignoring max retries; 6 > 3
Apr 21 22:02:49 metasploitable3-ub1404 sshd[2413]: Invalid user msfadmin from 192.168.56.7
Apr 21 22:02:49 metasploitable3-ub1404 sshd[2413]: input_userauth_request: invalid user msfadmin [preauth]
Apr 21 22:02:49 metasploitable3-ub1404 sshd[2413]: pam_unix(sshd:auth): check pass; user unknown
Apr 21 22:02:49 metasploitable3-ub1404 sshd[2413]: pam_unix(sshd:auth): authentication failure; logname= uid=0 euid=0 tty=ssh ruser= rhost=192.168.56.7 
Apr 21 22:02:49 metasploitable3-ub1404 sshd[2407]: Failed password for invalid user msfadmin from 192.168.56.7 port 55724 ssh2
Apr 21 22:02:49 metasploitable3-ub1404 sshd[2407]: pam_unix(sshd:auth): check pass; user unknown
Apr 21 22:02:49 metasploitable3-ub1404 sshd[2406]: Failed password for invalid user msfadmin from 192.168.56.7 port 55718 ssh2
Apr 21 22:02:49 metasploitable3-ub1404 sshd[2406]: pam_unix(sshd:auth): check pass; user unknown
Apr 21 22:02:49 metasploitable3-ub1404 sshd[2386]: Failed password for invalid user msfadmin from 192.168.56.7 port 55518 ssh2
Apr 21 22:02:49 metasploitable3-ub1404 sshd[2386]: error: maximum authentication attempts exceeded for invalid user msfadmin from 192.168.56.7 port 55518 ssh2 [preauth]
Apr 21 22:02:49 metasploitable3-ub1404 sshd[2386]: Disconnecting: Too many authentication failures for msfadmin [preauth]
Apr 21 22:02:49 metasploitable3-ub1404 sshd[2386]: PAM 5 more authentication failures; logname= uid=0 euid=0 tty=ssh ruser= rhost=192.168.56.7 
Apr 21 22:02:49 metasploitable3-ub1404 sshd[2386]: PAM service(sshd) ignoring max retries; 6 > 3
Apr 21 22:02:49 metasploitable3-ub1404 sshd[2392]: Failed password for invalid user msfadmin from 192.168.56.7 port 55554 ssh2
Apr 21 22:02:49 metasploitable3-ub1404 sshd[2392]: error: maximum authentication attempts exceeded for invalid user msfadmin from 192.168.56.7 port 55554 ssh2 [preauth]
Apr 21 22:02:49 metasploitable3-ub1404 sshd[2392]: Disconnecting: Too many authentication failures for msfadmin [preauth]
Apr 21 22:02:49 metasploitable3-ub1404 sshd[2392]: PAM 5 more authentication failures; logname= uid=0 euid=0 tty=ssh ruser= rhost=192.168.56.7 
Apr 21 22:02:49 metasploitable3-ub1404 sshd[2392]: PAM service(sshd) ignoring max retries; 6 > 3
Apr 21 22:02:49 metasploitable3-ub1404 sshd[2394]: Failed password for invalid user msfadmin from 192.168.56.7 port 55570 ssh2
Apr 21 22:02:49 metasploitable3-ub1404 sshd[2394]: error: maximum authentication attempts exceeded for invalid user msfadmin from 192.168.56.7 port 55570 ssh2 [preauth]
Apr 21 22:02:49 metasploitable3-ub1404 sshd[2394]: Disconnecting: Too many authentication failures for msfadmin [preauth]
Apr 21 22:02:49 metasploitable3-ub1404 sshd[2394]: PAM 5 more authentication failures; logname= uid=0 euid=0 tty=ssh ruser= rhost=192.168.56.7 
Apr 21 22:02:49 metasploitable3-ub1404 sshd[2394]: PAM service(sshd) ignoring max retries; 6 > 3
Apr 21 22:02:49 metasploitable3-ub1404 sshd[2396]: Failed password for invalid user msfadmin from 192.168.56.7 port 55590 ssh2
Apr 21 22:02:49 metasploitable3-ub1404 sshd[2415]: Invalid user msfadmin from 192.168.56.7
Apr 21 22:02:49 metasploitable3-ub1404 sshd[2396]: error: maximum authentication attempts exceeded for invalid user msfadmin from 192.168.56.7 port 55590 ssh2 [preauth]
Apr 21 22:02:49 metasploitable3-ub1404 sshd[2396]: Disconnecting: Too many authentication failures for msfadmin [preauth]
Apr 21 22:02:49 metasploitable3-ub1404 sshd[2396]: PAM 5 more authentication failures; logname= uid=0 euid=0 tty=ssh ruser= rhost=192.168.56.7 
Apr 21 22:02:49 metasploitable3-ub1404 sshd[2396]: PAM service(sshd) ignoring max retries; 6 > 3
Apr 21 22:02:49 metasploitable3-ub1404 sshd[2415]: input_userauth_request: invalid user msfadmin [preauth]
Apr 21 22:02:49 metasploitable3-ub1404 sshd[2415]: pam_unix(sshd:auth): check pass; user unknown
Apr 21 22:02:49 metasploitable3-ub1404 sshd[2415]: pam_unix(sshd:auth): authentication failure; logname= uid=0 euid=0 tty=ssh ruser= rhost=192.168.56.7 
Apr 21 22:02:49 metasploitable3-ub1404 sshd[2417]: Invalid user msfadmin from 192.168.56.7
Apr 21 22:02:49 metasploitable3-ub1404 sshd[2417]: input_userauth_request: invalid user msfadmin [preauth]
Apr 21 22:02:49 metasploitable3-ub1404 sshd[2417]: pam_unix(sshd:auth): check pass; user unknown
Apr 21 22:02:49 metasploitable3-ub1404 sshd[2417]: pam_unix(sshd:auth): authentication failure; logname= uid=0 euid=0 tty=ssh ruser= rhost=192.168.56.7 
Apr 21 22:02:49 metasploitable3-ub1404 sshd[2421]: Invalid user msfadmin from 192.168.56.7
Apr 21 22:02:49 metasploitable3-ub1404 sshd[2421]: input_userauth_request: invalid user msfadmin [preauth]
Apr 21 22:02:49 metasploitable3-ub1404 sshd[2421]: pam_unix(sshd:auth): check pass; user unknown
Apr 21 22:02:49 metasploitable3-ub1404 sshd[2421]: pam_unix(sshd:auth): authentication failure; logname= uid=0 euid=0 tty=ssh ruser= rhost=192.168.56.7 
Apr 21 22:02:49 metasploitable3-ub1404 sshd[2419]: Invalid user msfadmin from 192.168.56.7
Apr 21 22:02:49 metasploitable3-ub1404 sshd[2419]: input_userauth_request: invalid user msfadmin [preauth]
Apr 21 22:02:49 metasploitable3-ub1404 sshd[2419]: pam_unix(sshd:auth): check pass; user unknown
Apr 21 22:02:49 metasploitable3-ub1404 sshd[2419]: pam_unix(sshd:auth): authentication failure; logname= uid=0 euid=0 tty=ssh ruser= rhost=192.168.56.7 
Apr 21 22:02:50 metasploitable3-ub1404 sshd[2400]: Failed password for invalid user msfadmin from 192.168.56.7 port 55636 ssh2
Apr 21 22:02:50 metasploitable3-ub1404 sshd[2400]: error: maximum authentication attempts exceeded for invalid user msfadmin from 192.168.56.7 port 55636 ssh2 [preauth]
Apr 21 22:02:50 metasploitable3-ub1404 sshd[2400]: Disconnecting: Too many authentication failures for msfadmin [preauth]
Apr 21 22:02:50 metasploitable3-ub1404 sshd[2400]: PAM 5 more authentication failures; logname= uid=0 euid=0 tty=ssh ruser= rhost=192.168.56.7 
Apr 21 22:02:50 metasploitable3-ub1404 sshd[2400]: PAM service(sshd) ignoring max retries; 6 > 3
Apr 21 22:02:50 metasploitable3-ub1404 sshd[2398]: Failed password for invalid user msfadmin from 192.168.56.7 port 55610 ssh2
Apr 21 22:02:50 metasploitable3-ub1404 sshd[2398]: error: maximum authentication attempts exceeded for invalid user msfadmin from 192.168.56.7 port 55610 ssh2 [preauth]
Apr 21 22:02:50 metasploitable3-ub1404 sshd[2398]: Disconnecting: Too many authentication failures for msfadmin [preauth]
Apr 21 22:02:50 metasploitable3-ub1404 sshd[2398]: PAM 5 more authentication failures; logname= uid=0 euid=0 tty=ssh ruser= rhost=192.168.56.7 
Apr 21 22:02:50 metasploitable3-ub1404 sshd[2398]: PAM service(sshd) ignoring max retries; 6 > 3
Apr 21 22:02:50 metasploitable3-ub1404 sshd[2423]: Invalid user msfadmin from 192.168.56.7
Apr 21 22:02:50 metasploitable3-ub1404 sshd[2423]: input_userauth_request: invalid user msfadmin [preauth]
Apr 21 22:02:50 metasploitable3-ub1404 sshd[2424]: Invalid user msfadmin from 192.168.56.7
Apr 21 22:02:50 metasploitable3-ub1404 sshd[2423]: pam_unix(sshd:auth): check pass; user unknown
Apr 21 22:02:50 metasploitable3-ub1404 sshd[2423]: pam_unix(sshd:auth): authentication failure; logname= uid=0 euid=0 tty=ssh ruser= rhost=192.168.56.7 
Apr 21 22:02:50 metasploitable3-ub1404 sshd[2424]: input_userauth_request: invalid user msfadmin [preauth]
Apr 21 22:02:50 metasploitable3-ub1404 sshd[2424]: pam_unix(sshd:auth): check pass; user unknown
Apr 21 22:02:50 metasploitable3-ub1404 sshd[2424]: pam_unix(sshd:auth): authentication failure; logname= uid=0 euid=0 tty=ssh ruser= rhost=192.168.56.7 
Apr 21 22:02:51 metasploitable3-ub1404 sshd[2411]: Failed password for invalid user msfadmin from 192.168.56.7 port 43918 ssh2
Apr 21 22:02:51 metasploitable3-ub1404 sshd[2411]: pam_unix(sshd:auth): check pass; user unknown
Apr 21 22:02:51 metasploitable3-ub1404 sshd[2402]: Failed password for invalid user msfadmin from 192.168.56.7 port 55652 ssh2
Apr 21 22:02:51 metasploitable3-ub1404 sshd[2404]: Failed password for invalid user msfadmin from 192.168.56.7 port 55670 ssh2
Apr 21 22:02:51 metasploitable3-ub1404 sshd[2402]: error: maximum authentication attempts exceeded for invalid user msfadmin from 192.168.56.7 port 55652 ssh2 [preauth]
Apr 21 22:02:51 metasploitable3-ub1404 sshd[2402]: Disconnecting: Too many authentication failures for msfadmin [preauth]
Apr 21 22:02:51 metasploitable3-ub1404 sshd[2402]: PAM 5 more authentication failures; logname= uid=0 euid=0 tty=ssh ruser= rhost=192.168.56.7 
Apr 21 22:02:51 metasploitable3-ub1404 sshd[2402]: PAM service(sshd) ignoring max retries; 6 > 3
Apr 21 22:02:51 metasploitable3-ub1404 sshd[2404]: error: maximum authentication attempts exceeded for invalid user msfadmin from 192.168.56.7 port 55670 ssh2 [preauth]
Apr 21 22:02:51 metasploitable3-ub1404 sshd[2404]: Disconnecting: Too many authentication failures for msfadmin [preauth]
Apr 21 22:02:51 metasploitable3-ub1404 sshd[2404]: PAM 5 more authentication failures; logname= uid=0 euid=0 tty=ssh ruser= rhost=192.168.56.7 
Apr 21 22:02:51 metasploitable3-ub1404 sshd[2404]: PAM service(sshd) ignoring max retries; 6 > 3
Apr 21 22:02:51 metasploitable3-ub1404 sshd[2427]: Invalid user msfadmin from 192.168.56.7
Apr 21 22:02:51 metasploitable3-ub1404 sshd[2427]: input_userauth_request: invalid user msfadmin [preauth]
Apr 21 22:02:51 metasploitable3-ub1404 sshd[2427]: pam_unix(sshd:auth): check pass; user unknown
Apr 21 22:02:51 metasploitable3-ub1404 sshd[2427]: pam_unix(sshd:auth): authentication failure; logname= uid=0 euid=0 tty=ssh ruser= rhost=192.168.56.7 
Apr 21 22:02:51 metasploitable3-ub1404 sshd[2428]: Invalid user msfadmin from 192.168.56.7
Apr 21 22:02:51 metasploitable3-ub1404 sshd[2428]: input_userauth_request: invalid user msfadmin [preauth]
Apr 21 22:02:51 metasploitable3-ub1404 sshd[2428]: pam_unix(sshd:auth): check pass; user unknown
Apr 21 22:02:51 metasploitable3-ub1404 sshd[2428]: pam_unix(sshd:auth): authentication failure; logname= uid=0 euid=0 tty=ssh ruser= rhost=192.168.56.7 
Apr 21 22:02:51 metasploitable3-ub1404 sshd[2413]: Failed password for invalid user msfadmin from 192.168.56.7 port 43932 ssh2
Apr 21 22:02:51 metasploitable3-ub1404 sshd[2413]: pam_unix(sshd:auth): check pass; user unknown
Apr 21 22:02:51 metasploitable3-ub1404 sshd[2407]: Failed password for invalid user msfadmin from 192.168.56.7 port 55724 ssh2
Apr 21 22:02:51 metasploitable3-ub1404 sshd[2407]: error: maximum authentication attempts exceeded for invalid user msfadmin from 192.168.56.7 port 55724 ssh2 [preauth]
Apr 21 22:02:51 metasploitable3-ub1404 sshd[2407]: Disconnecting: Too many authentication failures for msfadmin [preauth]
Apr 21 22:02:51 metasploitable3-ub1404 sshd[2407]: PAM 5 more authentication failures; logname= uid=0 euid=0 tty=ssh ruser= rhost=192.168.56.7 
Apr 21 22:02:51 metasploitable3-ub1404 sshd[2407]: PAM service(sshd) ignoring max retries; 6 > 3
Apr 21 22:02:51 metasploitable3-ub1404 sshd[2406]: Failed password for invalid user msfadmin from 192.168.56.7 port 55718 ssh2
Apr 21 22:02:51 metasploitable3-ub1404 sshd[2406]: error: maximum authentication attempts exceeded for invalid user msfadmin from 192.168.56.7 port 55718 ssh2 [preauth]
Apr 21 22:02:51 metasploitable3-ub1404 sshd[2406]: Disconnecting: Too many authentication failures for msfadmin [preauth]
Apr 21 22:02:51 metasploitable3-ub1404 sshd[2406]: PAM 5 more authentication failures; logname= uid=0 euid=0 tty=ssh ruser= rhost=192.168.56.7 
Apr 21 22:02:51 metasploitable3-ub1404 sshd[2406]: PAM service(sshd) ignoring max retries; 6 > 3
Apr 21 22:02:51 metasploitable3-ub1404 sshd[2431]: Invalid user msfadmin from 192.168.56.7
Apr 21 22:02:51 metasploitable3-ub1404 sshd[2431]: input_userauth_request: invalid user msfadmin [preauth]
Apr 21 22:02:51 metasploitable3-ub1404 sshd[2431]: pam_unix(sshd:auth): check pass; user unknown
Apr 21 22:02:51 metasploitable3-ub1404 sshd[2431]: pam_unix(sshd:auth): authentication failure; logname= uid=0 euid=0 tty=ssh ruser= rhost=192.168.56.7 
Apr 21 22:02:51 metasploitable3-ub1404 sshd[2433]: Invalid user msfadmin from 192.168.56.7
Apr 21 22:02:51 metasploitable3-ub1404 sshd[2433]: input_userauth_request: invalid user msfadmin [preauth]
Apr 21 22:02:51 metasploitable3-ub1404 sshd[2433]: pam_unix(sshd:auth): check pass; user unknown
Apr 21 22:02:51 metasploitable3-ub1404 sshd[2433]: pam_unix(sshd:auth): authentication failure; logname= uid=0 euid=0 tty=ssh ruser= rhost=192.168.56.7 
Apr 21 22:02:51 metasploitable3-ub1404 sshd[2415]: Failed password for invalid user msfadmin from 192.168.56.7 port 43956 ssh2
Apr 21 22:02:51 metasploitable3-ub1404 sshd[2415]: pam_unix(sshd:auth): check pass; user unknown
Apr 21 22:02:52 metasploitable3-ub1404 sshd[2417]: Failed password for invalid user msfadmin from 192.168.56.7 port 43960 ssh2
Apr 21 22:02:52 metasploitable3-ub1404 sshd[2417]: pam_unix(sshd:auth): check pass; user unknown
Apr 21 22:02:52 metasploitable3-ub1404 sshd[2421]: Failed password for invalid user msfadmin from 192.168.56.7 port 43992 ssh2
Apr 21 22:02:52 metasploitable3-ub1404 sshd[2421]: pam_unix(sshd:auth): check pass; user unknown
Apr 21 22:02:52 metasploitable3-ub1404 sshd[2419]: Failed password for invalid user msfadmin from 192.168.56.7 port 43976 ssh2
Apr 21 22:02:52 metasploitable3-ub1404 sshd[2419]: pam_unix(sshd:auth): check pass; user unknown
Apr 21 22:02:52 metasploitable3-ub1404 sshd[2411]: Failed password for invalid user msfadmin from 192.168.56.7 port 43918 ssh2
Apr 21 22:02:52 metasploitable3-ub1404 sshd[2411]: pam_unix(sshd:auth): check pass; user unknown
Apr 21 22:02:52 metasploitable3-ub1404 sshd[2427]: Failed password for invalid user msfadmin from 192.168.56.7 port 44008 ssh2
Apr 21 22:02:52 metasploitable3-ub1404 sshd[2427]: pam_unix(sshd:auth): check pass; user unknown
Apr 21 22:02:52 metasploitable3-ub1404 sshd[2428]: Failed password for invalid user msfadmin from 192.168.56.7 port 44006 ssh2
Apr 21 22:02:52 metasploitable3-ub1404 sshd[2428]: pam_unix(sshd:auth): check pass; user unknown
Apr 21 22:02:52 metasploitable3-ub1404 sshd[2423]: Failed password for invalid user msfadmin from 192.168.56.7 port 43994 ssh2
Apr 21 22:02:52 metasploitable3-ub1404 sshd[2423]: pam_unix(sshd:auth): check pass; user unknown
Apr 21 22:02:52 metasploitable3-ub1404 sshd[2424]: Failed password for invalid user msfadmin from 192.168.56.7 port 44000 ssh2
Apr 21 22:02:52 metasploitable3-ub1404 sshd[2424]: pam_unix(sshd:auth): check pass; user unknown
Apr 21 22:02:52 metasploitable3-ub1404 sshd[2413]: Failed password for invalid user msfadmin from 192.168.56.7 port 43932 ssh2
Apr 21 22:02:52 metasploitable3-ub1404 sshd[2413]: pam_unix(sshd:auth): check pass; user unknown
Apr 21 22:02:53 metasploitable3-ub1404 sshd[2431]: Failed password for invalid user msfadmin from 192.168.56.7 port 44018 ssh2
Apr 21 22:02:53 metasploitable3-ub1404 sshd[2431]: pam_unix(sshd:auth): check pass; user unknown
Apr 21 22:02:53 metasploitable3-ub1404 sshd[2433]: Failed password for invalid user msfadmin from 192.168.56.7 port 44024 ssh2
Apr 21 22:02:53 metasploitable3-ub1404 sshd[2433]: pam_unix(sshd:auth): check pass; user unknown
Apr 21 22:02:53 metasploitable3-ub1404 sshd[2415]: Failed password for invalid user msfadmin from 192.168.56.7 port 43956 ssh2
Apr 21 22:02:53 metasploitable3-ub1404 sshd[2415]: pam_unix(sshd:auth): check pass; user unknown
Apr 21 22:02:54 metasploitable3-ub1404 sshd[2417]: Failed password for invalid user msfadmin from 192.168.56.7 port 43960 ssh2
Apr 21 22:02:54 metasploitable3-ub1404 sshd[2417]: pam_unix(sshd:auth): check pass; user unknown
Apr 21 22:02:54 metasploitable3-ub1404 sshd[2421]: Failed password for invalid user msfadmin from 192.168.56.7 port 43992 ssh2
Apr 21 22:02:54 metasploitable3-ub1404 sshd[2421]: pam_unix(sshd:auth): check pass; user unknown
Apr 21 22:02:54 metasploitable3-ub1404 sshd[2419]: Failed password for invalid user msfadmin from 192.168.56.7 port 43976 ssh2
Apr 21 22:02:54 metasploitable3-ub1404 sshd[2419]: pam_unix(sshd:auth): check pass; user unknown
Apr 21 22:02:54 metasploitable3-ub1404 sshd[2411]: Failed password for invalid user msfadmin from 192.168.56.7 port 43918 ssh2
Apr 21 22:02:54 metasploitable3-ub1404 sshd[2411]: pam_unix(sshd:auth): check pass; user unknown
Apr 21 22:02:54 metasploitable3-ub1404 sshd[2427]: Failed password for invalid user msfadmin from 192.168.56.7 port 44008 ssh2
Apr 21 22:02:54 metasploitable3-ub1404 sshd[2427]: pam_unix(sshd:auth): check pass; user unknown
Apr 21 22:02:54 metasploitable3-ub1404 sshd[2428]: Failed password for invalid user msfadmin from 192.168.56.7 port 44006 ssh2
Apr 21 22:02:54 metasploitable3-ub1404 sshd[2428]: pam_unix(sshd:auth): check pass; user unknown
Apr 21 22:02:55 metasploitable3-ub1404 sshd[2423]: Failed password for invalid user msfadmin from 192.168.56.7 port 43994 ssh2
Apr 21 22:02:55 metasploitable3-ub1404 sshd[2423]: pam_unix(sshd:auth): check pass; user unknown
Apr 21 22:02:55 metasploitable3-ub1404 sshd[2424]: Failed password for invalid user msfadmin from 192.168.56.7 port 44000 ssh2
Apr 21 22:02:55 metasploitable3-ub1404 sshd[2424]: pam_unix(sshd:auth): check pass; user unknown
Apr 21 22:02:55 metasploitable3-ub1404 sshd[2413]: Failed password for invalid user msfadmin from 192.168.56.7 port 43932 ssh2
Apr 21 22:02:55 metasploitable3-ub1404 sshd[2413]: pam_unix(sshd:auth): check pass; user unknown
Apr 21 22:02:55 metasploitable3-ub1404 sshd[2431]: Failed password for invalid user msfadmin from 192.168.56.7 port 44018 ssh2
Apr 21 22:02:55 metasploitable3-ub1404 sshd[2431]: pam_unix(sshd:auth): check pass; user unknown
Apr 21 22:02:55 metasploitable3-ub1404 sshd[2433]: Failed password for invalid user msfadmin from 192.168.56.7 port 44024 ssh2
Apr 21 22:02:55 metasploitable3-ub1404 sshd[2433]: pam_unix(sshd:auth): check pass; user unknown
Apr 21 22:02:55 metasploitable3-ub1404 sshd[2415]: Failed password for invalid user msfadmin from 192.168.56.7 port 43956 ssh2
Apr 21 22:02:55 metasploitable3-ub1404 sshd[2415]: pam_unix(sshd:auth): check pass; user unknown
Apr 21 22:02:56 metasploitable3-ub1404 sshd[2417]: Failed password for invalid user msfadmin from 192.168.56.7 port 43960 ssh2
Apr 21 22:02:56 metasploitable3-ub1404 sshd[2417]: pam_unix(sshd:auth): check pass; user unknown
Apr 21 22:02:56 metasploitable3-ub1404 sshd[2421]: Failed password for invalid user msfadmin from 192.168.56.7 port 43992 ssh2
Apr 21 22:02:56 metasploitable3-ub1404 sshd[2421]: pam_unix(sshd:auth): check pass; user unknown
Apr 21 22:02:56 metasploitable3-ub1404 sshd[2419]: Failed password for invalid user msfadmin from 192.168.56.7 port 43976 ssh2
Apr 21 22:02:56 metasploitable3-ub1404 sshd[2419]: pam_unix(sshd:auth): check pass; user unknown
Apr 21 22:02:56 metasploitable3-ub1404 sshd[2411]: Failed password for invalid user msfadmin from 192.168.56.7 port 43918 ssh2
Apr 21 22:02:56 metasploitable3-ub1404 sshd[2411]: pam_unix(sshd:auth): check pass; user unknown
Apr 21 22:02:57 metasploitable3-ub1404 sshd[2427]: Failed password for invalid user msfadmin from 192.168.56.7 port 44008 ssh2
Apr 21 22:02:57 metasploitable3-ub1404 sshd[2427]: pam_unix(sshd:auth): check pass; user unknown
Apr 21 22:02:57 metasploitable3-ub1404 sshd[2428]: Failed password for invalid user msfadmin from 192.168.56.7 port 44006 ssh2
Apr 21 22:02:57 metasploitable3-ub1404 sshd[2428]: pam_unix(sshd:auth): check pass; user unknown
Apr 21 22:02:57 metasploitable3-ub1404 sshd[2423]: Failed password for invalid user msfadmin from 192.168.56.7 port 43994 ssh2
Apr 21 22:02:57 metasploitable3-ub1404 sshd[2424]: Failed password for invalid user msfadmin from 192.168.56.7 port 44000 ssh2
Apr 21 22:02:57 metasploitable3-ub1404 sshd[2423]: pam_unix(sshd:auth): check pass; user unknown
Apr 21 22:02:57 metasploitable3-ub1404 sshd[2413]: Failed password for invalid user msfadmin from 192.168.56.7 port 43932 ssh2
Apr 21 22:02:57 metasploitable3-ub1404 sshd[2424]: pam_unix(sshd:auth): check pass; user unknown
Apr 21 22:02:57 metasploitable3-ub1404 sshd[2413]: pam_unix(sshd:auth): check pass; user unknown
Apr 21 22:02:58 metasploitable3-ub1404 sshd[2431]: Failed password for invalid user msfadmin from 192.168.56.7 port 44018 ssh2
Apr 21 22:02:58 metasploitable3-ub1404 sshd[2431]: pam_unix(sshd:auth): check pass; user unknown
Apr 21 22:02:58 metasploitable3-ub1404 sshd[2433]: Failed password for invalid user msfadmin from 192.168.56.7 port 44024 ssh2
Apr 21 22:02:58 metasploitable3-ub1404 sshd[2433]: pam_unix(sshd:auth): check pass; user unknown
Apr 21 22:02:58 metasploitable3-ub1404 sshd[2415]: Failed password for invalid user msfadmin from 192.168.56.7 port 43956 ssh2
Apr 21 22:02:58 metasploitable3-ub1404 sshd[2415]: pam_unix(sshd:auth): check pass; user unknown
Apr 21 22:02:59 metasploitable3-ub1404 sshd[2427]: Failed password for invalid user msfadmin from 192.168.56.7 port 44008 ssh2
Apr 21 22:02:59 metasploitable3-ub1404 sshd[2427]: pam_unix(sshd:auth): check pass; user unknown
Apr 21 22:02:59 metasploitable3-ub1404 sshd[2428]: Failed password for invalid user msfadmin from 192.168.56.7 port 44006 ssh2
Apr 21 22:02:59 metasploitable3-ub1404 sshd[2428]: pam_unix(sshd:auth): check pass; user unknown
Apr 21 22:02:59 metasploitable3-ub1404 sshd[2417]: Failed password for invalid user msfadmin from 192.168.56.7 port 43960 ssh2
Apr 21 22:02:59 metasploitable3-ub1404 sshd[2417]: pam_unix(sshd:auth): check pass; user unknown
Apr 21 22:02:59 metasploitable3-ub1404 sshd[2421]: Failed password for invalid user msfadmin from 192.168.56.7 port 43992 ssh2
Apr 21 22:02:59 metasploitable3-ub1404 sshd[2421]: pam_unix(sshd:auth): check pass; user unknown
Apr 21 22:02:59 metasploitable3-ub1404 sshd[2419]: Failed password for invalid user msfadmin from 192.168.56.7 port 43976 ssh2
Apr 21 22:02:59 metasploitable3-ub1404 sshd[2419]: pam_unix(sshd:auth): check pass; user unknown
Apr 21 22:02:59 metasploitable3-ub1404 sshd[2423]: Failed password for invalid user msfadmin from 192.168.56.7 port 43994 ssh2
Apr 21 22:02:59 metasploitable3-ub1404 sshd[2423]: pam_unix(sshd:auth): check pass; user unknown
Apr 21 22:02:59 metasploitable3-ub1404 sshd[2424]: Failed password for invalid user msfadmin from 192.168.56.7 port 44000 ssh2
Apr 21 22:02:59 metasploitable3-ub1404 sshd[2424]: pam_unix(sshd:auth): check pass; user unknown
Apr 21 22:02:59 metasploitable3-ub1404 sshd[2413]: Failed password for invalid user msfadmin from 192.168.56.7 port 43932 ssh2
Apr 21 22:02:59 metasploitable3-ub1404 sshd[2413]: pam_unix(sshd:auth): check pass; user unknown
Apr 21 22:02:59 metasploitable3-ub1404 sshd[2411]: Failed password for invalid user msfadmin from 192.168.56.7 port 43918 ssh2
Apr 21 22:02:59 metasploitable3-ub1404 sshd[2411]: pam_unix(sshd:auth): check pass; user unknown
Apr 21 22:02:59 metasploitable3-ub1404 sshd[2431]: Failed password for invalid user msfadmin from 192.168.56.7 port 44018 ssh2
Apr 21 22:02:59 metasploitable3-ub1404 sshd[2431]: pam_unix(sshd:auth): check pass; user unknown
Apr 21 22:02:59 metasploitable3-ub1404 sshd[2433]: Failed password for invalid user msfadmin from 192.168.56.7 port 44024 ssh2
Apr 21 22:02:59 metasploitable3-ub1404 sshd[2433]: pam_unix(sshd:auth): check pass; user unknown
Apr 21 22:03:00 metasploitable3-ub1404 sshd[2415]: Failed password for invalid user msfadmin from 192.168.56.7 port 43956 ssh2
Apr 21 22:03:00 metasploitable3-ub1404 sshd[2415]: pam_unix(sshd:auth): check pass; user unknown
Apr 21 22:03:01 metasploitable3-ub1404 sshd[2427]: Failed password for invalid user msfadmin from 192.168.56.7 port 44008 ssh2
Apr 21 22:03:01 metasploitable3-ub1404 sshd[2427]: pam_unix(sshd:auth): check pass; user unknown
Apr 21 22:03:01 metasploitable3-ub1404 sshd[2428]: Failed password for invalid user msfadmin from 192.168.56.7 port 44006 ssh2
Apr 21 22:03:01 metasploitable3-ub1404 sshd[2428]: pam_unix(sshd:auth): check pass; user unknown
Apr 21 22:03:01 metasploitable3-ub1404 sshd[2417]: Failed password for invalid user msfadmin from 192.168.56.7 port 43960 ssh2
Apr 21 22:03:01 metasploitable3-ub1404 sshd[2417]: pam_unix(sshd:auth): check pass; user unknown
Apr 21 22:03:01 metasploitable3-ub1404 sshd[2419]: Failed password for invalid user msfadmin from 192.168.56.7 port 43976 ssh2
Apr 21 22:03:01 metasploitable3-ub1404 sshd[2421]: Failed password for invalid user msfadmin from 192.168.56.7 port 43992 ssh2
Apr 21 22:03:01 metasploitable3-ub1404 sshd[2419]: pam_unix(sshd:auth): check pass; user unknown
Apr 21 22:03:01 metasploitable3-ub1404 sshd[2421]: pam_unix(sshd:auth): check pass; user unknown
Apr 21 22:03:01 metasploitable3-ub1404 sshd[2423]: Failed password for invalid user msfadmin from 192.168.56.7 port 43994 ssh2
Apr 21 22:03:01 metasploitable3-ub1404 sshd[2423]: pam_unix(sshd:auth): check pass; user unknown
Apr 21 22:03:01 metasploitable3-ub1404 sshd[2424]: Failed password for invalid user msfadmin from 192.168.56.7 port 44000 ssh2
Apr 21 22:03:01 metasploitable3-ub1404 sshd[2424]: pam_unix(sshd:auth): check pass; user unknown
Apr 21 22:03:01 metasploitable3-ub1404 sshd[2413]: Failed password for invalid user msfadmin from 192.168.56.7 port 43932 ssh2
Apr 21 22:03:01 metasploitable3-ub1404 sshd[2413]: error: maximum authentication attempts exceeded for invalid user msfadmin from 192.168.56.7 port 43932 ssh2 [preauth]
Apr 21 22:03:01 metasploitable3-ub1404 sshd[2413]: Disconnecting: Too many authentication failures for msfadmin [preauth]
Apr 21 22:03:01 metasploitable3-ub1404 sshd[2413]: PAM 5 more authentication failures; logname= uid=0 euid=0 tty=ssh ruser= rhost=192.168.56.7 
Apr 21 22:03:01 metasploitable3-ub1404 sshd[2413]: PAM service(sshd) ignoring max retries; 6 > 3
Apr 21 22:03:01 metasploitable3-ub1404 sshd[2411]: Failed password for invalid user msfadmin from 192.168.56.7 port 43918 ssh2
Apr 21 22:03:01 metasploitable3-ub1404 sshd[2411]: error: maximum authentication attempts exceeded for invalid user msfadmin from 192.168.56.7 port 43918 ssh2 [preauth]
Apr 21 22:03:01 metasploitable3-ub1404 sshd[2411]: Disconnecting: Too many authentication failures for msfadmin [preauth]
Apr 21 22:03:01 metasploitable3-ub1404 sshd[2411]: PAM 5 more authentication failures; logname= uid=0 euid=0 tty=ssh ruser= rhost=192.168.56.7 
Apr 21 22:03:01 metasploitable3-ub1404 sshd[2411]: PAM service(sshd) ignoring max retries; 6 > 3
Apr 21 22:03:01 metasploitable3-ub1404 sshd[2435]: Invalid user msfadmin from 192.168.56.7
Apr 21 22:03:01 metasploitable3-ub1404 sshd[2435]: input_userauth_request: invalid user msfadmin [preauth]
Apr 21 22:03:01 metasploitable3-ub1404 sshd[2435]: pam_unix(sshd:auth): check pass; user unknown
Apr 21 22:03:01 metasploitable3-ub1404 sshd[2435]: pam_unix(sshd:auth): authentication failure; logname= uid=0 euid=0 tty=ssh ruser= rhost=192.168.56.7 
Apr 21 22:03:01 metasploitable3-ub1404 sshd[2431]: Failed password for invalid user msfadmin from 192.168.56.7 port 44018 ssh2
Apr 21 22:03:01 metasploitable3-ub1404 sshd[2431]: pam_unix(sshd:auth): check pass; user unknown
Apr 21 22:03:02 metasploitable3-ub1404 sshd[2433]: Failed password for invalid user msfadmin from 192.168.56.7 port 44024 ssh2
Apr 21 22:03:02 metasploitable3-ub1404 sshd[2433]: pam_unix(sshd:auth): check pass; user unknown
Apr 21 22:03:02 metasploitable3-ub1404 sshd[2437]: Invalid user msfadmin from 192.168.56.7
Apr 21 22:03:02 metasploitable3-ub1404 sshd[2437]: input_userauth_request: invalid user msfadmin [preauth]
Apr 21 22:03:02 metasploitable3-ub1404 sshd[2437]: pam_unix(sshd:auth): check pass; user unknown
Apr 21 22:03:02 metasploitable3-ub1404 sshd[2437]: pam_unix(sshd:auth): authentication failure; logname= uid=0 euid=0 tty=ssh ruser= rhost=192.168.56.7 
Apr 21 22:03:02 metasploitable3-ub1404 sshd[2415]: Failed password for invalid user msfadmin from 192.168.56.7 port 43956 ssh2
Apr 21 22:03:02 metasploitable3-ub1404 sshd[2415]: error: maximum authentication attempts exceeded for invalid user msfadmin from 192.168.56.7 port 43956 ssh2 [preauth]
Apr 21 22:03:02 metasploitable3-ub1404 sshd[2415]: Disconnecting: Too many authentication failures for msfadmin [preauth]
Apr 21 22:03:02 metasploitable3-ub1404 sshd[2415]: PAM 5 more authentication failures; logname= uid=0 euid=0 tty=ssh ruser= rhost=192.168.56.7 
Apr 21 22:03:02 metasploitable3-ub1404 sshd[2415]: PAM service(sshd) ignoring max retries; 6 > 3
Apr 21 22:03:02 metasploitable3-ub1404 sshd[2439]: Invalid user msfadmin from 192.168.56.7
Apr 21 22:03:02 metasploitable3-ub1404 sshd[2439]: input_userauth_request: invalid user msfadmin [preauth]
Apr 21 22:03:02 metasploitable3-ub1404 sshd[2439]: pam_unix(sshd:auth): check pass; user unknown
Apr 21 22:03:02 metasploitable3-ub1404 sshd[2439]: pam_unix(sshd:auth): authentication failure; logname= uid=0 euid=0 tty=ssh ruser= rhost=192.168.56.7 
Apr 21 22:03:03 metasploitable3-ub1404 sshd[2427]: Failed password for invalid user msfadmin from 192.168.56.7 port 44008 ssh2
Apr 21 22:03:03 metasploitable3-ub1404 sshd[2427]: error: maximum authentication attempts exceeded for invalid user msfadmin from 192.168.56.7 port 44008 ssh2 [preauth]
Apr 21 22:03:03 metasploitable3-ub1404 sshd[2427]: Disconnecting: Too many authentication failures for msfadmin [preauth]
Apr 21 22:03:03 metasploitable3-ub1404 sshd[2427]: PAM 5 more authentication failures; logname= uid=0 euid=0 tty=ssh ruser= rhost=192.168.56.7 
Apr 21 22:03:03 metasploitable3-ub1404 sshd[2427]: PAM service(sshd) ignoring max retries; 6 > 3
Apr 21 22:03:03 metasploitable3-ub1404 sshd[2428]: Failed password for invalid user msfadmin from 192.168.56.7 port 44006 ssh2
Apr 21 22:03:03 metasploitable3-ub1404 sshd[2428]: error: maximum authentication attempts exceeded for invalid user msfadmin from 192.168.56.7 port 44006 ssh2 [preauth]
Apr 21 22:03:03 metasploitable3-ub1404 sshd[2428]: Disconnecting: Too many authentication failures for msfadmin [preauth]
Apr 21 22:03:03 metasploitable3-ub1404 sshd[2428]: PAM 5 more authentication failures; logname= uid=0 euid=0 tty=ssh ruser= rhost=192.168.56.7 
Apr 21 22:03:03 metasploitable3-ub1404 sshd[2428]: PAM service(sshd) ignoring max retries; 6 > 3
Apr 21 22:03:03 metasploitable3-ub1404 sshd[2441]: Invalid user msfadmin from 192.168.56.7
Apr 21 22:03:03 metasploitable3-ub1404 sshd[2441]: input_userauth_request: invalid user msfadmin [preauth]
Apr 21 22:03:03 metasploitable3-ub1404 sshd[2441]: pam_unix(sshd:auth): check pass; user unknown
Apr 21 22:03:03 metasploitable3-ub1404 sshd[2441]: pam_unix(sshd:auth): authentication failure; logname= uid=0 euid=0 tty=ssh ruser= rhost=192.168.56.7 
Apr 21 22:03:03 metasploitable3-ub1404 sshd[2443]: Invalid user msfadmin from 192.168.56.7
Apr 21 22:03:03 metasploitable3-ub1404 sshd[2443]: input_userauth_request: invalid user msfadmin [preauth]
Apr 21 22:03:03 metasploitable3-ub1404 sshd[2443]: pam_unix(sshd:auth): check pass; user unknown
Apr 21 22:03:03 metasploitable3-ub1404 sshd[2443]: pam_unix(sshd:auth): authentication failure; logname= uid=0 euid=0 tty=ssh ruser= rhost=192.168.56.7 
Apr 21 22:03:03 metasploitable3-ub1404 sshd[2417]: Failed password for invalid user msfadmin from 192.168.56.7 port 43960 ssh2
Apr 21 22:03:03 metasploitable3-ub1404 sshd[2417]: error: maximum authentication attempts exceeded for invalid user msfadmin from 192.168.56.7 port 43960 ssh2 [preauth]
Apr 21 22:03:03 metasploitable3-ub1404 sshd[2417]: Disconnecting: Too many authentication failures for msfadmin [preauth]
Apr 21 22:03:03 metasploitable3-ub1404 sshd[2417]: PAM 5 more authentication failures; logname= uid=0 euid=0 tty=ssh ruser= rhost=192.168.56.7 
Apr 21 22:03:03 metasploitable3-ub1404 sshd[2417]: PAM service(sshd) ignoring max retries; 6 > 3
Apr 21 22:03:03 metasploitable3-ub1404 sshd[2445]: Invalid user msfadmin from 192.168.56.7
Apr 21 22:03:03 metasploitable3-ub1404 sshd[2445]: input_userauth_request: invalid user msfadmin [preauth]
Apr 21 22:03:03 metasploitable3-ub1404 sshd[2445]: pam_unix(sshd:auth): check pass; user unknown
Apr 21 22:03:03 metasploitable3-ub1404 sshd[2445]: pam_unix(sshd:auth): authentication failure; logname= uid=0 euid=0 tty=ssh ruser= rhost=192.168.56.7 
Apr 21 22:03:03 metasploitable3-ub1404 sshd[2419]: Failed password for invalid user msfadmin from 192.168.56.7 port 43976 ssh2
Apr 21 22:03:03 metasploitable3-ub1404 sshd[2419]: error: maximum authentication attempts exceeded for invalid user msfadmin from 192.168.56.7 port 43976 ssh2 [preauth]
Apr 21 22:03:03 metasploitable3-ub1404 sshd[2419]: Disconnecting: Too many authentication failures for msfadmin [preauth]
Apr 21 22:03:03 metasploitable3-ub1404 sshd[2419]: PAM 5 more authentication failures; logname= uid=0 euid=0 tty=ssh ruser= rhost=192.168.56.7 
Apr 21 22:03:03 metasploitable3-ub1404 sshd[2419]: PAM service(sshd) ignoring max retries; 6 > 3
Apr 21 22:03:03 metasploitable3-ub1404 sshd[2421]: Failed password for invalid user msfadmin from 192.168.56.7 port 43992 ssh2
Apr 21 22:03:03 metasploitable3-ub1404 sshd[2421]: error: maximum authentication attempts exceeded for invalid user msfadmin from 192.168.56.7 port 43992 ssh2 [preauth]
Apr 21 22:03:03 metasploitable3-ub1404 sshd[2421]: Disconnecting: Too many authentication failures for msfadmin [preauth]
Apr 21 22:03:03 metasploitable3-ub1404 sshd[2421]: PAM 5 more authentication failures; logname= uid=0 euid=0 tty=ssh ruser= rhost=192.168.56.7 
Apr 21 22:03:03 metasploitable3-ub1404 sshd[2421]: PAM service(sshd) ignoring max retries; 6 > 3
Apr 21 22:03:03 metasploitable3-ub1404 sshd[2448]: Invalid user msfadmin from 192.168.56.7
Apr 21 22:03:03 metasploitable3-ub1404 sshd[2448]: input_userauth_request: invalid user msfadmin [preauth]
Apr 21 22:03:03 metasploitable3-ub1404 sshd[2448]: pam_unix(sshd:auth): check pass; user unknown
Apr 21 22:03:03 metasploitable3-ub1404 sshd[2448]: pam_unix(sshd:auth): authentication failure; logname= uid=0 euid=0 tty=ssh ruser= rhost=192.168.56.7 
Apr 21 22:03:03 metasploitable3-ub1404 sshd[2447]: Invalid user msfadmin from 192.168.56.7
Apr 21 22:03:03 metasploitable3-ub1404 sshd[2447]: input_userauth_request: invalid user msfadmin [preauth]
Apr 21 22:03:03 metasploitable3-ub1404 sshd[2447]: pam_unix(sshd:auth): check pass; user unknown
Apr 21 22:03:03 metasploitable3-ub1404 sshd[2447]: pam_unix(sshd:auth): authentication failure; logname= uid=0 euid=0 tty=ssh ruser= rhost=192.168.56.7 
Apr 21 22:03:03 metasploitable3-ub1404 sshd[2423]: Failed password for invalid user msfadmin from 192.168.56.7 port 43994 ssh2
Apr 21 22:03:03 metasploitable3-ub1404 sshd[2423]: error: maximum authentication attempts exceeded for invalid user msfadmin from 192.168.56.7 port 43994 ssh2 [preauth]
Apr 21 22:03:03 metasploitable3-ub1404 sshd[2423]: Disconnecting: Too many authentication failures for msfadmin [preauth]
Apr 21 22:03:03 metasploitable3-ub1404 sshd[2423]: PAM 5 more authentication failures; logname= uid=0 euid=0 tty=ssh ruser= rhost=192.168.56.7 
Apr 21 22:03:03 metasploitable3-ub1404 sshd[2423]: PAM service(sshd) ignoring max retries; 6 > 3
Apr 21 22:03:03 metasploitable3-ub1404 sshd[2424]: Failed password for invalid user msfadmin from 192.168.56.7 port 44000 ssh2
Apr 21 22:03:03 metasploitable3-ub1404 sshd[2424]: error: maximum authentication attempts exceeded for invalid user msfadmin from 192.168.56.7 port 44000 ssh2 [preauth]
Apr 21 22:03:03 metasploitable3-ub1404 sshd[2424]: Disconnecting: Too many authentication failures for msfadmin [preauth]
Apr 21 22:03:03 metasploitable3-ub1404 sshd[2424]: PAM 5 more authentication failures; logname= uid=0 euid=0 tty=ssh ruser= rhost=192.168.56.7 
Apr 21 22:03:03 metasploitable3-ub1404 sshd[2424]: PAM service(sshd) ignoring max retries; 6 > 3
Apr 21 22:03:03 metasploitable3-ub1404 sshd[2451]: Invalid user msfadmin from 192.168.56.7
Apr 21 22:03:03 metasploitable3-ub1404 sshd[2451]: input_userauth_request: invalid user msfadmin [preauth]
Apr 21 22:03:03 metasploitable3-ub1404 sshd[2451]: pam_unix(sshd:auth): check pass; user unknown
Apr 21 22:03:03 metasploitable3-ub1404 sshd[2451]: pam_unix(sshd:auth): authentication failure; logname= uid=0 euid=0 tty=ssh ruser= rhost=192.168.56.7 
Apr 21 22:03:04 metasploitable3-ub1404 sshd[2435]: Failed password for invalid user msfadmin from 192.168.56.7 port 45016 ssh2
Apr 21 22:03:04 metasploitable3-ub1404 sshd[2435]: pam_unix(sshd:auth): check pass; user unknown
Apr 21 22:03:04 metasploitable3-ub1404 sshd[2431]: Failed password for invalid user msfadmin from 192.168.56.7 port 44018 ssh2
Apr 21 22:03:04 metasploitable3-ub1404 sshd[2431]: error: maximum authentication attempts exceeded for invalid user msfadmin from 192.168.56.7 port 44018 ssh2 [preauth]
Apr 21 22:03:04 metasploitable3-ub1404 sshd[2431]: Disconnecting: Too many authentication failures for msfadmin [preauth]
Apr 21 22:03:04 metasploitable3-ub1404 sshd[2431]: PAM 5 more authentication failures; logname= uid=0 euid=0 tty=ssh ruser= rhost=192.168.56.7 
Apr 21 22:03:04 metasploitable3-ub1404 sshd[2431]: PAM service(sshd) ignoring max retries; 6 > 3
Apr 21 22:03:04 metasploitable3-ub1404 sshd[2453]: Invalid user msfadmin from 192.168.56.7
Apr 21 22:03:04 metasploitable3-ub1404 sshd[2453]: input_userauth_request: invalid user msfadmin [preauth]
Apr 21 22:03:04 metasploitable3-ub1404 sshd[2453]: pam_unix(sshd:auth): check pass; user unknown
Apr 21 22:03:04 metasploitable3-ub1404 sshd[2453]: pam_unix(sshd:auth): authentication failure; logname= uid=0 euid=0 tty=ssh ruser= rhost=192.168.56.7 
Apr 21 22:03:04 metasploitable3-ub1404 sshd[2455]: Invalid user msfadmin from 192.168.56.7
Apr 21 22:03:04 metasploitable3-ub1404 sshd[2455]: input_userauth_request: invalid user msfadmin [preauth]
Apr 21 22:03:04 metasploitable3-ub1404 sshd[2455]: pam_unix(sshd:auth): check pass; user unknown
Apr 21 22:03:04 metasploitable3-ub1404 sshd[2455]: pam_unix(sshd:auth): authentication failure; logname= uid=0 euid=0 tty=ssh ruser= rhost=192.168.56.7 
Apr 21 22:03:04 metasploitable3-ub1404 sshd[2433]: Failed password for invalid user msfadmin from 192.168.56.7 port 44024 ssh2
Apr 21 22:03:04 metasploitable3-ub1404 sshd[2433]: error: maximum authentication attempts exceeded for invalid user msfadmin from 192.168.56.7 port 44024 ssh2 [preauth]
Apr 21 22:03:04 metasploitable3-ub1404 sshd[2433]: Disconnecting: Too many authentication failures for msfadmin [preauth]
Apr 21 22:03:04 metasploitable3-ub1404 sshd[2433]: PAM 5 more authentication failures; logname= uid=0 euid=0 tty=ssh ruser= rhost=192.168.56.7 
Apr 21 22:03:04 metasploitable3-ub1404 sshd[2433]: PAM service(sshd) ignoring max retries; 6 > 3
Apr 21 22:03:04 metasploitable3-ub1404 sshd[2437]: Failed password for invalid user msfadmin from 192.168.56.7 port 45032 ssh2
Apr 21 22:03:04 metasploitable3-ub1404 sshd[2437]: pam_unix(sshd:auth): check pass; user unknown
Apr 21 22:03:04 metasploitable3-ub1404 sshd[2457]: Invalid user msfadmin from 192.168.56.7
Apr 21 22:03:04 metasploitable3-ub1404 sshd[2457]: input_userauth_request: invalid user msfadmin [preauth]
Apr 21 22:03:04 metasploitable3-ub1404 sshd[2457]: pam_unix(sshd:auth): check pass; user unknown
Apr 21 22:03:04 metasploitable3-ub1404 sshd[2457]: pam_unix(sshd:auth): authentication failure; logname= uid=0 euid=0 tty=ssh ruser= rhost=192.168.56.7 
Apr 21 22:03:05 metasploitable3-ub1404 sshd[2439]: Failed password for invalid user msfadmin from 192.168.56.7 port 54748 ssh2
Apr 21 22:03:05 metasploitable3-ub1404 sshd[2439]: pam_unix(sshd:auth): check pass; user unknown
Apr 21 22:03:05 metasploitable3-ub1404 sshd[2441]: Failed password for invalid user msfadmin from 192.168.56.7 port 54762 ssh2
Apr 21 22:03:05 metasploitable3-ub1404 sshd[2441]: pam_unix(sshd:auth): check pass; user unknown
Apr 21 22:03:05 metasploitable3-ub1404 sshd[2443]: Failed password for invalid user msfadmin from 192.168.56.7 port 54766 ssh2
Apr 21 22:03:05 metasploitable3-ub1404 sshd[2443]: pam_unix(sshd:auth): check pass; user unknown
Apr 21 22:03:05 metasploitable3-ub1404 sshd[2445]: Failed password for invalid user msfadmin from 192.168.56.7 port 54770 ssh2
Apr 21 22:03:05 metasploitable3-ub1404 sshd[2445]: pam_unix(sshd:auth): check pass; user unknown
Apr 21 22:03:05 metasploitable3-ub1404 sshd[2448]: Failed password for invalid user msfadmin from 192.168.56.7 port 54786 ssh2
Apr 21 22:03:05 metasploitable3-ub1404 sshd[2448]: pam_unix(sshd:auth): check pass; user unknown
Apr 21 22:03:05 metasploitable3-ub1404 sshd[2447]: Failed password for invalid user msfadmin from 192.168.56.7 port 54778 ssh2
Apr 21 22:03:05 metasploitable3-ub1404 sshd[2447]: pam_unix(sshd:auth): check pass; user unknown
Apr 21 22:03:05 metasploitable3-ub1404 sshd[2451]: Failed password for invalid user msfadmin from 192.168.56.7 port 54798 ssh2
Apr 21 22:03:05 metasploitable3-ub1404 sshd[2451]: pam_unix(sshd:auth): check pass; user unknown
Apr 21 22:03:06 metasploitable3-ub1404 sshd[2435]: Failed password for invalid user msfadmin from 192.168.56.7 port 45016 ssh2
Apr 21 22:03:06 metasploitable3-ub1404 sshd[2435]: pam_unix(sshd:auth): check pass; user unknown
Apr 21 22:03:06 metasploitable3-ub1404 sshd[2453]: Failed password for invalid user msfadmin from 192.168.56.7 port 54824 ssh2
Apr 21 22:03:06 metasploitable3-ub1404 sshd[2453]: pam_unix(sshd:auth): check pass; user unknown
Apr 21 22:03:06 metasploitable3-ub1404 sshd[2455]: Failed password for invalid user msfadmin from 192.168.56.7 port 54836 ssh2
Apr 21 22:03:06 metasploitable3-ub1404 sshd[2455]: pam_unix(sshd:auth): check pass; user unknown
Apr 21 22:03:06 metasploitable3-ub1404 sshd[2437]: Failed password for invalid user msfadmin from 192.168.56.7 port 45032 ssh2
Apr 21 22:03:06 metasploitable3-ub1404 sshd[2437]: pam_unix(sshd:auth): check pass; user unknown
Apr 21 22:03:06 metasploitable3-ub1404 sshd[2457]: Failed password for invalid user msfadmin from 192.168.56.7 port 54844 ssh2
Apr 21 22:03:06 metasploitable3-ub1404 sshd[2457]: pam_unix(sshd:auth): check pass; user unknown
Apr 21 22:03:07 metasploitable3-ub1404 sshd[2439]: Failed password for invalid user msfadmin from 192.168.56.7 port 54748 ssh2
Apr 21 22:03:07 metasploitable3-ub1404 sshd[2439]: pam_unix(sshd:auth): check pass; user unknown
Apr 21 22:03:07 metasploitable3-ub1404 sshd[2441]: Failed password for invalid user msfadmin from 192.168.56.7 port 54762 ssh2
Apr 21 22:03:07 metasploitable3-ub1404 sshd[2441]: pam_unix(sshd:auth): check pass; user unknown
Apr 21 22:03:07 metasploitable3-ub1404 sshd[2443]: Failed password for invalid user msfadmin from 192.168.56.7 port 54766 ssh2
Apr 21 22:03:07 metasploitable3-ub1404 sshd[2443]: pam_unix(sshd:auth): check pass; user unknown
Apr 21 22:03:07 metasploitable3-ub1404 sshd[2445]: Failed password for invalid user msfadmin from 192.168.56.7 port 54770 ssh2
Apr 21 22:03:07 metasploitable3-ub1404 sshd[2445]: pam_unix(sshd:auth): check pass; user unknown
Apr 21 22:03:07 metasploitable3-ub1404 sshd[2448]: Failed password for invalid user msfadmin from 192.168.56.7 port 54786 ssh2
Apr 21 22:03:07 metasploitable3-ub1404 sshd[2448]: pam_unix(sshd:auth): check pass; user unknown
Apr 21 22:03:07 metasploitable3-ub1404 sshd[2447]: Failed password for invalid user msfadmin from 192.168.56.7 port 54778 ssh2
Apr 21 22:03:07 metasploitable3-ub1404 sshd[2447]: pam_unix(sshd:auth): check pass; user unknown
Apr 21 22:03:07 metasploitable3-ub1404 sshd[2451]: Failed password for invalid user msfadmin from 192.168.56.7 port 54798 ssh2
Apr 21 22:03:07 metasploitable3-ub1404 sshd[2451]: pam_unix(sshd:auth): check pass; user unknown
Apr 21 22:03:08 metasploitable3-ub1404 sshd[2435]: Failed password for invalid user msfadmin from 192.168.56.7 port 45016 ssh2
Apr 21 22:03:08 metasploitable3-ub1404 sshd[2435]: pam_unix(sshd:auth): check pass; user unknown
Apr 21 22:03:08 metasploitable3-ub1404 sshd[2453]: Failed password for invalid user msfadmin from 192.168.56.7 port 54824 ssh2
Apr 21 22:03:08 metasploitable3-ub1404 sshd[2453]: pam_unix(sshd:auth): check pass; user unknown
Apr 21 22:03:08 metasploitable3-ub1404 sshd[2455]: Failed password for invalid user msfadmin from 192.168.56.7 port 54836 ssh2
Apr 21 22:03:08 metasploitable3-ub1404 sshd[2455]: pam_unix(sshd:auth): check pass; user unknown
Apr 21 22:03:09 metasploitable3-ub1404 sshd[2437]: Failed password for invalid user msfadmin from 192.168.56.7 port 45032 ssh2
Apr 21 22:03:09 metasploitable3-ub1404 sshd[2437]: pam_unix(sshd:auth): check pass; user unknown
Apr 21 22:03:09 metasploitable3-ub1404 sshd[2457]: Failed password for invalid user msfadmin from 192.168.56.7 port 54844 ssh2
Apr 21 22:03:09 metasploitable3-ub1404 sshd[2457]: pam_unix(sshd:auth): check pass; user unknown
Apr 21 22:03:09 metasploitable3-ub1404 sshd[2439]: Failed password for invalid user msfadmin from 192.168.56.7 port 54748 ssh2
Apr 21 22:03:09 metasploitable3-ub1404 sshd[2439]: pam_unix(sshd:auth): check pass; user unknown
Apr 21 22:03:09 metasploitable3-ub1404 sshd[2441]: Failed password for invalid user msfadmin from 192.168.56.7 port 54762 ssh2
Apr 21 22:03:09 metasploitable3-ub1404 sshd[2441]: pam_unix(sshd:auth): check pass; user unknown
Apr 21 22:03:09 metasploitable3-ub1404 sshd[2443]: Failed password for invalid user msfadmin from 192.168.56.7 port 54766 ssh2
Apr 21 22:03:09 metasploitable3-ub1404 sshd[2443]: pam_unix(sshd:auth): check pass; user unknown
Apr 21 22:03:09 metasploitable3-ub1404 sshd[2445]: Failed password for invalid user msfadmin from 192.168.56.7 port 54770 ssh2
Apr 21 22:03:09 metasploitable3-ub1404 sshd[2445]: pam_unix(sshd:auth): check pass; user unknown
Apr 21 22:03:09 metasploitable3-ub1404 sshd[2448]: Failed password for invalid user msfadmin from 192.168.56.7 port 54786 ssh2
Apr 21 22:03:09 metasploitable3-ub1404 sshd[2448]: pam_unix(sshd:auth): check pass; user unknown
Apr 21 22:03:09 metasploitable3-ub1404 sshd[2447]: Failed password for invalid user msfadmin from 192.168.56.7 port 54778 ssh2
Apr 21 22:03:09 metasploitable3-ub1404 sshd[2447]: pam_unix(sshd:auth): check pass; user unknown
Apr 21 22:03:10 metasploitable3-ub1404 sshd[2451]: Failed password for invalid user msfadmin from 192.168.56.7 port 54798 ssh2
Apr 21 22:03:10 metasploitable3-ub1404 sshd[2451]: pam_unix(sshd:auth): check pass; user unknown
Apr 21 22:03:10 metasploitable3-ub1404 sshd[2435]: Failed password for invalid user msfadmin from 192.168.56.7 port 45016 ssh2
Apr 21 22:03:10 metasploitable3-ub1404 sshd[2435]: pam_unix(sshd:auth): check pass; user unknown
Apr 21 22:03:10 metasploitable3-ub1404 sshd[2437]: Failed password for invalid user msfadmin from 192.168.56.7 port 45032 ssh2
Apr 21 22:03:10 metasploitable3-ub1404 sshd[2437]: pam_unix(sshd:auth): check pass; user unknown
Apr 21 22:03:10 metasploitable3-ub1404 sshd[2453]: Failed password for invalid user msfadmin from 192.168.56.7 port 54824 ssh2
Apr 21 22:03:10 metasploitable3-ub1404 sshd[2453]: pam_unix(sshd:auth): check pass; user unknown
Apr 21 22:03:11 metasploitable3-ub1404 sshd[2457]: Failed password for invalid user msfadmin from 192.168.56.7 port 54844 ssh2
Apr 21 22:03:11 metasploitable3-ub1404 sshd[2457]: pam_unix(sshd:auth): check pass; user unknown
Apr 21 22:03:11 metasploitable3-ub1404 sshd[2455]: Failed password for invalid user msfadmin from 192.168.56.7 port 54836 ssh2
Apr 21 22:03:11 metasploitable3-ub1404 sshd[2455]: pam_unix(sshd:auth): check pass; user unknown
Apr 21 22:03:11 metasploitable3-ub1404 sshd[2439]: Failed password for invalid user msfadmin from 192.168.56.7 port 54748 ssh2
Apr 21 22:03:11 metasploitable3-ub1404 sshd[2439]: pam_unix(sshd:auth): check pass; user unknown
Apr 21 22:03:11 metasploitable3-ub1404 sshd[2441]: Failed password for invalid user msfadmin from 192.168.56.7 port 54762 ssh2
Apr 21 22:03:11 metasploitable3-ub1404 sshd[2441]: pam_unix(sshd:auth): check pass; user unknown
Apr 21 22:03:11 metasploitable3-ub1404 sshd[2443]: Failed password for invalid user msfadmin from 192.168.56.7 port 54766 ssh2
Apr 21 22:03:11 metasploitable3-ub1404 sshd[2443]: pam_unix(sshd:auth): check pass; user unknown
Apr 21 22:03:11 metasploitable3-ub1404 sshd[2445]: Failed password for invalid user msfadmin from 192.168.56.7 port 54770 ssh2
Apr 21 22:03:11 metasploitable3-ub1404 sshd[2445]: pam_unix(sshd:auth): check pass; user unknown
Apr 21 22:03:11 metasploitable3-ub1404 sshd[2448]: Failed password for invalid user msfadmin from 192.168.56.7 port 54786 ssh2
Apr 21 22:03:11 metasploitable3-ub1404 sshd[2448]: pam_unix(sshd:auth): check pass; user unknown
Apr 21 22:03:11 metasploitable3-ub1404 sshd[2447]: Failed password for invalid user msfadmin from 192.168.56.7 port 54778 ssh2
Apr 21 22:03:11 metasploitable3-ub1404 sshd[2447]: pam_unix(sshd:auth): check pass; user unknown
Apr 21 22:03:12 metasploitable3-ub1404 sshd[2451]: Failed password for invalid user msfadmin from 192.168.56.7 port 54798 ssh2
Apr 21 22:03:12 metasploitable3-ub1404 sshd[2451]: pam_unix(sshd:auth): check pass; user unknown
Apr 21 22:03:12 metasploitable3-ub1404 sshd[2435]: Failed password for invalid user msfadmin from 192.168.56.7 port 45016 ssh2
Apr 21 22:03:12 metasploitable3-ub1404 sshd[2435]: pam_unix(sshd:auth): check pass; user unknown
Apr 21 22:03:12 metasploitable3-ub1404 sshd[2437]: Failed password for invalid user msfadmin from 192.168.56.7 port 45032 ssh2
Apr 21 22:03:12 metasploitable3-ub1404 sshd[2437]: pam_unix(sshd:auth): check pass; user unknown
Apr 21 22:03:12 metasploitable3-ub1404 sshd[2453]: Failed password for invalid user msfadmin from 192.168.56.7 port 54824 ssh2
Apr 21 22:03:12 metasploitable3-ub1404 sshd[2453]: pam_unix(sshd:auth): check pass; user unknown
Apr 21 22:03:13 metasploitable3-ub1404 sshd[2457]: Failed password for invalid user msfadmin from 192.168.56.7 port 54844 ssh2
Apr 21 22:03:13 metasploitable3-ub1404 sshd[2457]: pam_unix(sshd:auth): check pass; user unknown
Apr 21 22:03:13 metasploitable3-ub1404 sshd[2455]: Failed password for invalid user msfadmin from 192.168.56.7 port 54836 ssh2
Apr 21 22:03:13 metasploitable3-ub1404 sshd[2455]: pam_unix(sshd:auth): check pass; user unknown
Apr 21 22:03:13 metasploitable3-ub1404 sshd[2439]: Failed password for invalid user msfadmin from 192.168.56.7 port 54748 ssh2
Apr 21 22:03:13 metasploitable3-ub1404 sshd[2439]: pam_unix(sshd:auth): check pass; user unknown
Apr 21 22:03:13 metasploitable3-ub1404 sshd[2441]: Failed password for invalid user msfadmin from 192.168.56.7 port 54762 ssh2
Apr 21 22:03:13 metasploitable3-ub1404 sshd[2441]: pam_unix(sshd:auth): check pass; user unknown
Apr 21 22:03:13 metasploitable3-ub1404 sshd[2443]: Failed password for invalid user msfadmin from 192.168.56.7 port 54766 ssh2
Apr 21 22:03:13 metasploitable3-ub1404 sshd[2443]: pam_unix(sshd:auth): check pass; user unknown
Apr 21 22:03:13 metasploitable3-ub1404 sshd[2445]: Failed password for invalid user msfadmin from 192.168.56.7 port 54770 ssh2
Apr 21 22:03:13 metasploitable3-ub1404 sshd[2445]: pam_unix(sshd:auth): check pass; user unknown
Apr 21 22:03:13 metasploitable3-ub1404 sshd[2448]: Failed password for invalid user msfadmin from 192.168.56.7 port 54786 ssh2
Apr 21 22:03:13 metasploitable3-ub1404 sshd[2448]: pam_unix(sshd:auth): check pass; user unknown
Apr 21 22:03:14 metasploitable3-ub1404 sshd[2447]: Failed password for invalid user msfadmin from 192.168.56.7 port 54778 ssh2
Apr 21 22:03:14 metasploitable3-ub1404 sshd[2447]: pam_unix(sshd:auth): check pass; user unknown
Apr 21 22:03:14 metasploitable3-ub1404 sshd[2451]: Failed password for invalid user msfadmin from 192.168.56.7 port 54798 ssh2
Apr 21 22:03:14 metasploitable3-ub1404 sshd[2451]: pam_unix(sshd:auth): check pass; user unknown
Apr 21 22:03:14 metasploitable3-ub1404 sshd[2435]: Failed password for invalid user msfadmin from 192.168.56.7 port 45016 ssh2
Apr 21 22:03:14 metasploitable3-ub1404 sshd[2435]: error: maximum authentication attempts exceeded for invalid user msfadmin from 192.168.56.7 port 45016 ssh2 [preauth]
Apr 21 22:03:14 metasploitable3-ub1404 sshd[2435]: Disconnecting: Too many authentication failures for msfadmin [preauth]
Apr 21 22:03:14 metasploitable3-ub1404 sshd[2435]: PAM 5 more authentication failures; logname= uid=0 euid=0 tty=ssh ruser= rhost=192.168.56.7 
Apr 21 22:03:14 metasploitable3-ub1404 sshd[2435]: PAM service(sshd) ignoring max retries; 6 > 3
Apr 21 22:03:14 metasploitable3-ub1404 sshd[2459]: Invalid user msfadmin from 192.168.56.7
Apr 21 22:03:14 metasploitable3-ub1404 sshd[2459]: input_userauth_request: invalid user msfadmin [preauth]
Apr 21 22:03:14 metasploitable3-ub1404 sshd[2459]: pam_unix(sshd:auth): check pass; user unknown
Apr 21 22:03:14 metasploitable3-ub1404 sshd[2437]: Failed password for invalid user msfadmin from 192.168.56.7 port 45032 ssh2
Apr 21 22:03:14 metasploitable3-ub1404 sshd[2437]: error: maximum authentication attempts exceeded for invalid user msfadmin from 192.168.56.7 port 45032 ssh2 [preauth]
Apr 21 22:03:14 metasploitable3-ub1404 sshd[2437]: Disconnecting: Too many authentication failures for msfadmin [preauth]
Apr 21 22:03:14 metasploitable3-ub1404 sshd[2437]: PAM 5 more authentication failures; logname= uid=0 euid=0 tty=ssh ruser= rhost=192.168.56.7 
Apr 21 22:03:14 metasploitable3-ub1404 sshd[2437]: PAM service(sshd) ignoring max retries; 6 > 3
Apr 21 22:03:14 metasploitable3-ub1404 sshd[2459]: pam_unix(sshd:auth): authentication failure; logname= uid=0 euid=0 tty=ssh ruser= rhost=192.168.56.7 
Apr 21 22:03:14 metasploitable3-ub1404 sshd[2453]: Failed password for invalid user msfadmin from 192.168.56.7 port 54824 ssh2
Apr 21 22:03:14 metasploitable3-ub1404 sshd[2453]: pam_unix(sshd:auth): check pass; user unknown
Apr 21 22:03:15 metasploitable3-ub1404 sshd[2461]: Invalid user msfadmin from 192.168.56.7
Apr 21 22:03:15 metasploitable3-ub1404 sshd[2461]: input_userauth_request: invalid user msfadmin [preauth]
Apr 21 22:03:15 metasploitable3-ub1404 sshd[2461]: pam_unix(sshd:auth): check pass; user unknown
Apr 21 22:03:15 metasploitable3-ub1404 sshd[2461]: pam_unix(sshd:auth): authentication failure; logname= uid=0 euid=0 tty=ssh ruser= rhost=192.168.56.7 
Apr 21 22:03:15 metasploitable3-ub1404 sshd[2457]: Failed password for invalid user msfadmin from 192.168.56.7 port 54844 ssh2
Apr 21 22:03:15 metasploitable3-ub1404 sshd[2457]: pam_unix(sshd:auth): check pass; user unknown
Apr 21 22:03:15 metasploitable3-ub1404 sshd[2455]: Failed password for invalid user msfadmin from 192.168.56.7 port 54836 ssh2
Apr 21 22:03:15 metasploitable3-ub1404 sshd[2455]: pam_unix(sshd:auth): check pass; user unknown
Apr 21 22:03:15 metasploitable3-ub1404 sshd[2439]: Failed password for invalid user msfadmin from 192.168.56.7 port 54748 ssh2
Apr 21 22:03:15 metasploitable3-ub1404 sshd[2439]: error: maximum authentication attempts exceeded for invalid user msfadmin from 192.168.56.7 port 54748 ssh2 [preauth]
Apr 21 22:03:15 metasploitable3-ub1404 sshd[2439]: Disconnecting: Too many authentication failures for msfadmin [preauth]
Apr 21 22:03:15 metasploitable3-ub1404 sshd[2439]: PAM 5 more authentication failures; logname= uid=0 euid=0 tty=ssh ruser= rhost=192.168.56.7 
Apr 21 22:03:15 metasploitable3-ub1404 sshd[2439]: PAM service(sshd) ignoring max retries; 6 > 3
Apr 21 22:03:15 metasploitable3-ub1404 sshd[2441]: Failed password for invalid user msfadmin from 192.168.56.7 port 54762 ssh2
Apr 21 22:03:15 metasploitable3-ub1404 sshd[2441]: error: maximum authentication attempts exceeded for invalid user msfadmin from 192.168.56.7 port 54762 ssh2 [preauth]
Apr 21 22:03:15 metasploitable3-ub1404 sshd[2441]: Disconnecting: Too many authentication failures for msfadmin [preauth]
Apr 21 22:03:15 metasploitable3-ub1404 sshd[2441]: PAM 5 more authentication failures; logname= uid=0 euid=0 tty=ssh ruser= rhost=192.168.56.7 
Apr 21 22:03:15 metasploitable3-ub1404 sshd[2441]: PAM service(sshd) ignoring max retries; 6 > 3
Apr 21 22:03:15 metasploitable3-ub1404 sshd[2443]: Failed password for invalid user msfadmin from 192.168.56.7 port 54766 ssh2
Apr 21 22:03:15 metasploitable3-ub1404 sshd[2443]: error: maximum authentication attempts exceeded for invalid user msfadmin from 192.168.56.7 port 54766 ssh2 [preauth]
Apr 21 22:03:15 metasploitable3-ub1404 sshd[2443]: Disconnecting: Too many authentication failures for msfadmin [preauth]
Apr 21 22:03:15 metasploitable3-ub1404 sshd[2443]: PAM 5 more authentication failures; logname= uid=0 euid=0 tty=ssh ruser= rhost=192.168.56.7 
Apr 21 22:03:15 metasploitable3-ub1404 sshd[2443]: PAM service(sshd) ignoring max retries; 6 > 3
Apr 21 22:03:15 metasploitable3-ub1404 sshd[2463]: Invalid user msfadmin from 192.168.56.7
Apr 21 22:03:15 metasploitable3-ub1404 sshd[2463]: input_userauth_request: invalid user msfadmin [preauth]
Apr 21 22:03:15 metasploitable3-ub1404 sshd[2463]: pam_unix(sshd:auth): check pass; user unknown
Apr 21 22:03:15 metasploitable3-ub1404 sshd[2463]: pam_unix(sshd:auth): authentication failure; logname= uid=0 euid=0 tty=ssh ruser= rhost=192.168.56.7 
Apr 21 22:03:15 metasploitable3-ub1404 sshd[2467]: Invalid user msfadmin from 192.168.56.7
Apr 21 22:03:15 metasploitable3-ub1404 sshd[2467]: input_userauth_request: invalid user msfadmin [preauth]
Apr 21 22:03:15 metasploitable3-ub1404 sshd[2467]: pam_unix(sshd:auth): check pass; user unknown
Apr 21 22:03:15 metasploitable3-ub1404 sshd[2467]: pam_unix(sshd:auth): authentication failure; logname= uid=0 euid=0 tty=ssh ruser= rhost=192.168.56.7 
Apr 21 22:03:15 metasploitable3-ub1404 sshd[2465]: Invalid user msfadmin from 192.168.56.7
Apr 21 22:03:15 metasploitable3-ub1404 sshd[2465]: input_userauth_request: invalid user msfadmin [preauth]
Apr 21 22:03:15 metasploitable3-ub1404 sshd[2465]: pam_unix(sshd:auth): check pass; user unknown
Apr 21 22:03:15 metasploitable3-ub1404 sshd[2465]: pam_unix(sshd:auth): authentication failure; logname= uid=0 euid=0 tty=ssh ruser= rhost=192.168.56.7 
Apr 21 22:03:15 metasploitable3-ub1404 sshd[2445]: Failed password for invalid user msfadmin from 192.168.56.7 port 54770 ssh2
Apr 21 22:03:15 metasploitable3-ub1404 sshd[2445]: error: maximum authentication attempts exceeded for invalid user msfadmin from 192.168.56.7 port 54770 ssh2 [preauth]
Apr 21 22:03:15 metasploitable3-ub1404 sshd[2445]: Disconnecting: Too many authentication failures for msfadmin [preauth]
Apr 21 22:03:15 metasploitable3-ub1404 sshd[2445]: PAM 5 more authentication failures; logname= uid=0 euid=0 tty=ssh ruser= rhost=192.168.56.7 
Apr 21 22:03:15 metasploitable3-ub1404 sshd[2445]: PAM service(sshd) ignoring max retries; 6 > 3
Apr 21 22:03:16 metasploitable3-ub1404 sshd[2469]: Invalid user msfadmin from 192.168.56.7
Apr 21 22:03:16 metasploitable3-ub1404 sshd[2469]: input_userauth_request: invalid user msfadmin [preauth]
Apr 21 22:03:16 metasploitable3-ub1404 sshd[2469]: pam_unix(sshd:auth): check pass; user unknown
Apr 21 22:03:16 metasploitable3-ub1404 sshd[2469]: pam_unix(sshd:auth): authentication failure; logname= uid=0 euid=0 tty=ssh ruser= rhost=192.168.56.7 
Apr 21 22:03:16 metasploitable3-ub1404 sshd[2448]: Failed password for invalid user msfadmin from 192.168.56.7 port 54786 ssh2
Apr 21 22:03:16 metasploitable3-ub1404 sshd[2448]: error: maximum authentication attempts exceeded for invalid user msfadmin from 192.168.56.7 port 54786 ssh2 [preauth]
Apr 21 22:03:16 metasploitable3-ub1404 sshd[2448]: Disconnecting: Too many authentication failures for msfadmin [preauth]
Apr 21 22:03:16 metasploitable3-ub1404 sshd[2448]: PAM 5 more authentication failures; logname= uid=0 euid=0 tty=ssh ruser= rhost=192.168.56.7 
Apr 21 22:03:16 metasploitable3-ub1404 sshd[2448]: PAM service(sshd) ignoring max retries; 6 > 3
Apr 21 22:03:16 metasploitable3-ub1404 sshd[2447]: Failed password for invalid user msfadmin from 192.168.56.7 port 54778 ssh2
Apr 21 22:03:16 metasploitable3-ub1404 sshd[2447]: error: maximum authentication attempts exceeded for invalid user msfadmin from 192.168.56.7 port 54778 ssh2 [preauth]
Apr 21 22:03:16 metasploitable3-ub1404 sshd[2447]: Disconnecting: Too many authentication failures for msfadmin [preauth]
Apr 21 22:03:16 metasploitable3-ub1404 sshd[2447]: PAM 5 more authentication failures; logname= uid=0 euid=0 tty=ssh ruser= rhost=192.168.56.7 
Apr 21 22:03:16 metasploitable3-ub1404 sshd[2447]: PAM service(sshd) ignoring max retries; 6 > 3
Apr 21 22:03:16 metasploitable3-ub1404 sshd[2471]: Invalid user msfadmin from 192.168.56.7
Apr 21 22:03:16 metasploitable3-ub1404 sshd[2471]: input_userauth_request: invalid user msfadmin [preauth]
Apr 21 22:03:16 metasploitable3-ub1404 sshd[2471]: pam_unix(sshd:auth): check pass; user unknown
Apr 21 22:03:16 metasploitable3-ub1404 sshd[2471]: pam_unix(sshd:auth): authentication failure; logname= uid=0 euid=0 tty=ssh ruser= rhost=192.168.56.7 
Apr 21 22:03:16 metasploitable3-ub1404 sshd[2473]: Invalid user msfadmin from 192.168.56.7
Apr 21 22:03:16 metasploitable3-ub1404 sshd[2473]: input_userauth_request: invalid user msfadmin [preauth]
Apr 21 22:03:16 metasploitable3-ub1404 sshd[2473]: pam_unix(sshd:auth): check pass; user unknown
Apr 21 22:03:16 metasploitable3-ub1404 sshd[2473]: pam_unix(sshd:auth): authentication failure; logname= uid=0 euid=0 tty=ssh ruser= rhost=192.168.56.7 
Apr 21 22:03:16 metasploitable3-ub1404 sshd[2461]: Failed password for invalid user msfadmin from 192.168.56.7 port 60740 ssh2
Apr 21 22:03:16 metasploitable3-ub1404 sshd[2461]: pam_unix(sshd:auth): check pass; user unknown
Apr 21 22:03:16 metasploitable3-ub1404 sshd[2457]: Failed password for invalid user msfadmin from 192.168.56.7 port 54844 ssh2
Apr 21 22:03:16 metasploitable3-ub1404 sshd[2457]: error: maximum authentication attempts exceeded for invalid user msfadmin from 192.168.56.7 port 54844 ssh2 [preauth]
Apr 21 22:03:16 metasploitable3-ub1404 sshd[2457]: Disconnecting: Too many authentication failures for msfadmin [preauth]
Apr 21 22:03:16 metasploitable3-ub1404 sshd[2457]: PAM 5 more authentication failures; logname= uid=0 euid=0 tty=ssh ruser= rhost=192.168.56.7 
Apr 21 22:03:16 metasploitable3-ub1404 sshd[2457]: PAM service(sshd) ignoring max retries; 6 > 3
Apr 21 22:03:17 metasploitable3-ub1404 sshd[2455]: Failed password for invalid user msfadmin from 192.168.56.7 port 54836 ssh2
Apr 21 22:03:17 metasploitable3-ub1404 sshd[2455]: error: maximum authentication attempts exceeded for invalid user msfadmin from 192.168.56.7 port 54836 ssh2 [preauth]
Apr 21 22:03:17 metasploitable3-ub1404 sshd[2455]: Disconnecting: Too many authentication failures for msfadmin [preauth]
Apr 21 22:03:17 metasploitable3-ub1404 sshd[2455]: PAM 5 more authentication failures; logname= uid=0 euid=0 tty=ssh ruser= rhost=192.168.56.7 
Apr 21 22:03:17 metasploitable3-ub1404 sshd[2455]: PAM service(sshd) ignoring max retries; 6 > 3
Apr 21 22:03:17 metasploitable3-ub1404 sshd[2475]: Invalid user msfadmin from 192.168.56.7
Apr 21 22:03:17 metasploitable3-ub1404 sshd[2475]: input_userauth_request: invalid user msfadmin [preauth]
Apr 21 22:03:17 metasploitable3-ub1404 sshd[2475]: pam_unix(sshd:auth): check pass; user unknown
Apr 21 22:03:17 metasploitable3-ub1404 sshd[2475]: pam_unix(sshd:auth): authentication failure; logname= uid=0 euid=0 tty=ssh ruser= rhost=192.168.56.7 
Apr 21 22:03:17 metasploitable3-ub1404 sshd[2451]: Failed password for invalid user msfadmin from 192.168.56.7 port 54798 ssh2
Apr 21 22:03:17 metasploitable3-ub1404 sshd[2451]: error: maximum authentication attempts exceeded for invalid user msfadmin from 192.168.56.7 port 54798 ssh2 [preauth]
Apr 21 22:03:17 metasploitable3-ub1404 sshd[2451]: Disconnecting: Too many authentication failures for msfadmin [preauth]
Apr 21 22:03:17 metasploitable3-ub1404 sshd[2451]: PAM 5 more authentication failures; logname= uid=0 euid=0 tty=ssh ruser= rhost=192.168.56.7 
Apr 21 22:03:17 metasploitable3-ub1404 sshd[2451]: PAM service(sshd) ignoring max retries; 6 > 3
Apr 21 22:03:17 metasploitable3-ub1404 sshd[2479]: Invalid user msfadmin from 192.168.56.7
Apr 21 22:03:17 metasploitable3-ub1404 sshd[2479]: input_userauth_request: invalid user msfadmin [preauth]
Apr 21 22:03:17 metasploitable3-ub1404 sshd[2479]: pam_unix(sshd:auth): check pass; user unknown
Apr 21 22:03:17 metasploitable3-ub1404 sshd[2479]: pam_unix(sshd:auth): authentication failure; logname= uid=0 euid=0 tty=ssh ruser= rhost=192.168.56.7 
Apr 21 22:03:17 metasploitable3-ub1404 sshd[2477]: Invalid user msfadmin from 192.168.56.7
Apr 21 22:03:17 metasploitable3-ub1404 sshd[2477]: input_userauth_request: invalid user msfadmin [preauth]
Apr 21 22:03:17 metasploitable3-ub1404 sshd[2477]: pam_unix(sshd:auth): check pass; user unknown
Apr 21 22:03:17 metasploitable3-ub1404 sshd[2477]: pam_unix(sshd:auth): authentication failure; logname= uid=0 euid=0 tty=ssh ruser= rhost=192.168.56.7 
Apr 21 22:03:17 metasploitable3-ub1404 sshd[2463]: Failed password for invalid user msfadmin from 192.168.56.7 port 60752 ssh2
Apr 21 22:03:17 metasploitable3-ub1404 sshd[2463]: pam_unix(sshd:auth): check pass; user unknown
Apr 21 22:03:17 metasploitable3-ub1404 sshd[2467]: Failed password for invalid user msfadmin from 192.168.56.7 port 60782 ssh2
Apr 21 22:03:17 metasploitable3-ub1404 sshd[2467]: pam_unix(sshd:auth): check pass; user unknown
Apr 21 22:03:17 metasploitable3-ub1404 sshd[2465]: Failed password for invalid user msfadmin from 192.168.56.7 port 60768 ssh2
Apr 21 22:03:17 metasploitable3-ub1404 sshd[2465]: pam_unix(sshd:auth): check pass; user unknown
Apr 21 22:03:17 metasploitable3-ub1404 sshd[2459]: Failed password for invalid user msfadmin from 192.168.56.7 port 60716 ssh2
Apr 21 22:03:17 metasploitable3-ub1404 sshd[2459]: pam_unix(sshd:auth): check pass; user unknown
Apr 21 22:03:17 metasploitable3-ub1404 sshd[2453]: Failed password for invalid user msfadmin from 192.168.56.7 port 54824 ssh2
Apr 21 22:03:17 metasploitable3-ub1404 sshd[2453]: error: maximum authentication attempts exceeded for invalid user msfadmin from 192.168.56.7 port 54824 ssh2 [preauth]
Apr 21 22:03:17 metasploitable3-ub1404 sshd[2453]: Disconnecting: Too many authentication failures for msfadmin [preauth]
Apr 21 22:03:17 metasploitable3-ub1404 sshd[2453]: PAM 5 more authentication failures; logname= uid=0 euid=0 tty=ssh ruser= rhost=192.168.56.7 
Apr 21 22:03:17 metasploitable3-ub1404 sshd[2453]: PAM service(sshd) ignoring max retries; 6 > 3
Apr 21 22:03:18 metasploitable3-ub1404 sshd[2481]: Invalid user msfadmin from 192.168.56.7
Apr 21 22:03:18 metasploitable3-ub1404 sshd[2481]: input_userauth_request: invalid user msfadmin [preauth]
Apr 21 22:03:18 metasploitable3-ub1404 sshd[2481]: pam_unix(sshd:auth): check pass; user unknown
Apr 21 22:03:18 metasploitable3-ub1404 sshd[2481]: pam_unix(sshd:auth): authentication failure; logname= uid=0 euid=0 tty=ssh ruser= rhost=192.168.56.7 
Apr 21 22:03:18 metasploitable3-ub1404 sshd[2469]: Failed password for invalid user msfadmin from 192.168.56.7 port 60798 ssh2
Apr 21 22:03:18 metasploitable3-ub1404 sshd[2469]: pam_unix(sshd:auth): check pass; user unknown
Apr 21 22:03:18 metasploitable3-ub1404 sshd[2471]: Failed password for invalid user msfadmin from 192.168.56.7 port 60800 ssh2
Apr 21 22:03:18 metasploitable3-ub1404 sshd[2471]: pam_unix(sshd:auth): check pass; user unknown
Apr 21 22:03:18 metasploitable3-ub1404 sshd[2473]: Failed password for invalid user msfadmin from 192.168.56.7 port 60816 ssh2
Apr 21 22:03:18 metasploitable3-ub1404 sshd[2473]: pam_unix(sshd:auth): check pass; user unknown
Apr 21 22:03:18 metasploitable3-ub1404 sshd[2461]: Failed password for invalid user msfadmin from 192.168.56.7 port 60740 ssh2
Apr 21 22:03:18 metasploitable3-ub1404 sshd[2461]: pam_unix(sshd:auth): check pass; user unknown
Apr 21 22:03:19 metasploitable3-ub1404 sshd[2475]: Failed password for invalid user msfadmin from 192.168.56.7 port 60838 ssh2
Apr 21 22:03:19 metasploitable3-ub1404 sshd[2475]: pam_unix(sshd:auth): check pass; user unknown
Apr 21 22:03:19 metasploitable3-ub1404 sshd[2479]: Failed password for invalid user msfadmin from 192.168.56.7 port 60862 ssh2
Apr 21 22:03:19 metasploitable3-ub1404 sshd[2479]: pam_unix(sshd:auth): check pass; user unknown
Apr 21 22:03:19 metasploitable3-ub1404 sshd[2477]: Failed password for invalid user msfadmin from 192.168.56.7 port 60850 ssh2
Apr 21 22:03:19 metasploitable3-ub1404 sshd[2477]: pam_unix(sshd:auth): check pass; user unknown
Apr 21 22:03:19 metasploitable3-ub1404 sshd[2463]: Failed password for invalid user msfadmin from 192.168.56.7 port 60752 ssh2
Apr 21 22:03:19 metasploitable3-ub1404 sshd[2463]: pam_unix(sshd:auth): check pass; user unknown
Apr 21 22:03:19 metasploitable3-ub1404 sshd[2467]: Failed password for invalid user msfadmin from 192.168.56.7 port 60782 ssh2
Apr 21 22:03:19 metasploitable3-ub1404 sshd[2467]: pam_unix(sshd:auth): check pass; user unknown
Apr 21 22:03:19 metasploitable3-ub1404 sshd[2465]: Failed password for invalid user msfadmin from 192.168.56.7 port 60768 ssh2
Apr 21 22:03:19 metasploitable3-ub1404 sshd[2465]: pam_unix(sshd:auth): check pass; user unknown
Apr 21 22:03:19 metasploitable3-ub1404 sshd[2459]: Failed password for invalid user msfadmin from 192.168.56.7 port 60716 ssh2
Apr 21 22:03:19 metasploitable3-ub1404 sshd[2459]: pam_unix(sshd:auth): check pass; user unknown
Apr 21 22:03:20 metasploitable3-ub1404 sshd[2481]: Failed password for invalid user msfadmin from 192.168.56.7 port 60870 ssh2
Apr 21 22:03:20 metasploitable3-ub1404 sshd[2481]: pam_unix(sshd:auth): check pass; user unknown
Apr 21 22:03:20 metasploitable3-ub1404 sshd[2469]: Failed password for invalid user msfadmin from 192.168.56.7 port 60798 ssh2
Apr 21 22:03:20 metasploitable3-ub1404 sshd[2469]: pam_unix(sshd:auth): check pass; user unknown
Apr 21 22:03:20 metasploitable3-ub1404 sshd[2471]: Failed password for invalid user msfadmin from 192.168.56.7 port 60800 ssh2
Apr 21 22:03:20 metasploitable3-ub1404 sshd[2471]: pam_unix(sshd:auth): check pass; user unknown
Apr 21 22:03:21 metasploitable3-ub1404 sshd[2473]: Failed password for invalid user msfadmin from 192.168.56.7 port 60816 ssh2
Apr 21 22:03:21 metasploitable3-ub1404 sshd[2473]: pam_unix(sshd:auth): check pass; user unknown
Apr 21 22:03:21 metasploitable3-ub1404 sshd[2461]: Failed password for invalid user msfadmin from 192.168.56.7 port 60740 ssh2
Apr 21 22:03:21 metasploitable3-ub1404 sshd[2461]: pam_unix(sshd:auth): check pass; user unknown
Apr 21 22:03:21 metasploitable3-ub1404 sshd[2475]: Failed password for invalid user msfadmin from 192.168.56.7 port 60838 ssh2
Apr 21 22:03:21 metasploitable3-ub1404 sshd[2475]: pam_unix(sshd:auth): check pass; user unknown
Apr 21 22:03:21 metasploitable3-ub1404 sshd[2479]: Failed password for invalid user msfadmin from 192.168.56.7 port 60862 ssh2
Apr 21 22:03:21 metasploitable3-ub1404 sshd[2479]: pam_unix(sshd:auth): check pass; user unknown
Apr 21 22:03:21 metasploitable3-ub1404 sshd[2477]: Failed password for invalid user msfadmin from 192.168.56.7 port 60850 ssh2
Apr 21 22:03:21 metasploitable3-ub1404 sshd[2477]: pam_unix(sshd:auth): check pass; user unknown
Apr 21 22:03:22 metasploitable3-ub1404 sshd[2463]: Failed password for invalid user msfadmin from 192.168.56.7 port 60752 ssh2
Apr 21 22:03:22 metasploitable3-ub1404 sshd[2463]: pam_unix(sshd:auth): check pass; user unknown
Apr 21 22:03:22 metasploitable3-ub1404 sshd[2467]: Failed password for invalid user msfadmin from 192.168.56.7 port 60782 ssh2
Apr 21 22:03:22 metasploitable3-ub1404 sshd[2467]: pam_unix(sshd:auth): check pass; user unknown
Apr 21 22:03:22 metasploitable3-ub1404 sshd[2465]: Failed password for invalid user msfadmin from 192.168.56.7 port 60768 ssh2
Apr 21 22:03:22 metasploitable3-ub1404 sshd[2465]: pam_unix(sshd:auth): check pass; user unknown
Apr 21 22:03:22 metasploitable3-ub1404 sshd[2459]: Failed password for invalid user msfadmin from 192.168.56.7 port 60716 ssh2
Apr 21 22:03:22 metasploitable3-ub1404 sshd[2459]: pam_unix(sshd:auth): check pass; user unknown
Apr 21 22:03:22 metasploitable3-ub1404 sshd[2473]: Failed password for invalid user msfadmin from 192.168.56.7 port 60816 ssh2
Apr 21 22:03:22 metasploitable3-ub1404 sshd[2473]: pam_unix(sshd:auth): check pass; user unknown
Apr 21 22:03:22 metasploitable3-ub1404 sshd[2461]: Failed password for invalid user msfadmin from 192.168.56.7 port 60740 ssh2
Apr 21 22:03:22 metasploitable3-ub1404 sshd[2461]: pam_unix(sshd:auth): check pass; user unknown
Apr 21 22:03:22 metasploitable3-ub1404 sshd[2481]: Failed password for invalid user msfadmin from 192.168.56.7 port 60870 ssh2
Apr 21 22:03:22 metasploitable3-ub1404 sshd[2481]: pam_unix(sshd:auth): check pass; user unknown
Apr 21 22:03:23 metasploitable3-ub1404 sshd[2469]: Failed password for invalid user msfadmin from 192.168.56.7 port 60798 ssh2
Apr 21 22:03:23 metasploitable3-ub1404 sshd[2469]: pam_unix(sshd:auth): check pass; user unknown
Apr 21 22:03:23 metasploitable3-ub1404 sshd[2471]: Failed password for invalid user msfadmin from 192.168.56.7 port 60800 ssh2
Apr 21 22:03:23 metasploitable3-ub1404 sshd[2471]: pam_unix(sshd:auth): check pass; user unknown
Apr 21 22:03:23 metasploitable3-ub1404 sshd[2475]: Failed password for invalid user msfadmin from 192.168.56.7 port 60838 ssh2
Apr 21 22:03:23 metasploitable3-ub1404 sshd[2475]: pam_unix(sshd:auth): check pass; user unknown
Apr 21 22:03:23 metasploitable3-ub1404 sshd[2479]: Failed password for invalid user msfadmin from 192.168.56.7 port 60862 ssh2
Apr 21 22:03:23 metasploitable3-ub1404 sshd[2479]: pam_unix(sshd:auth): check pass; user unknown
Apr 21 22:03:23 metasploitable3-ub1404 sshd[2477]: Failed password for invalid user msfadmin from 192.168.56.7 port 60850 ssh2
Apr 21 22:03:23 metasploitable3-ub1404 sshd[2477]: pam_unix(sshd:auth): check pass; user unknown
Apr 21 22:03:23 metasploitable3-ub1404 sshd[2463]: Failed password for invalid user msfadmin from 192.168.56.7 port 60752 ssh2
Apr 21 22:03:23 metasploitable3-ub1404 sshd[2467]: Failed password for invalid user msfadmin from 192.168.56.7 port 60782 ssh2
Apr 21 22:03:23 metasploitable3-ub1404 sshd[2463]: pam_unix(sshd:auth): check pass; user unknown
Apr 21 22:03:23 metasploitable3-ub1404 sshd[2467]: pam_unix(sshd:auth): check pass; user unknown
Apr 21 22:03:23 metasploitable3-ub1404 sshd[2465]: Failed password for invalid user msfadmin from 192.168.56.7 port 60768 ssh2
Apr 21 22:03:23 metasploitable3-ub1404 sshd[2465]: pam_unix(sshd:auth): check pass; user unknown
Apr 21 22:03:23 metasploitable3-ub1404 sshd[2459]: Failed password for invalid user msfadmin from 192.168.56.7 port 60716 ssh2
Apr 21 22:03:24 metasploitable3-ub1404 sshd[2459]: pam_unix(sshd:auth): check pass; user unknown
Apr 21 22:03:24 metasploitable3-ub1404 sshd[2473]: Failed password for invalid user msfadmin from 192.168.56.7 port 60816 ssh2
Apr 21 22:03:24 metasploitable3-ub1404 sshd[2473]: pam_unix(sshd:auth): check pass; user unknown
Apr 21 22:03:24 metasploitable3-ub1404 sshd[2461]: Failed password for invalid user msfadmin from 192.168.56.7 port 60740 ssh2
Apr 21 22:03:24 metasploitable3-ub1404 sshd[2461]: pam_unix(sshd:auth): check pass; user unknown
Apr 21 22:03:24 metasploitable3-ub1404 sshd[2481]: Failed password for invalid user msfadmin from 192.168.56.7 port 60870 ssh2
Apr 21 22:03:24 metasploitable3-ub1404 sshd[2481]: pam_unix(sshd:auth): check pass; user unknown
Apr 21 22:03:25 metasploitable3-ub1404 sshd[2469]: Failed password for invalid user msfadmin from 192.168.56.7 port 60798 ssh2
Apr 21 22:03:25 metasploitable3-ub1404 sshd[2469]: pam_unix(sshd:auth): check pass; user unknown
Apr 21 22:03:25 metasploitable3-ub1404 sshd[2471]: Failed password for invalid user msfadmin from 192.168.56.7 port 60800 ssh2
Apr 21 22:03:25 metasploitable3-ub1404 sshd[2471]: pam_unix(sshd:auth): check pass; user unknown
Apr 21 22:03:25 metasploitable3-ub1404 sshd[2475]: Failed password for invalid user msfadmin from 192.168.56.7 port 60838 ssh2
Apr 21 22:03:25 metasploitable3-ub1404 sshd[2475]: pam_unix(sshd:auth): check pass; user unknown
Apr 21 22:03:25 metasploitable3-ub1404 sshd[2479]: Failed password for invalid user msfadmin from 192.168.56.7 port 60862 ssh2
Apr 21 22:03:25 metasploitable3-ub1404 sshd[2479]: pam_unix(sshd:auth): check pass; user unknown
Apr 21 22:03:25 metasploitable3-ub1404 sshd[2477]: Failed password for invalid user msfadmin from 192.168.56.7 port 60850 ssh2
Apr 21 22:03:25 metasploitable3-ub1404 sshd[2477]: pam_unix(sshd:auth): check pass; user unknown
Apr 21 22:03:25 metasploitable3-ub1404 sshd[2463]: Failed password for invalid user msfadmin from 192.168.56.7 port 60752 ssh2
Apr 21 22:03:26 metasploitable3-ub1404 sshd[2467]: Failed password for invalid user msfadmin from 192.168.56.7 port 60782 ssh2
Apr 21 22:03:26 metasploitable3-ub1404 sshd[2463]: pam_unix(sshd:auth): check pass; user unknown
Apr 21 22:03:26 metasploitable3-ub1404 sshd[2465]: Failed password for invalid user msfadmin from 192.168.56.7 port 60768 ssh2
Apr 21 22:03:26 metasploitable3-ub1404 sshd[2465]: pam_unix(sshd:auth): check pass; user unknown
Apr 21 22:03:26 metasploitable3-ub1404 sshd[2467]: pam_unix(sshd:auth): check pass; user unknown
Apr 21 22:03:26 metasploitable3-ub1404 sshd[2459]: Failed password for invalid user msfadmin from 192.168.56.7 port 60716 ssh2
Apr 21 22:03:26 metasploitable3-ub1404 sshd[2459]: pam_unix(sshd:auth): check pass; user unknown
Apr 21 22:03:26 metasploitable3-ub1404 sshd[2473]: Failed password for invalid user msfadmin from 192.168.56.7 port 60816 ssh2
Apr 21 22:03:26 metasploitable3-ub1404 sshd[2473]: pam_unix(sshd:auth): check pass; user unknown
Apr 21 22:03:26 metasploitable3-ub1404 sshd[2461]: Failed password for invalid user msfadmin from 192.168.56.7 port 60740 ssh2
Apr 21 22:03:26 metasploitable3-ub1404 sshd[2461]: error: maximum authentication attempts exceeded for invalid user msfadmin from 192.168.56.7 port 60740 ssh2 [preauth]
Apr 21 22:03:26 metasploitable3-ub1404 sshd[2461]: Disconnecting: Too many authentication failures for msfadmin [preauth]
Apr 21 22:03:26 metasploitable3-ub1404 sshd[2461]: PAM 5 more authentication failures; logname= uid=0 euid=0 tty=ssh ruser= rhost=192.168.56.7 
Apr 21 22:03:26 metasploitable3-ub1404 sshd[2461]: PAM service(sshd) ignoring max retries; 6 > 3
Apr 21 22:03:26 metasploitable3-ub1404 sshd[2481]: Failed password for invalid user msfadmin from 192.168.56.7 port 60870 ssh2
Apr 21 22:03:26 metasploitable3-ub1404 sshd[2481]: pam_unix(sshd:auth): check pass; user unknown
Apr 21 22:03:26 metasploitable3-ub1404 sshd[2483]: Invalid user msfadmin from 192.168.56.7
Apr 21 22:03:26 metasploitable3-ub1404 sshd[2483]: input_userauth_request: invalid user msfadmin [preauth]
Apr 21 22:03:26 metasploitable3-ub1404 sshd[2483]: pam_unix(sshd:auth): check pass; user unknown
Apr 21 22:03:26 metasploitable3-ub1404 sshd[2483]: pam_unix(sshd:auth): authentication failure; logname= uid=0 euid=0 tty=ssh ruser= rhost=192.168.56.7 
Apr 21 22:03:27 metasploitable3-ub1404 sshd[2469]: Failed password for invalid user msfadmin from 192.168.56.7 port 60798 ssh2
Apr 21 22:03:27 metasploitable3-ub1404 sshd[2469]: pam_unix(sshd:auth): check pass; user unknown
Apr 21 22:03:27 metasploitable3-ub1404 sshd[2471]: Failed password for invalid user msfadmin from 192.168.56.7 port 60800 ssh2
Apr 21 22:03:27 metasploitable3-ub1404 sshd[2471]: pam_unix(sshd:auth): check pass; user unknown
Apr 21 22:03:27 metasploitable3-ub1404 sshd[2475]: Failed password for invalid user msfadmin from 192.168.56.7 port 60838 ssh2
Apr 21 22:03:27 metasploitable3-ub1404 sshd[2475]: pam_unix(sshd:auth): check pass; user unknown
Apr 21 22:03:27 metasploitable3-ub1404 sshd[2479]: Failed password for invalid user msfadmin from 192.168.56.7 port 60862 ssh2
Apr 21 22:03:27 metasploitable3-ub1404 sshd[2479]: pam_unix(sshd:auth): check pass; user unknown
Apr 21 22:03:27 metasploitable3-ub1404 sshd[2477]: Failed password for invalid user msfadmin from 192.168.56.7 port 60850 ssh2
Apr 21 22:03:27 metasploitable3-ub1404 sshd[2477]: pam_unix(sshd:auth): check pass; user unknown
Apr 21 22:03:28 metasploitable3-ub1404 sshd[2463]: Failed password for invalid user msfadmin from 192.168.56.7 port 60752 ssh2
Apr 21 22:03:28 metasploitable3-ub1404 sshd[2463]: error: maximum authentication attempts exceeded for invalid user msfadmin from 192.168.56.7 port 60752 ssh2 [preauth]
Apr 21 22:03:28 metasploitable3-ub1404 sshd[2463]: Disconnecting: Too many authentication failures for msfadmin [preauth]
Apr 21 22:03:28 metasploitable3-ub1404 sshd[2463]: PAM 5 more authentication failures; logname= uid=0 euid=0 tty=ssh ruser= rhost=192.168.56.7 
Apr 21 22:03:28 metasploitable3-ub1404 sshd[2463]: PAM service(sshd) ignoring max retries; 6 > 3
Apr 21 22:03:28 metasploitable3-ub1404 sshd[2467]: Failed password for invalid user msfadmin from 192.168.56.7 port 60782 ssh2
Apr 21 22:03:28 metasploitable3-ub1404 sshd[2467]: error: maximum authentication attempts exceeded for invalid user msfadmin from 192.168.56.7 port 60782 ssh2 [preauth]
Apr 21 22:03:28 metasploitable3-ub1404 sshd[2467]: Disconnecting: Too many authentication failures for msfadmin [preauth]
Apr 21 22:03:28 metasploitable3-ub1404 sshd[2467]: PAM 5 more authentication failures; logname= uid=0 euid=0 tty=ssh ruser= rhost=192.168.56.7 
Apr 21 22:03:28 metasploitable3-ub1404 sshd[2467]: PAM service(sshd) ignoring max retries; 6 > 3
Apr 21 22:03:28 metasploitable3-ub1404 sshd[2465]: Failed password for invalid user msfadmin from 192.168.56.7 port 60768 ssh2
Apr 21 22:03:28 metasploitable3-ub1404 sshd[2465]: error: maximum authentication attempts exceeded for invalid user msfadmin from 192.168.56.7 port 60768 ssh2 [preauth]
Apr 21 22:03:28 metasploitable3-ub1404 sshd[2465]: Disconnecting: Too many authentication failures for msfadmin [preauth]
Apr 21 22:03:28 metasploitable3-ub1404 sshd[2465]: PAM 5 more authentication failures; logname= uid=0 euid=0 tty=ssh ruser= rhost=192.168.56.7 
Apr 21 22:03:28 metasploitable3-ub1404 sshd[2465]: PAM service(sshd) ignoring max retries; 6 > 3
Apr 21 22:03:28 metasploitable3-ub1404 sshd[2485]: Invalid user msfadmin from 192.168.56.7
Apr 21 22:03:28 metasploitable3-ub1404 sshd[2485]: input_userauth_request: invalid user msfadmin [preauth]
Apr 21 22:03:28 metasploitable3-ub1404 sshd[2485]: pam_unix(sshd:auth): check pass; user unknown
Apr 21 22:03:28 metasploitable3-ub1404 sshd[2485]: pam_unix(sshd:auth): authentication failure; logname= uid=0 euid=0 tty=ssh ruser= rhost=192.168.56.7 
Apr 21 22:03:29 metasploitable3-ub1404 sshd[2459]: Failed password for invalid user msfadmin from 192.168.56.7 port 60716 ssh2
Apr 21 22:03:29 metasploitable3-ub1404 sshd[2459]: error: maximum authentication attempts exceeded for invalid user msfadmin from 192.168.56.7 port 60716 ssh2 [preauth]
Apr 21 22:03:29 metasploitable3-ub1404 sshd[2459]: Disconnecting: Too many authentication failures for msfadmin [preauth]
Apr 21 22:03:29 metasploitable3-ub1404 sshd[2459]: PAM 5 more authentication failures; logname= uid=0 euid=0 tty=ssh ruser= rhost=192.168.56.7 
Apr 21 22:03:29 metasploitable3-ub1404 sshd[2459]: PAM service(sshd) ignoring max retries; 6 > 3
Apr 21 22:03:29 metasploitable3-ub1404 sshd[2487]: Invalid user msfadmin from 192.168.56.7
Apr 21 22:03:29 metasploitable3-ub1404 sshd[2487]: input_userauth_request: invalid user msfadmin [preauth]
Apr 21 22:03:29 metasploitable3-ub1404 sshd[2487]: pam_unix(sshd:auth): check pass; user unknown
Apr 21 22:03:29 metasploitable3-ub1404 sshd[2487]: pam_unix(sshd:auth): authentication failure; logname= uid=0 euid=0 tty=ssh ruser= rhost=192.168.56.7 
Apr 21 22:03:29 metasploitable3-ub1404 sshd[2489]: Invalid user msfadmin from 192.168.56.7
Apr 21 22:03:29 metasploitable3-ub1404 sshd[2489]: input_userauth_request: invalid user msfadmin [preauth]
Apr 21 22:03:29 metasploitable3-ub1404 sshd[2489]: pam_unix(sshd:auth): check pass; user unknown
Apr 21 22:03:29 metasploitable3-ub1404 sshd[2489]: pam_unix(sshd:auth): authentication failure; logname= uid=0 euid=0 tty=ssh ruser= rhost=192.168.56.7 
Apr 21 22:03:29 metasploitable3-ub1404 sshd[2473]: Failed password for invalid user msfadmin from 192.168.56.7 port 60816 ssh2
Apr 21 22:03:29 metasploitable3-ub1404 sshd[2473]: error: maximum authentication attempts exceeded for invalid user msfadmin from 192.168.56.7 port 60816 ssh2 [preauth]
Apr 21 22:03:29 metasploitable3-ub1404 sshd[2473]: Disconnecting: Too many authentication failures for msfadmin [preauth]
Apr 21 22:03:29 metasploitable3-ub1404 sshd[2473]: PAM 5 more authentication failures; logname= uid=0 euid=0 tty=ssh ruser= rhost=192.168.56.7 
Apr 21 22:03:29 metasploitable3-ub1404 sshd[2473]: PAM service(sshd) ignoring max retries; 6 > 3
Apr 21 22:03:29 metasploitable3-ub1404 sshd[2491]: Invalid user msfadmin from 192.168.56.7
Apr 21 22:03:29 metasploitable3-ub1404 sshd[2491]: input_userauth_request: invalid user msfadmin [preauth]
Apr 21 22:03:29 metasploitable3-ub1404 sshd[2491]: pam_unix(sshd:auth): check pass; user unknown
Apr 21 22:03:29 metasploitable3-ub1404 sshd[2491]: pam_unix(sshd:auth): authentication failure; logname= uid=0 euid=0 tty=ssh ruser= rhost=192.168.56.7 
Apr 21 22:03:29 metasploitable3-ub1404 sshd[2493]: Invalid user msfadmin from 192.168.56.7
Apr 21 22:03:29 metasploitable3-ub1404 sshd[2493]: input_userauth_request: invalid user msfadmin [preauth]
Apr 21 22:03:29 metasploitable3-ub1404 sshd[2493]: pam_unix(sshd:auth): check pass; user unknown
Apr 21 22:03:29 metasploitable3-ub1404 sshd[2493]: pam_unix(sshd:auth): authentication failure; logname= uid=0 euid=0 tty=ssh ruser= rhost=192.168.56.7 
Apr 21 22:03:29 metasploitable3-ub1404 sshd[2481]: Failed password for invalid user msfadmin from 192.168.56.7 port 60870 ssh2
Apr 21 22:03:29 metasploitable3-ub1404 sshd[2481]: pam_unix(sshd:auth): check pass; user unknown
Apr 21 22:03:29 metasploitable3-ub1404 sshd[2483]: Failed password for invalid user msfadmin from 192.168.56.7 port 53530 ssh2
Apr 21 22:03:29 metasploitable3-ub1404 sshd[2483]: pam_unix(sshd:auth): check pass; user unknown
Apr 21 22:03:29 metasploitable3-ub1404 sshd[2469]: Failed password for invalid user msfadmin from 192.168.56.7 port 60798 ssh2
Apr 21 22:03:29 metasploitable3-ub1404 sshd[2469]: error: maximum authentication attempts exceeded for invalid user msfadmin from 192.168.56.7 port 60798 ssh2 [preauth]
Apr 21 22:03:29 metasploitable3-ub1404 sshd[2469]: Disconnecting: Too many authentication failures for msfadmin [preauth]
Apr 21 22:03:29 metasploitable3-ub1404 sshd[2469]: PAM 5 more authentication failures; logname= uid=0 euid=0 tty=ssh ruser= rhost=192.168.56.7 
Apr 21 22:03:29 metasploitable3-ub1404 sshd[2469]: PAM service(sshd) ignoring max retries; 6 > 3
Apr 21 22:03:29 metasploitable3-ub1404 sshd[2471]: Failed password for invalid user msfadmin from 192.168.56.7 port 60800 ssh2
Apr 21 22:03:29 metasploitable3-ub1404 sshd[2471]: error: maximum authentication attempts exceeded for invalid user msfadmin from 192.168.56.7 port 60800 ssh2 [preauth]
Apr 21 22:03:29 metasploitable3-ub1404 sshd[2471]: Disconnecting: Too many authentication failures for msfadmin [preauth]
Apr 21 22:03:29 metasploitable3-ub1404 sshd[2471]: PAM 5 more authentication failures; logname= uid=0 euid=0 tty=ssh ruser= rhost=192.168.56.7 
Apr 21 22:03:29 metasploitable3-ub1404 sshd[2471]: PAM service(sshd) ignoring max retries; 6 > 3
Apr 21 22:03:29 metasploitable3-ub1404 sshd[2495]: Invalid user msfadmin from 192.168.56.7
Apr 21 22:03:29 metasploitable3-ub1404 sshd[2495]: input_userauth_request: invalid user msfadmin [preauth]
Apr 21 22:03:29 metasploitable3-ub1404 sshd[2495]: pam_unix(sshd:auth): check pass; user unknown
Apr 21 22:03:29 metasploitable3-ub1404 sshd[2495]: pam_unix(sshd:auth): authentication failure; logname= uid=0 euid=0 tty=ssh ruser= rhost=192.168.56.7 
Apr 21 22:03:29 metasploitable3-ub1404 sshd[2475]: Failed password for invalid user msfadmin from 192.168.56.7 port 60838 ssh2
Apr 21 22:03:29 metasploitable3-ub1404 sshd[2475]: error: maximum authentication attempts exceeded for invalid user msfadmin from 192.168.56.7 port 60838 ssh2 [preauth]
Apr 21 22:03:29 metasploitable3-ub1404 sshd[2475]: Disconnecting: Too many authentication failures for msfadmin [preauth]
Apr 21 22:03:29 metasploitable3-ub1404 sshd[2475]: PAM 5 more authentication failures; logname= uid=0 euid=0 tty=ssh ruser= rhost=192.168.56.7 
Apr 21 22:03:29 metasploitable3-ub1404 sshd[2475]: PAM service(sshd) ignoring max retries; 6 > 3
Apr 21 22:03:29 metasploitable3-ub1404 sshd[2479]: Failed password for invalid user msfadmin from 192.168.56.7 port 60862 ssh2
Apr 21 22:03:29 metasploitable3-ub1404 sshd[2479]: error: maximum authentication attempts exceeded for invalid user msfadmin from 192.168.56.7 port 60862 ssh2 [preauth]
Apr 21 22:03:29 metasploitable3-ub1404 sshd[2479]: Disconnecting: Too many authentication failures for msfadmin [preauth]
Apr 21 22:03:29 metasploitable3-ub1404 sshd[2479]: PAM 5 more authentication failures; logname= uid=0 euid=0 tty=ssh ruser= rhost=192.168.56.7 
Apr 21 22:03:29 metasploitable3-ub1404 sshd[2479]: PAM service(sshd) ignoring max retries; 6 > 3
Apr 21 22:03:29 metasploitable3-ub1404 sshd[2497]: Invalid user msfadmin from 192.168.56.7
Apr 21 22:03:29 metasploitable3-ub1404 sshd[2497]: input_userauth_request: invalid user msfadmin [preauth]
Apr 21 22:03:29 metasploitable3-ub1404 sshd[2497]: pam_unix(sshd:auth): check pass; user unknown
Apr 21 22:03:29 metasploitable3-ub1404 sshd[2497]: pam_unix(sshd:auth): authentication failure; logname= uid=0 euid=0 tty=ssh ruser= rhost=192.168.56.7 
Apr 21 22:03:29 metasploitable3-ub1404 sshd[2477]: Failed password for invalid user msfadmin from 192.168.56.7 port 60850 ssh2
Apr 21 22:03:29 metasploitable3-ub1404 sshd[2477]: error: maximum authentication attempts exceeded for invalid user msfadmin from 192.168.56.7 port 60850 ssh2 [preauth]
Apr 21 22:03:29 metasploitable3-ub1404 sshd[2477]: Disconnecting: Too many authentication failures for msfadmin [preauth]
Apr 21 22:03:29 metasploitable3-ub1404 sshd[2477]: PAM 5 more authentication failures; logname= uid=0 euid=0 tty=ssh ruser= rhost=192.168.56.7 
Apr 21 22:03:29 metasploitable3-ub1404 sshd[2477]: PAM service(sshd) ignoring max retries; 6 > 3
Apr 21 22:03:30 metasploitable3-ub1404 sshd[2500]: Invalid user msfadmin from 192.168.56.7
Apr 21 22:03:30 metasploitable3-ub1404 sshd[2500]: input_userauth_request: invalid user msfadmin [preauth]
Apr 21 22:03:30 metasploitable3-ub1404 sshd[2500]: pam_unix(sshd:auth): check pass; user unknown
Apr 21 22:03:30 metasploitable3-ub1404 sshd[2500]: pam_unix(sshd:auth): authentication failure; logname= uid=0 euid=0 tty=ssh ruser= rhost=192.168.56.7 
Apr 21 22:03:30 metasploitable3-ub1404 sshd[2499]: Invalid user msfadmin from 192.168.56.7
Apr 21 22:03:30 metasploitable3-ub1404 sshd[2499]: input_userauth_request: invalid user msfadmin [preauth]
Apr 21 22:03:30 metasploitable3-ub1404 sshd[2499]: pam_unix(sshd:auth): check pass; user unknown
Apr 21 22:03:30 metasploitable3-ub1404 sshd[2499]: pam_unix(sshd:auth): authentication failure; logname= uid=0 euid=0 tty=ssh ruser= rhost=192.168.56.7 
Apr 21 22:03:30 metasploitable3-ub1404 sshd[2501]: Invalid user msfadmin from 192.168.56.7
Apr 21 22:03:30 metasploitable3-ub1404 sshd[2501]: input_userauth_request: invalid user msfadmin [preauth]
Apr 21 22:03:30 metasploitable3-ub1404 sshd[2501]: pam_unix(sshd:auth): check pass; user unknown
Apr 21 22:03:30 metasploitable3-ub1404 sshd[2501]: pam_unix(sshd:auth): authentication failure; logname= uid=0 euid=0 tty=ssh ruser= rhost=192.168.56.7 
Apr 21 22:03:30 metasploitable3-ub1404 sshd[2487]: Failed password for invalid user msfadmin from 192.168.56.7 port 53556 ssh2
Apr 21 22:03:30 metasploitable3-ub1404 sshd[2487]: pam_unix(sshd:auth): check pass; user unknown
Apr 21 22:03:31 metasploitable3-ub1404 sshd[2489]: Failed password for invalid user msfadmin from 192.168.56.7 port 53588 ssh2
Apr 21 22:03:31 metasploitable3-ub1404 sshd[2489]: pam_unix(sshd:auth): check pass; user unknown
Apr 21 22:03:31 metasploitable3-ub1404 sshd[2485]: Failed password for invalid user msfadmin from 192.168.56.7 port 53542 ssh2
Apr 21 22:03:31 metasploitable3-ub1404 sshd[2485]: pam_unix(sshd:auth): check pass; user unknown
Apr 21 22:03:31 metasploitable3-ub1404 sshd[2491]: Failed password for invalid user msfadmin from 192.168.56.7 port 53600 ssh2
Apr 21 22:03:31 metasploitable3-ub1404 sshd[2491]: pam_unix(sshd:auth): check pass; user unknown
Apr 21 22:03:31 metasploitable3-ub1404 sshd[2493]: Failed password for invalid user msfadmin from 192.168.56.7 port 53614 ssh2
Apr 21 22:03:31 metasploitable3-ub1404 sshd[2493]: pam_unix(sshd:auth): check pass; user unknown
Apr 21 22:03:31 metasploitable3-ub1404 sshd[2481]: Failed password for invalid user msfadmin from 192.168.56.7 port 60870 ssh2
Apr 21 22:03:31 metasploitable3-ub1404 sshd[2481]: error: maximum authentication attempts exceeded for invalid user msfadmin from 192.168.56.7 port 60870 ssh2 [preauth]
Apr 21 22:03:31 metasploitable3-ub1404 sshd[2481]: Disconnecting: Too many authentication failures for msfadmin [preauth]
Apr 21 22:03:31 metasploitable3-ub1404 sshd[2481]: PAM 5 more authentication failures; logname= uid=0 euid=0 tty=ssh ruser= rhost=192.168.56.7 
Apr 21 22:03:31 metasploitable3-ub1404 sshd[2481]: PAM service(sshd) ignoring max retries; 6 > 3
Apr 21 22:03:31 metasploitable3-ub1404 sshd[2505]: Invalid user msfadmin from 192.168.56.7
Apr 21 22:03:31 metasploitable3-ub1404 sshd[2505]: input_userauth_request: invalid user msfadmin [preauth]
Apr 21 22:03:31 metasploitable3-ub1404 sshd[2505]: pam_unix(sshd:auth): check pass; user unknown
Apr 21 22:03:31 metasploitable3-ub1404 sshd[2505]: pam_unix(sshd:auth): authentication failure; logname= uid=0 euid=0 tty=ssh ruser= rhost=192.168.56.7 
Apr 21 22:03:31 metasploitable3-ub1404 sshd[2483]: Failed password for invalid user msfadmin from 192.168.56.7 port 53530 ssh2
Apr 21 22:03:31 metasploitable3-ub1404 sshd[2483]: pam_unix(sshd:auth): check pass; user unknown
Apr 21 22:03:31 metasploitable3-ub1404 sshd[2495]: Failed password for invalid user msfadmin from 192.168.56.7 port 53628 ssh2
Apr 21 22:03:31 metasploitable3-ub1404 sshd[2495]: pam_unix(sshd:auth): check pass; user unknown
Apr 21 22:03:31 metasploitable3-ub1404 sshd[2497]: Failed password for invalid user msfadmin from 192.168.56.7 port 53662 ssh2
Apr 21 22:03:31 metasploitable3-ub1404 sshd[2497]: pam_unix(sshd:auth): check pass; user unknown
Apr 21 22:03:32 metasploitable3-ub1404 sshd[2500]: Failed password for invalid user msfadmin from 192.168.56.7 port 53688 ssh2
Apr 21 22:03:32 metasploitable3-ub1404 sshd[2500]: pam_unix(sshd:auth): check pass; user unknown
Apr 21 22:03:32 metasploitable3-ub1404 sshd[2499]: Failed password for invalid user msfadmin from 192.168.56.7 port 53686 ssh2
Apr 21 22:03:32 metasploitable3-ub1404 sshd[2499]: pam_unix(sshd:auth): check pass; user unknown
Apr 21 22:03:32 metasploitable3-ub1404 sshd[2501]: Failed password for invalid user msfadmin from 192.168.56.7 port 53696 ssh2
Apr 21 22:03:32 metasploitable3-ub1404 sshd[2501]: pam_unix(sshd:auth): check pass; user unknown
Apr 21 22:03:33 metasploitable3-ub1404 sshd[2487]: Failed password for invalid user msfadmin from 192.168.56.7 port 53556 ssh2
Apr 21 22:03:33 metasploitable3-ub1404 sshd[2487]: pam_unix(sshd:auth): check pass; user unknown
Apr 21 22:03:33 metasploitable3-ub1404 sshd[2489]: Failed password for invalid user msfadmin from 192.168.56.7 port 53588 ssh2
Apr 21 22:03:33 metasploitable3-ub1404 sshd[2489]: pam_unix(sshd:auth): check pass; user unknown
Apr 21 22:03:33 metasploitable3-ub1404 sshd[2485]: Failed password for invalid user msfadmin from 192.168.56.7 port 53542 ssh2
Apr 21 22:03:33 metasploitable3-ub1404 sshd[2485]: pam_unix(sshd:auth): check pass; user unknown
Apr 21 22:03:33 metasploitable3-ub1404 sshd[2491]: Failed password for invalid user msfadmin from 192.168.56.7 port 53600 ssh2
Apr 21 22:03:33 metasploitable3-ub1404 sshd[2491]: pam_unix(sshd:auth): check pass; user unknown
Apr 21 22:03:33 metasploitable3-ub1404 sshd[2493]: Failed password for invalid user msfadmin from 192.168.56.7 port 53614 ssh2
Apr 21 22:03:33 metasploitable3-ub1404 sshd[2493]: pam_unix(sshd:auth): check pass; user unknown
Apr 21 22:03:34 metasploitable3-ub1404 sshd[2505]: Failed password for invalid user msfadmin from 192.168.56.7 port 53704 ssh2
Apr 21 22:03:34 metasploitable3-ub1404 sshd[2505]: pam_unix(sshd:auth): check pass; user unknown
Apr 21 22:03:34 metasploitable3-ub1404 sshd[2483]: Failed password for invalid user msfadmin from 192.168.56.7 port 53530 ssh2
Apr 21 22:03:34 metasploitable3-ub1404 sshd[2483]: pam_unix(sshd:auth): check pass; user unknown
Apr 21 22:03:34 metasploitable3-ub1404 sshd[2495]: Failed password for invalid user msfadmin from 192.168.56.7 port 53628 ssh2
Apr 21 22:03:34 metasploitable3-ub1404 sshd[2495]: pam_unix(sshd:auth): check pass; user unknown
Apr 21 22:03:34 metasploitable3-ub1404 sshd[2497]: Failed password for invalid user msfadmin from 192.168.56.7 port 53662 ssh2
Apr 21 22:03:34 metasploitable3-ub1404 sshd[2497]: pam_unix(sshd:auth): check pass; user unknown
Apr 21 22:03:34 metasploitable3-ub1404 sshd[2500]: Failed password for invalid user msfadmin from 192.168.56.7 port 53688 ssh2
Apr 21 22:03:34 metasploitable3-ub1404 sshd[2500]: pam_unix(sshd:auth): check pass; user unknown
Apr 21 22:03:34 metasploitable3-ub1404 sshd[2499]: Failed password for invalid user msfadmin from 192.168.56.7 port 53686 ssh2
Apr 21 22:03:34 metasploitable3-ub1404 sshd[2499]: pam_unix(sshd:auth): check pass; user unknown
Apr 21 22:03:34 metasploitable3-ub1404 sshd[2501]: Failed password for invalid user msfadmin from 192.168.56.7 port 53696 ssh2
Apr 21 22:03:34 metasploitable3-ub1404 sshd[2501]: pam_unix(sshd:auth): check pass; user unknown
Apr 21 22:03:34 metasploitable3-ub1404 sshd[2487]: Failed password for invalid user msfadmin from 192.168.56.7 port 53556 ssh2
Apr 21 22:03:34 metasploitable3-ub1404 sshd[2487]: pam_unix(sshd:auth): check pass; user unknown
Apr 21 22:03:35 metasploitable3-ub1404 sshd[2489]: Failed password for invalid user msfadmin from 192.168.56.7 port 53588 ssh2
Apr 21 22:03:35 metasploitable3-ub1404 sshd[2489]: pam_unix(sshd:auth): check pass; user unknown
Apr 21 22:03:35 metasploitable3-ub1404 sshd[2485]: Failed password for invalid user msfadmin from 192.168.56.7 port 53542 ssh2
Apr 21 22:03:35 metasploitable3-ub1404 sshd[2485]: pam_unix(sshd:auth): check pass; user unknown
Apr 21 22:03:35 metasploitable3-ub1404 sshd[2491]: Failed password for invalid user msfadmin from 192.168.56.7 port 53600 ssh2
Apr 21 22:03:35 metasploitable3-ub1404 sshd[2491]: pam_unix(sshd:auth): check pass; user unknown
Apr 21 22:03:35 metasploitable3-ub1404 sshd[2493]: Failed password for invalid user msfadmin from 192.168.56.7 port 53614 ssh2
Apr 21 22:03:35 metasploitable3-ub1404 sshd[2493]: pam_unix(sshd:auth): check pass; user unknown
Apr 21 22:03:35 metasploitable3-ub1404 sshd[2505]: Failed password for invalid user msfadmin from 192.168.56.7 port 53704 ssh2
Apr 21 22:03:35 metasploitable3-ub1404 sshd[2505]: pam_unix(sshd:auth): check pass; user unknown
Apr 21 22:03:35 metasploitable3-ub1404 sshd[2483]: Failed password for invalid user msfadmin from 192.168.56.7 port 53530 ssh2
Apr 21 22:03:35 metasploitable3-ub1404 sshd[2483]: pam_unix(sshd:auth): check pass; user unknown
Apr 21 22:03:35 metasploitable3-ub1404 sshd[2495]: Failed password for invalid user msfadmin from 192.168.56.7 port 53628 ssh2
Apr 21 22:03:35 metasploitable3-ub1404 sshd[2495]: pam_unix(sshd:auth): check pass; user unknown
Apr 21 22:03:36 metasploitable3-ub1404 sshd[2497]: Failed password for invalid user msfadmin from 192.168.56.7 port 53662 ssh2
Apr 21 22:03:36 metasploitable3-ub1404 sshd[2497]: pam_unix(sshd:auth): check pass; user unknown
Apr 21 22:03:36 metasploitable3-ub1404 sshd[2500]: Failed password for invalid user msfadmin from 192.168.56.7 port 53688 ssh2
Apr 21 22:03:36 metasploitable3-ub1404 sshd[2500]: pam_unix(sshd:auth): check pass; user unknown
Apr 21 22:03:36 metasploitable3-ub1404 sshd[2499]: Failed password for invalid user msfadmin from 192.168.56.7 port 53686 ssh2
Apr 21 22:03:36 metasploitable3-ub1404 sshd[2499]: pam_unix(sshd:auth): check pass; user unknown
Apr 21 22:03:36 metasploitable3-ub1404 sshd[2501]: Failed password for invalid user msfadmin from 192.168.56.7 port 53696 ssh2
Apr 21 22:03:36 metasploitable3-ub1404 sshd[2501]: pam_unix(sshd:auth): check pass; user unknown
Apr 21 22:03:36 metasploitable3-ub1404 sshd[2487]: Failed password for invalid user msfadmin from 192.168.56.7 port 53556 ssh2
Apr 21 22:03:36 metasploitable3-ub1404 sshd[2487]: pam_unix(sshd:auth): check pass; user unknown
Apr 21 22:03:37 metasploitable3-ub1404 sshd[2489]: Failed password for invalid user msfadmin from 192.168.56.7 port 53588 ssh2
Apr 21 22:03:37 metasploitable3-ub1404 sshd[2489]: pam_unix(sshd:auth): check pass; user unknown
Apr 21 22:03:37 metasploitable3-ub1404 sshd[2485]: Failed password for invalid user msfadmin from 192.168.56.7 port 53542 ssh2
Apr 21 22:03:37 metasploitable3-ub1404 sshd[2485]: pam_unix(sshd:auth): check pass; user unknown
Apr 21 22:03:37 metasploitable3-ub1404 sshd[2491]: Failed password for invalid user msfadmin from 192.168.56.7 port 53600 ssh2
Apr 21 22:03:37 metasploitable3-ub1404 sshd[2491]: pam_unix(sshd:auth): check pass; user unknown
Apr 21 22:03:37 metasploitable3-ub1404 sshd[2493]: Failed password for invalid user msfadmin from 192.168.56.7 port 53614 ssh2
Apr 21 22:03:37 metasploitable3-ub1404 sshd[2493]: pam_unix(sshd:auth): check pass; user unknown
Apr 21 22:03:37 metasploitable3-ub1404 sshd[2505]: Failed password for invalid user msfadmin from 192.168.56.7 port 53704 ssh2
Apr 21 22:03:37 metasploitable3-ub1404 sshd[2505]: pam_unix(sshd:auth): check pass; user unknown
Apr 21 22:03:37 metasploitable3-ub1404 sshd[2483]: Failed password for invalid user msfadmin from 192.168.56.7 port 53530 ssh2
Apr 21 22:03:37 metasploitable3-ub1404 sshd[2483]: pam_unix(sshd:auth): check pass; user unknown
Apr 21 22:03:38 metasploitable3-ub1404 sshd[2495]: Failed password for invalid user msfadmin from 192.168.56.7 port 53628 ssh2
Apr 21 22:03:38 metasploitable3-ub1404 sshd[2495]: pam_unix(sshd:auth): check pass; user unknown
Apr 21 22:03:38 metasploitable3-ub1404 sshd[2497]: Failed password for invalid user msfadmin from 192.168.56.7 port 53662 ssh2
Apr 21 22:03:38 metasploitable3-ub1404 sshd[2497]: pam_unix(sshd:auth): check pass; user unknown
Apr 21 22:03:38 metasploitable3-ub1404 sshd[2500]: Failed password for invalid user msfadmin from 192.168.56.7 port 53688 ssh2
Apr 21 22:03:38 metasploitable3-ub1404 sshd[2499]: Failed password for invalid user msfadmin from 192.168.56.7 port 53686 ssh2
Apr 21 22:03:38 metasploitable3-ub1404 sshd[2501]: Failed password for invalid user msfadmin from 192.168.56.7 port 53696 ssh2
Apr 21 22:03:38 metasploitable3-ub1404 sshd[2500]: pam_unix(sshd:auth): check pass; user unknown
Apr 21 22:03:38 metasploitable3-ub1404 sshd[2487]: Failed password for invalid user msfadmin from 192.168.56.7 port 53556 ssh2
Apr 21 22:03:38 metasploitable3-ub1404 sshd[2501]: pam_unix(sshd:auth): check pass; user unknown
Apr 21 22:03:38 metasploitable3-ub1404 sshd[2499]: pam_unix(sshd:auth): check pass; user unknown
Apr 21 22:03:38 metasploitable3-ub1404 sshd[2487]: pam_unix(sshd:auth): check pass; user unknown
Apr 21 22:03:39 metasploitable3-ub1404 sshd[2489]: Failed password for invalid user msfadmin from 192.168.56.7 port 53588 ssh2
Apr 21 22:03:39 metasploitable3-ub1404 sshd[2489]: pam_unix(sshd:auth): check pass; user unknown
Apr 21 22:03:40 metasploitable3-ub1404 sshd[2485]: Failed password for invalid user msfadmin from 192.168.56.7 port 53542 ssh2
Apr 21 22:03:40 metasploitable3-ub1404 sshd[2485]: pam_unix(sshd:auth): check pass; user unknown
Apr 21 22:03:40 metasploitable3-ub1404 sshd[2491]: Failed password for invalid user msfadmin from 192.168.56.7 port 53600 ssh2
Apr 21 22:03:40 metasploitable3-ub1404 sshd[2491]: pam_unix(sshd:auth): check pass; user unknown
Apr 21 22:03:40 metasploitable3-ub1404 sshd[2493]: Failed password for invalid user msfadmin from 192.168.56.7 port 53614 ssh2
Apr 21 22:03:40 metasploitable3-ub1404 sshd[2493]: pam_unix(sshd:auth): check pass; user unknown
Apr 21 22:03:40 metasploitable3-ub1404 sshd[2505]: Failed password for invalid user msfadmin from 192.168.56.7 port 53704 ssh2
Apr 21 22:03:40 metasploitable3-ub1404 sshd[2505]: pam_unix(sshd:auth): check pass; user unknown
Apr 21 22:03:40 metasploitable3-ub1404 sshd[2483]: Failed password for invalid user msfadmin from 192.168.56.7 port 53530 ssh2
Apr 21 22:03:40 metasploitable3-ub1404 sshd[2483]: error: maximum authentication attempts exceeded for invalid user msfadmin from 192.168.56.7 port 53530 ssh2 [preauth]
Apr 21 22:03:40 metasploitable3-ub1404 sshd[2483]: Disconnecting: Too many authentication failures for msfadmin [preauth]
Apr 21 22:03:40 metasploitable3-ub1404 sshd[2483]: PAM 5 more authentication failures; logname= uid=0 euid=0 tty=ssh ruser= rhost=192.168.56.7 
Apr 21 22:03:40 metasploitable3-ub1404 sshd[2483]: PAM service(sshd) ignoring max retries; 6 > 3
Apr 21 22:03:40 metasploitable3-ub1404 sshd[2507]: Invalid user msfadmin from 192.168.56.7
Apr 21 22:03:40 metasploitable3-ub1404 sshd[2507]: input_userauth_request: invalid user msfadmin [preauth]
Apr 21 22:03:40 metasploitable3-ub1404 sshd[2507]: pam_unix(sshd:auth): check pass; user unknown
Apr 21 22:03:40 metasploitable3-ub1404 sshd[2507]: pam_unix(sshd:auth): authentication failure; logname= uid=0 euid=0 tty=ssh ruser= rhost=192.168.56.7 
Apr 21 22:03:40 metasploitable3-ub1404 sshd[2495]: Failed password for invalid user msfadmin from 192.168.56.7 port 53628 ssh2
Apr 21 22:03:40 metasploitable3-ub1404 sshd[2495]: pam_unix(sshd:auth): check pass; user unknown
Apr 21 22:03:41 metasploitable3-ub1404 sshd[2497]: Failed password for invalid user msfadmin from 192.168.56.7 port 53662 ssh2
Apr 21 22:03:41 metasploitable3-ub1404 sshd[2497]: pam_unix(sshd:auth): check pass; user unknown
Apr 21 22:03:41 metasploitable3-ub1404 sshd[2500]: Failed password for invalid user msfadmin from 192.168.56.7 port 53688 ssh2
Apr 21 22:03:41 metasploitable3-ub1404 sshd[2500]: pam_unix(sshd:auth): check pass; user unknown
Apr 21 22:03:41 metasploitable3-ub1404 sshd[2501]: Failed password for invalid user msfadmin from 192.168.56.7 port 53696 ssh2
Apr 21 22:03:41 metasploitable3-ub1404 sshd[2499]: Failed password for invalid user msfadmin from 192.168.56.7 port 53686 ssh2
Apr 21 22:03:41 metasploitable3-ub1404 sshd[2501]: pam_unix(sshd:auth): check pass; user unknown
Apr 21 22:03:41 metasploitable3-ub1404 sshd[2487]: Failed password for invalid user msfadmin from 192.168.56.7 port 53556 ssh2
Apr 21 22:03:41 metasploitable3-ub1404 sshd[2487]: error: maximum authentication attempts exceeded for invalid user msfadmin from 192.168.56.7 port 53556 ssh2 [preauth]
Apr 21 22:03:41 metasploitable3-ub1404 sshd[2487]: Disconnecting: Too many authentication failures for msfadmin [preauth]
Apr 21 22:03:41 metasploitable3-ub1404 sshd[2487]: PAM 5 more authentication failures; logname= uid=0 euid=0 tty=ssh ruser= rhost=192.168.56.7 
Apr 21 22:03:41 metasploitable3-ub1404 sshd[2487]: PAM service(sshd) ignoring max retries; 6 > 3
Apr 21 22:03:41 metasploitable3-ub1404 sshd[2499]: pam_unix(sshd:auth): check pass; user unknown
Apr 21 22:03:41 metasploitable3-ub1404 sshd[2509]: Invalid user msfadmin from 192.168.56.7
Apr 21 22:03:41 metasploitable3-ub1404 sshd[2509]: input_userauth_request: invalid user msfadmin [preauth]
Apr 21 22:03:41 metasploitable3-ub1404 sshd[2509]: pam_unix(sshd:auth): check pass; user unknown
Apr 21 22:03:41 metasploitable3-ub1404 sshd[2509]: pam_unix(sshd:auth): authentication failure; logname= uid=0 euid=0 tty=ssh ruser= rhost=192.168.56.7 
Apr 21 22:03:41 metasploitable3-ub1404 sshd[2485]: Failed password for invalid user msfadmin from 192.168.56.7 port 53542 ssh2
Apr 21 22:03:41 metasploitable3-ub1404 sshd[2485]: error: maximum authentication attempts exceeded for invalid user msfadmin from 192.168.56.7 port 53542 ssh2 [preauth]
Apr 21 22:03:41 metasploitable3-ub1404 sshd[2485]: Disconnecting: Too many authentication failures for msfadmin [preauth]
Apr 21 22:03:41 metasploitable3-ub1404 sshd[2485]: PAM 5 more authentication failures; logname= uid=0 euid=0 tty=ssh ruser= rhost=192.168.56.7 
Apr 21 22:03:41 metasploitable3-ub1404 sshd[2485]: PAM service(sshd) ignoring max retries; 6 > 3
Apr 21 22:03:41 metasploitable3-ub1404 sshd[2491]: Failed password for invalid user msfadmin from 192.168.56.7 port 53600 ssh2
Apr 21 22:03:41 metasploitable3-ub1404 sshd[2491]: error: maximum authentication attempts exceeded for invalid user msfadmin from 192.168.56.7 port 53600 ssh2 [preauth]
Apr 21 22:03:41 metasploitable3-ub1404 sshd[2491]: Disconnecting: Too many authentication failures for msfadmin [preauth]
Apr 21 22:03:41 metasploitable3-ub1404 sshd[2491]: PAM 5 more authentication failures; logname= uid=0 euid=0 tty=ssh ruser= rhost=192.168.56.7 
Apr 21 22:03:41 metasploitable3-ub1404 sshd[2491]: PAM service(sshd) ignoring max retries; 6 > 3
Apr 21 22:03:41 metasploitable3-ub1404 sshd[2489]: Failed password for invalid user msfadmin from 192.168.56.7 port 53588 ssh2
Apr 21 22:03:41 metasploitable3-ub1404 sshd[2489]: error: maximum authentication attempts exceeded for invalid user msfadmin from 192.168.56.7 port 53588 ssh2 [preauth]
Apr 21 22:03:41 metasploitable3-ub1404 sshd[2489]: Disconnecting: Too many authentication failures for msfadmin [preauth]
Apr 21 22:03:41 metasploitable3-ub1404 sshd[2489]: PAM 5 more authentication failures; logname= uid=0 euid=0 tty=ssh ruser= rhost=192.168.56.7 
Apr 21 22:03:41 metasploitable3-ub1404 sshd[2489]: PAM service(sshd) ignoring max retries; 6 > 3
Apr 21 22:03:41 metasploitable3-ub1404 sshd[2511]: Invalid user msfadmin from 192.168.56.7
Apr 21 22:03:41 metasploitable3-ub1404 sshd[2511]: input_userauth_request: invalid user msfadmin [preauth]
Apr 21 22:03:41 metasploitable3-ub1404 sshd[2511]: pam_unix(sshd:auth): check pass; user unknown
Apr 21 22:03:41 metasploitable3-ub1404 sshd[2511]: pam_unix(sshd:auth): authentication failure; logname= uid=0 euid=0 tty=ssh ruser= rhost=192.168.56.7 
Apr 21 22:03:41 metasploitable3-ub1404 sshd[2513]: Invalid user msfadmin from 192.168.56.7
Apr 21 22:03:41 metasploitable3-ub1404 sshd[2513]: input_userauth_request: invalid user msfadmin [preauth]
Apr 21 22:03:41 metasploitable3-ub1404 sshd[2513]: pam_unix(sshd:auth): check pass; user unknown
Apr 21 22:03:41 metasploitable3-ub1404 sshd[2513]: pam_unix(sshd:auth): authentication failure; logname= uid=0 euid=0 tty=ssh ruser= rhost=192.168.56.7 
Apr 21 22:03:42 metasploitable3-ub1404 sshd[2515]: Invalid user msfadmin from 192.168.56.7
Apr 21 22:03:42 metasploitable3-ub1404 sshd[2515]: input_userauth_request: invalid user msfadmin [preauth]
Apr 21 22:03:42 metasploitable3-ub1404 sshd[2515]: pam_unix(sshd:auth): check pass; user unknown
Apr 21 22:03:42 metasploitable3-ub1404 sshd[2515]: pam_unix(sshd:auth): authentication failure; logname= uid=0 euid=0 tty=ssh ruser= rhost=192.168.56.7 
Apr 21 22:03:42 metasploitable3-ub1404 sshd[2493]: Failed password for invalid user msfadmin from 192.168.56.7 port 53614 ssh2
Apr 21 22:03:42 metasploitable3-ub1404 sshd[2493]: error: maximum authentication attempts exceeded for invalid user msfadmin from 192.168.56.7 port 53614 ssh2 [preauth]
Apr 21 22:03:42 metasploitable3-ub1404 sshd[2493]: Disconnecting: Too many authentication failures for msfadmin [preauth]
Apr 21 22:03:42 metasploitable3-ub1404 sshd[2493]: PAM 5 more authentication failures; logname= uid=0 euid=0 tty=ssh ruser= rhost=192.168.56.7 
Apr 21 22:03:42 metasploitable3-ub1404 sshd[2493]: PAM service(sshd) ignoring max retries; 6 > 3
Apr 21 22:03:42 metasploitable3-ub1404 sshd[2517]: Invalid user msfadmin from 192.168.56.7
Apr 21 22:03:42 metasploitable3-ub1404 sshd[2517]: input_userauth_request: invalid user msfadmin [preauth]
Apr 21 22:03:42 metasploitable3-ub1404 sshd[2517]: pam_unix(sshd:auth): check pass; user unknown
Apr 21 22:03:42 metasploitable3-ub1404 sshd[2517]: pam_unix(sshd:auth): authentication failure; logname= uid=0 euid=0 tty=ssh ruser= rhost=192.168.56.7 
Apr 21 22:03:42 metasploitable3-ub1404 sshd[2505]: Failed password for invalid user msfadmin from 192.168.56.7 port 53704 ssh2
Apr 21 22:03:42 metasploitable3-ub1404 sshd[2505]: pam_unix(sshd:auth): check pass; user unknown
Apr 21 22:03:42 metasploitable3-ub1404 sshd[2507]: Failed password for invalid user msfadmin from 192.168.56.7 port 35362 ssh2
Apr 21 22:03:42 metasploitable3-ub1404 sshd[2507]: pam_unix(sshd:auth): check pass; user unknown
Apr 21 22:03:42 metasploitable3-ub1404 sshd[2495]: Failed password for invalid user msfadmin from 192.168.56.7 port 53628 ssh2
Apr 21 22:03:42 metasploitable3-ub1404 sshd[2495]: error: maximum authentication attempts exceeded for invalid user msfadmin from 192.168.56.7 port 53628 ssh2 [preauth]
Apr 21 22:03:42 metasploitable3-ub1404 sshd[2495]: Disconnecting: Too many authentication failures for msfadmin [preauth]
Apr 21 22:03:42 metasploitable3-ub1404 sshd[2495]: PAM 5 more authentication failures; logname= uid=0 euid=0 tty=ssh ruser= rhost=192.168.56.7 
Apr 21 22:03:42 metasploitable3-ub1404 sshd[2495]: PAM service(sshd) ignoring max retries; 6 > 3
Apr 21 22:03:42 metasploitable3-ub1404 sshd[2519]: Invalid user msfadmin from 192.168.56.7
Apr 21 22:03:42 metasploitable3-ub1404 sshd[2519]: input_userauth_request: invalid user msfadmin [preauth]
Apr 21 22:03:42 metasploitable3-ub1404 sshd[2519]: pam_unix(sshd:auth): check pass; user unknown
Apr 21 22:03:42 metasploitable3-ub1404 sshd[2519]: pam_unix(sshd:auth): authentication failure; logname= uid=0 euid=0 tty=ssh ruser= rhost=192.168.56.7 
Apr 21 22:03:43 metasploitable3-ub1404 sshd[2497]: Failed password for invalid user msfadmin from 192.168.56.7 port 53662 ssh2
Apr 21 22:03:43 metasploitable3-ub1404 sshd[2497]: error: maximum authentication attempts exceeded for invalid user msfadmin from 192.168.56.7 port 53662 ssh2 [preauth]
Apr 21 22:03:43 metasploitable3-ub1404 sshd[2497]: Disconnecting: Too many authentication failures for msfadmin [preauth]
Apr 21 22:03:43 metasploitable3-ub1404 sshd[2497]: PAM 5 more authentication failures; logname= uid=0 euid=0 tty=ssh ruser= rhost=192.168.56.7 
Apr 21 22:03:43 metasploitable3-ub1404 sshd[2497]: PAM service(sshd) ignoring max retries; 6 > 3
Apr 21 22:03:43 metasploitable3-ub1404 sshd[2521]: Invalid user msfadmin from 192.168.56.7
Apr 21 22:03:43 metasploitable3-ub1404 sshd[2521]: input_userauth_request: invalid user msfadmin [preauth]
Apr 21 22:03:43 metasploitable3-ub1404 sshd[2521]: pam_unix(sshd:auth): check pass; user unknown
Apr 21 22:03:43 metasploitable3-ub1404 sshd[2521]: pam_unix(sshd:auth): authentication failure; logname= uid=0 euid=0 tty=ssh ruser= rhost=192.168.56.7 
Apr 21 22:03:43 metasploitable3-ub1404 sshd[2500]: Failed password for invalid user msfadmin from 192.168.56.7 port 53688 ssh2
Apr 21 22:03:43 metasploitable3-ub1404 sshd[2500]: error: maximum authentication attempts exceeded for invalid user msfadmin from 192.168.56.7 port 53688 ssh2 [preauth]
Apr 21 22:03:43 metasploitable3-ub1404 sshd[2500]: Disconnecting: Too many authentication failures for msfadmin [preauth]
Apr 21 22:03:43 metasploitable3-ub1404 sshd[2500]: PAM 5 more authentication failures; logname= uid=0 euid=0 tty=ssh ruser= rhost=192.168.56.7 
Apr 21 22:03:43 metasploitable3-ub1404 sshd[2500]: PAM service(sshd) ignoring max retries; 6 > 3
Apr 21 22:03:43 metasploitable3-ub1404 sshd[2501]: Failed password for invalid user msfadmin from 192.168.56.7 port 53696 ssh2
Apr 21 22:03:43 metasploitable3-ub1404 sshd[2501]: error: maximum authentication attempts exceeded for invalid user msfadmin from 192.168.56.7 port 53696 ssh2 [preauth]
Apr 21 22:03:43 metasploitable3-ub1404 sshd[2501]: Disconnecting: Too many authentication failures for msfadmin [preauth]
Apr 21 22:03:43 metasploitable3-ub1404 sshd[2501]: PAM 5 more authentication failures; logname= uid=0 euid=0 tty=ssh ruser= rhost=192.168.56.7 
Apr 21 22:03:43 metasploitable3-ub1404 sshd[2501]: PAM service(sshd) ignoring max retries; 6 > 3
Apr 21 22:03:43 metasploitable3-ub1404 sshd[2499]: Failed password for invalid user msfadmin from 192.168.56.7 port 53686 ssh2
Apr 21 22:03:43 metasploitable3-ub1404 sshd[2499]: error: maximum authentication attempts exceeded for invalid user msfadmin from 192.168.56.7 port 53686 ssh2 [preauth]
Apr 21 22:03:43 metasploitable3-ub1404 sshd[2499]: Disconnecting: Too many authentication failures for msfadmin [preauth]
Apr 21 22:03:43 metasploitable3-ub1404 sshd[2499]: PAM 5 more authentication failures; logname= uid=0 euid=0 tty=ssh ruser= rhost=192.168.56.7 
Apr 21 22:03:43 metasploitable3-ub1404 sshd[2499]: PAM service(sshd) ignoring max retries; 6 > 3
Apr 21 22:03:43 metasploitable3-ub1404 sshd[2524]: Invalid user msfadmin from 192.168.56.7
Apr 21 22:03:43 metasploitable3-ub1404 sshd[2524]: input_userauth_request: invalid user msfadmin [preauth]
Apr 21 22:03:43 metasploitable3-ub1404 sshd[2524]: pam_unix(sshd:auth): check pass; user unknown
Apr 21 22:03:43 metasploitable3-ub1404 sshd[2524]: pam_unix(sshd:auth): authentication failure; logname= uid=0 euid=0 tty=ssh ruser= rhost=192.168.56.7 
Apr 21 22:03:43 metasploitable3-ub1404 sshd[2509]: Failed password for invalid user msfadmin from 192.168.56.7 port 35372 ssh2
Apr 21 22:03:43 metasploitable3-ub1404 sshd[2509]: pam_unix(sshd:auth): check pass; user unknown
Apr 21 22:03:43 metasploitable3-ub1404 sshd[2523]: Invalid user msfadmin from 192.168.56.7
Apr 21 22:03:43 metasploitable3-ub1404 sshd[2523]: input_userauth_request: invalid user msfadmin [preauth]
Apr 21 22:03:43 metasploitable3-ub1404 sshd[2523]: pam_unix(sshd:auth): check pass; user unknown
Apr 21 22:03:43 metasploitable3-ub1404 sshd[2523]: pam_unix(sshd:auth): authentication failure; logname= uid=0 euid=0 tty=ssh ruser= rhost=192.168.56.7 
Apr 21 22:03:43 metasploitable3-ub1404 sshd[2527]: Invalid user msfadmin from 192.168.56.7
Apr 21 22:03:43 metasploitable3-ub1404 sshd[2527]: input_userauth_request: invalid user msfadmin [preauth]
Apr 21 22:03:43 metasploitable3-ub1404 sshd[2527]: pam_unix(sshd:auth): check pass; user unknown
Apr 21 22:03:43 metasploitable3-ub1404 sshd[2527]: pam_unix(sshd:auth): authentication failure; logname= uid=0 euid=0 tty=ssh ruser= rhost=192.168.56.7 
Apr 21 22:03:43 metasploitable3-ub1404 sshd[2511]: Failed password for invalid user msfadmin from 192.168.56.7 port 35388 ssh2
Apr 21 22:03:43 metasploitable3-ub1404 sshd[2511]: pam_unix(sshd:auth): check pass; user unknown
Apr 21 22:03:43 metasploitable3-ub1404 sshd[2513]: Failed password for invalid user msfadmin from 192.168.56.7 port 35396 ssh2
Apr 21 22:03:43 metasploitable3-ub1404 sshd[2513]: pam_unix(sshd:auth): check pass; user unknown
Apr 21 22:03:44 metasploitable3-ub1404 sshd[2515]: Failed password for invalid user msfadmin from 192.168.56.7 port 35410 ssh2
Apr 21 22:03:44 metasploitable3-ub1404 sshd[2515]: pam_unix(sshd:auth): check pass; user unknown
Apr 21 22:03:44 metasploitable3-ub1404 sshd[2517]: Failed password for invalid user msfadmin from 192.168.56.7 port 56622 ssh2
Apr 21 22:03:44 metasploitable3-ub1404 sshd[2517]: pam_unix(sshd:auth): check pass; user unknown
Apr 21 22:03:44 metasploitable3-ub1404 sshd[2505]: Failed password for invalid user msfadmin from 192.168.56.7 port 53704 ssh2
Apr 21 22:03:44 metasploitable3-ub1404 sshd[2505]: error: maximum authentication attempts exceeded for invalid user msfadmin from 192.168.56.7 port 53704 ssh2 [preauth]
Apr 21 22:03:44 metasploitable3-ub1404 sshd[2505]: Disconnecting: Too many authentication failures for msfadmin [preauth]
Apr 21 22:03:44 metasploitable3-ub1404 sshd[2505]: PAM 5 more authentication failures; logname= uid=0 euid=0 tty=ssh ruser= rhost=192.168.56.7 
Apr 21 22:03:44 metasploitable3-ub1404 sshd[2505]: PAM service(sshd) ignoring max retries; 6 > 3
Apr 21 22:03:44 metasploitable3-ub1404 sshd[2507]: Failed password for invalid user msfadmin from 192.168.56.7 port 35362 ssh2
Apr 21 22:03:44 metasploitable3-ub1404 sshd[2507]: pam_unix(sshd:auth): check pass; user unknown
Apr 21 22:03:45 metasploitable3-ub1404 sshd[2519]: Failed password for invalid user msfadmin from 192.168.56.7 port 56626 ssh2
Apr 21 22:03:45 metasploitable3-ub1404 sshd[2519]: pam_unix(sshd:auth): check pass; user unknown
Apr 21 22:03:45 metasploitable3-ub1404 sshd[2529]: Invalid user msfadmin from 192.168.56.7
Apr 21 22:03:45 metasploitable3-ub1404 sshd[2529]: input_userauth_request: invalid user msfadmin [preauth]
Apr 21 22:03:45 metasploitable3-ub1404 sshd[2529]: pam_unix(sshd:auth): check pass; user unknown
Apr 21 22:03:45 metasploitable3-ub1404 sshd[2529]: pam_unix(sshd:auth): authentication failure; logname= uid=0 euid=0 tty=ssh ruser= rhost=192.168.56.7 
Apr 21 22:03:45 metasploitable3-ub1404 sshd[2521]: Failed password for invalid user msfadmin from 192.168.56.7 port 56642 ssh2
Apr 21 22:03:45 metasploitable3-ub1404 sshd[2521]: pam_unix(sshd:auth): check pass; user unknown
Apr 21 22:03:45 metasploitable3-ub1404 sshd[2524]: Failed password for invalid user msfadmin from 192.168.56.7 port 56654 ssh2
Apr 21 22:03:45 metasploitable3-ub1404 sshd[2524]: pam_unix(sshd:auth): check pass; user unknown
Apr 21 22:03:45 metasploitable3-ub1404 sshd[2509]: Failed password for invalid user msfadmin from 192.168.56.7 port 35372 ssh2
Apr 21 22:03:45 metasploitable3-ub1404 sshd[2509]: pam_unix(sshd:auth): check pass; user unknown
Apr 21 22:03:45 metasploitable3-ub1404 sshd[2523]: Failed password for invalid user msfadmin from 192.168.56.7 port 56644 ssh2
Apr 21 22:03:45 metasploitable3-ub1404 sshd[2523]: pam_unix(sshd:auth): check pass; user unknown
Apr 21 22:03:45 metasploitable3-ub1404 sshd[2527]: Failed password for invalid user msfadmin from 192.168.56.7 port 56664 ssh2
Apr 21 22:03:45 metasploitable3-ub1404 sshd[2527]: pam_unix(sshd:auth): check pass; user unknown
Apr 21 22:03:46 metasploitable3-ub1404 sshd[2511]: Failed password for invalid user msfadmin from 192.168.56.7 port 35388 ssh2
Apr 21 22:03:46 metasploitable3-ub1404 sshd[2511]: pam_unix(sshd:auth): check pass; user unknown
Apr 21 22:03:46 metasploitable3-ub1404 sshd[2513]: Failed password for invalid user msfadmin from 192.168.56.7 port 35396 ssh2
Apr 21 22:03:46 metasploitable3-ub1404 sshd[2513]: pam_unix(sshd:auth): check pass; user unknown
Apr 21 22:03:46 metasploitable3-ub1404 sshd[2515]: Failed password for invalid user msfadmin from 192.168.56.7 port 35410 ssh2
Apr 21 22:03:46 metasploitable3-ub1404 sshd[2515]: pam_unix(sshd:auth): check pass; user unknown
Apr 21 22:03:46 metasploitable3-ub1404 sshd[2517]: Failed password for invalid user msfadmin from 192.168.56.7 port 56622 ssh2
Apr 21 22:03:46 metasploitable3-ub1404 sshd[2517]: pam_unix(sshd:auth): check pass; user unknown
Apr 21 22:03:47 metasploitable3-ub1404 sshd[2507]: Failed password for invalid user msfadmin from 192.168.56.7 port 35362 ssh2
Apr 21 22:03:47 metasploitable3-ub1404 sshd[2507]: pam_unix(sshd:auth): check pass; user unknown
Apr 21 22:03:47 metasploitable3-ub1404 sshd[2519]: Failed password for invalid user msfadmin from 192.168.56.7 port 56626 ssh2
Apr 21 22:03:47 metasploitable3-ub1404 sshd[2519]: pam_unix(sshd:auth): check pass; user unknown
Apr 21 22:03:47 metasploitable3-ub1404 sshd[2529]: Failed password for invalid user msfadmin from 192.168.56.7 port 56690 ssh2
Apr 21 22:03:47 metasploitable3-ub1404 sshd[2529]: pam_unix(sshd:auth): check pass; user unknown
Apr 21 22:03:47 metasploitable3-ub1404 sshd[2521]: Failed password for invalid user msfadmin from 192.168.56.7 port 56642 ssh2
Apr 21 22:03:47 metasploitable3-ub1404 sshd[2521]: pam_unix(sshd:auth): check pass; user unknown
Apr 21 22:03:48 metasploitable3-ub1404 sshd[2524]: Failed password for invalid user msfadmin from 192.168.56.7 port 56654 ssh2
Apr 21 22:03:48 metasploitable3-ub1404 sshd[2524]: pam_unix(sshd:auth): check pass; user unknown
Apr 21 22:03:48 metasploitable3-ub1404 sshd[2509]: Failed password for invalid user msfadmin from 192.168.56.7 port 35372 ssh2
Apr 21 22:03:48 metasploitable3-ub1404 sshd[2509]: pam_unix(sshd:auth): check pass; user unknown
Apr 21 22:03:48 metasploitable3-ub1404 sshd[2511]: Failed password for invalid user msfadmin from 192.168.56.7 port 35388 ssh2
Apr 21 22:03:48 metasploitable3-ub1404 sshd[2523]: Failed password for invalid user msfadmin from 192.168.56.7 port 56644 ssh2
Apr 21 22:03:48 metasploitable3-ub1404 sshd[2511]: pam_unix(sshd:auth): check pass; user unknown
Apr 21 22:03:48 metasploitable3-ub1404 sshd[2523]: pam_unix(sshd:auth): check pass; user unknown
Apr 21 22:03:48 metasploitable3-ub1404 sshd[2513]: Failed password for invalid user msfadmin from 192.168.56.7 port 35396 ssh2
Apr 21 22:03:48 metasploitable3-ub1404 sshd[2527]: Failed password for invalid user msfadmin from 192.168.56.7 port 56664 ssh2
Apr 21 22:03:48 metasploitable3-ub1404 sshd[2513]: pam_unix(sshd:auth): check pass; user unknown
Apr 21 22:03:48 metasploitable3-ub1404 sshd[2527]: pam_unix(sshd:auth): check pass; user unknown
Apr 21 22:03:48 metasploitable3-ub1404 sshd[2515]: Failed password for invalid user msfadmin from 192.168.56.7 port 35410 ssh2
Apr 21 22:03:48 metasploitable3-ub1404 sshd[2515]: pam_unix(sshd:auth): check pass; user unknown
Apr 21 22:03:48 metasploitable3-ub1404 sshd[2517]: Failed password for invalid user msfadmin from 192.168.56.7 port 56622 ssh2
Apr 21 22:03:48 metasploitable3-ub1404 sshd[2517]: pam_unix(sshd:auth): check pass; user unknown
Apr 21 22:03:49 metasploitable3-ub1404 sshd[2507]: Failed password for invalid user msfadmin from 192.168.56.7 port 35362 ssh2
Apr 21 22:03:49 metasploitable3-ub1404 sshd[2507]: pam_unix(sshd:auth): check pass; user unknown
Apr 21 22:03:49 metasploitable3-ub1404 sshd[2519]: Failed password for invalid user msfadmin from 192.168.56.7 port 56626 ssh2
Apr 21 22:03:49 metasploitable3-ub1404 sshd[2519]: pam_unix(sshd:auth): check pass; user unknown
Apr 21 22:03:49 metasploitable3-ub1404 sshd[2529]: Failed password for invalid user msfadmin from 192.168.56.7 port 56690 ssh2
Apr 21 22:03:49 metasploitable3-ub1404 sshd[2529]: pam_unix(sshd:auth): check pass; user unknown
Apr 21 22:03:49 metasploitable3-ub1404 sshd[2521]: Failed password for invalid user msfadmin from 192.168.56.7 port 56642 ssh2
Apr 21 22:03:49 metasploitable3-ub1404 sshd[2521]: pam_unix(sshd:auth): check pass; user unknown
Apr 21 22:03:50 metasploitable3-ub1404 sshd[2524]: Failed password for invalid user msfadmin from 192.168.56.7 port 56654 ssh2
Apr 21 22:03:50 metasploitable3-ub1404 sshd[2524]: pam_unix(sshd:auth): check pass; user unknown
Apr 21 22:03:50 metasploitable3-ub1404 sshd[2509]: Failed password for invalid user msfadmin from 192.168.56.7 port 35372 ssh2
Apr 21 22:03:50 metasploitable3-ub1404 sshd[2509]: pam_unix(sshd:auth): check pass; user unknown
Apr 21 22:03:50 metasploitable3-ub1404 sshd[2511]: Failed password for invalid user msfadmin from 192.168.56.7 port 35388 ssh2
Apr 21 22:03:50 metasploitable3-ub1404 sshd[2511]: pam_unix(sshd:auth): check pass; user unknown
Apr 21 22:03:50 metasploitable3-ub1404 sshd[2523]: Failed password for invalid user msfadmin from 192.168.56.7 port 56644 ssh2
Apr 21 22:03:50 metasploitable3-ub1404 sshd[2523]: pam_unix(sshd:auth): check pass; user unknown
Apr 21 22:03:50 metasploitable3-ub1404 sshd[2513]: Failed password for invalid user msfadmin from 192.168.56.7 port 35396 ssh2
Apr 21 22:03:50 metasploitable3-ub1404 sshd[2527]: Failed password for invalid user msfadmin from 192.168.56.7 port 56664 ssh2
Apr 21 22:03:50 metasploitable3-ub1404 sshd[2527]: pam_unix(sshd:auth): check pass; user unknown
Apr 21 22:03:50 metasploitable3-ub1404 sshd[2513]: pam_unix(sshd:auth): check pass; user unknown
Apr 21 22:03:50 metasploitable3-ub1404 sshd[2515]: Failed password for invalid user msfadmin from 192.168.56.7 port 35410 ssh2
Apr 21 22:03:50 metasploitable3-ub1404 sshd[2515]: pam_unix(sshd:auth): check pass; user unknown
Apr 21 22:03:51 metasploitable3-ub1404 sshd[2517]: Failed password for invalid user msfadmin from 192.168.56.7 port 56622 ssh2
Apr 21 22:03:51 metasploitable3-ub1404 sshd[2517]: pam_unix(sshd:auth): check pass; user unknown
Apr 21 22:03:51 metasploitable3-ub1404 sshd[2507]: Failed password for invalid user msfadmin from 192.168.56.7 port 35362 ssh2
Apr 21 22:03:51 metasploitable3-ub1404 sshd[2507]: pam_unix(sshd:auth): check pass; user unknown
Apr 21 22:03:51 metasploitable3-ub1404 sshd[2519]: Failed password for invalid user msfadmin from 192.168.56.7 port 56626 ssh2
Apr 21 22:03:51 metasploitable3-ub1404 sshd[2519]: pam_unix(sshd:auth): check pass; user unknown
Apr 21 22:03:51 metasploitable3-ub1404 sshd[2529]: Failed password for invalid user msfadmin from 192.168.56.7 port 56690 ssh2
Apr 21 22:03:51 metasploitable3-ub1404 sshd[2529]: pam_unix(sshd:auth): check pass; user unknown
Apr 21 22:03:52 metasploitable3-ub1404 sshd[2521]: Failed password for invalid user msfadmin from 192.168.56.7 port 56642 ssh2
Apr 21 22:03:52 metasploitable3-ub1404 sshd[2521]: pam_unix(sshd:auth): check pass; user unknown
Apr 21 22:03:53 metasploitable3-ub1404 sshd[2524]: Failed password for invalid user msfadmin from 192.168.56.7 port 56654 ssh2
Apr 21 22:03:53 metasploitable3-ub1404 sshd[2517]: Failed password for invalid user msfadmin from 192.168.56.7 port 56622 ssh2
Apr 21 22:03:53 metasploitable3-ub1404 sshd[2524]: pam_unix(sshd:auth): check pass; user unknown
Apr 21 22:03:53 metasploitable3-ub1404 sshd[2509]: Failed password for invalid user msfadmin from 192.168.56.7 port 35372 ssh2
Apr 21 22:03:53 metasploitable3-ub1404 sshd[2517]: pam_unix(sshd:auth): check pass; user unknown
Apr 21 22:03:53 metasploitable3-ub1404 sshd[2511]: Failed password for invalid user msfadmin from 192.168.56.7 port 35388 ssh2
Apr 21 22:03:53 metasploitable3-ub1404 sshd[2509]: pam_unix(sshd:auth): check pass; user unknown
Apr 21 22:03:53 metasploitable3-ub1404 sshd[2523]: Failed password for invalid user msfadmin from 192.168.56.7 port 56644 ssh2
Apr 21 22:03:53 metasploitable3-ub1404 sshd[2511]: pam_unix(sshd:auth): check pass; user unknown
Apr 21 22:03:53 metasploitable3-ub1404 sshd[2513]: Failed password for invalid user msfadmin from 192.168.56.7 port 35396 ssh2
Apr 21 22:03:53 metasploitable3-ub1404 sshd[2527]: Failed password for invalid user msfadmin from 192.168.56.7 port 56664 ssh2
Apr 21 22:03:53 metasploitable3-ub1404 sshd[2523]: pam_unix(sshd:auth): check pass; user unknown
Apr 21 22:03:53 metasploitable3-ub1404 sshd[2513]: pam_unix(sshd:auth): check pass; user unknown
Apr 21 22:03:53 metasploitable3-ub1404 sshd[2527]: pam_unix(sshd:auth): check pass; user unknown
Apr 21 22:03:53 metasploitable3-ub1404 sshd[2507]: Failed password for invalid user msfadmin from 192.168.56.7 port 35362 ssh2
Apr 21 22:03:53 metasploitable3-ub1404 sshd[2507]: error: maximum authentication attempts exceeded for invalid user msfadmin from 192.168.56.7 port 35362 ssh2 [preauth]
Apr 21 22:03:53 metasploitable3-ub1404 sshd[2507]: Disconnecting: Too many authentication failures for msfadmin [preauth]
Apr 21 22:03:53 metasploitable3-ub1404 sshd[2507]: PAM 5 more authentication failures; logname= uid=0 euid=0 tty=ssh ruser= rhost=192.168.56.7 
Apr 21 22:03:53 metasploitable3-ub1404 sshd[2507]: PAM service(sshd) ignoring max retries; 6 > 3
Apr 21 22:03:53 metasploitable3-ub1404 sshd[2515]: Failed password for invalid user msfadmin from 192.168.56.7 port 35410 ssh2
Apr 21 22:03:53 metasploitable3-ub1404 sshd[2515]: pam_unix(sshd:auth): check pass; user unknown
Apr 21 22:03:53 metasploitable3-ub1404 sshd[2519]: Failed password for invalid user msfadmin from 192.168.56.7 port 56626 ssh2
Apr 21 22:03:53 metasploitable3-ub1404 sshd[2519]: pam_unix(sshd:auth): check pass; user unknown
Apr 21 22:03:53 metasploitable3-ub1404 sshd[2529]: Failed password for invalid user msfadmin from 192.168.56.7 port 56690 ssh2
Apr 21 22:03:53 metasploitable3-ub1404 sshd[2529]: pam_unix(sshd:auth): check pass; user unknown
Apr 21 22:03:53 metasploitable3-ub1404 sshd[2521]: Failed password for invalid user msfadmin from 192.168.56.7 port 56642 ssh2
Apr 21 22:03:53 metasploitable3-ub1404 sshd[2521]: pam_unix(sshd:auth): check pass; user unknown
Apr 21 22:03:54 metasploitable3-ub1404 sshd[2531]: Invalid user msfadmin from 192.168.56.7
Apr 21 22:03:54 metasploitable3-ub1404 sshd[2531]: input_userauth_request: invalid user msfadmin [preauth]
Apr 21 22:03:54 metasploitable3-ub1404 sshd[2531]: pam_unix(sshd:auth): check pass; user unknown
Apr 21 22:03:54 metasploitable3-ub1404 sshd[2531]: pam_unix(sshd:auth): authentication failure; logname= uid=0 euid=0 tty=ssh ruser= rhost=192.168.56.7 
Apr 21 22:03:55 metasploitable3-ub1404 sshd[2524]: Failed password for invalid user msfadmin from 192.168.56.7 port 56654 ssh2
Apr 21 22:03:55 metasploitable3-ub1404 sshd[2517]: Failed password for invalid user msfadmin from 192.168.56.7 port 56622 ssh2
Apr 21 22:03:55 metasploitable3-ub1404 sshd[2517]: error: maximum authentication attempts exceeded for invalid user msfadmin from 192.168.56.7 port 56622 ssh2 [preauth]
Apr 21 22:03:55 metasploitable3-ub1404 sshd[2517]: Disconnecting: Too many authentication failures for msfadmin [preauth]
Apr 21 22:03:55 metasploitable3-ub1404 sshd[2517]: PAM 5 more authentication failures; logname= uid=0 euid=0 tty=ssh ruser= rhost=192.168.56.7 
Apr 21 22:03:55 metasploitable3-ub1404 sshd[2517]: PAM service(sshd) ignoring max retries; 6 > 3
Apr 21 22:03:55 metasploitable3-ub1404 sshd[2524]: pam_unix(sshd:auth): check pass; user unknown
Apr 21 22:03:55 metasploitable3-ub1404 sshd[2509]: Failed password for invalid user msfadmin from 192.168.56.7 port 35372 ssh2
Apr 21 22:03:55 metasploitable3-ub1404 sshd[2509]: error: maximum authentication attempts exceeded for invalid user msfadmin from 192.168.56.7 port 35372 ssh2 [preauth]
Apr 21 22:03:55 metasploitable3-ub1404 sshd[2509]: Disconnecting: Too many authentication failures for msfadmin [preauth]
Apr 21 22:03:55 metasploitable3-ub1404 sshd[2509]: PAM 5 more authentication failures; logname= uid=0 euid=0 tty=ssh ruser= rhost=192.168.56.7 
Apr 21 22:03:55 metasploitable3-ub1404 sshd[2509]: PAM service(sshd) ignoring max retries; 6 > 3
Apr 21 22:03:55 metasploitable3-ub1404 sshd[2511]: Failed password for invalid user msfadmin from 192.168.56.7 port 35388 ssh2
Apr 21 22:03:55 metasploitable3-ub1404 sshd[2511]: error: maximum authentication attempts exceeded for invalid user msfadmin from 192.168.56.7 port 35388 ssh2 [preauth]
Apr 21 22:03:55 metasploitable3-ub1404 sshd[2511]: Disconnecting: Too many authentication failures for msfadmin [preauth]
Apr 21 22:03:55 metasploitable3-ub1404 sshd[2511]: PAM 5 more authentication failures; logname= uid=0 euid=0 tty=ssh ruser= rhost=192.168.56.7 
Apr 21 22:03:55 metasploitable3-ub1404 sshd[2511]: PAM service(sshd) ignoring max retries; 6 > 3
Apr 21 22:03:55 metasploitable3-ub1404 sshd[2523]: Failed password for invalid user msfadmin from 192.168.56.7 port 56644 ssh2
Apr 21 22:03:55 metasploitable3-ub1404 sshd[2523]: pam_unix(sshd:auth): check pass; user unknown
Apr 21 22:03:55 metasploitable3-ub1404 sshd[2533]: Invalid user msfadmin from 192.168.56.7
Apr 21 22:03:55 metasploitable3-ub1404 sshd[2533]: input_userauth_request: invalid user msfadmin [preauth]
Apr 21 22:03:55 metasploitable3-ub1404 sshd[2533]: pam_unix(sshd:auth): check pass; user unknown
Apr 21 22:03:55 metasploitable3-ub1404 sshd[2533]: pam_unix(sshd:auth): authentication failure; logname= uid=0 euid=0 tty=ssh ruser= rhost=192.168.56.7 
Apr 21 22:03:55 metasploitable3-ub1404 sshd[2535]: Invalid user msfadmin from 192.168.56.7
Apr 21 22:03:55 metasploitable3-ub1404 sshd[2535]: input_userauth_request: invalid user msfadmin [preauth]
Apr 21 22:03:55 metasploitable3-ub1404 sshd[2535]: pam_unix(sshd:auth): check pass; user unknown
Apr 21 22:03:55 metasploitable3-ub1404 sshd[2535]: pam_unix(sshd:auth): authentication failure; logname= uid=0 euid=0 tty=ssh ruser= rhost=192.168.56.7 
Apr 21 22:03:55 metasploitable3-ub1404 sshd[2536]: Invalid user msfadmin from 192.168.56.7
Apr 21 22:03:55 metasploitable3-ub1404 sshd[2536]: input_userauth_request: invalid user msfadmin [preauth]
Apr 21 22:03:55 metasploitable3-ub1404 sshd[2536]: pam_unix(sshd:auth): check pass; user unknown
Apr 21 22:03:55 metasploitable3-ub1404 sshd[2536]: pam_unix(sshd:auth): authentication failure; logname= uid=0 euid=0 tty=ssh ruser= rhost=192.168.56.7 
Apr 21 22:03:55 metasploitable3-ub1404 sshd[2527]: Failed password for invalid user msfadmin from 192.168.56.7 port 56664 ssh2
Apr 21 22:03:55 metasploitable3-ub1404 sshd[2513]: Failed password for invalid user msfadmin from 192.168.56.7 port 35396 ssh2
Apr 21 22:03:55 metasploitable3-ub1404 sshd[2513]: error: maximum authentication attempts exceeded for invalid user msfadmin from 192.168.56.7 port 35396 ssh2 [preauth]
Apr 21 22:03:55 metasploitable3-ub1404 sshd[2513]: Disconnecting: Too many authentication failures for msfadmin [preauth]
Apr 21 22:03:55 metasploitable3-ub1404 sshd[2513]: PAM 5 more authentication failures; logname= uid=0 euid=0 tty=ssh ruser= rhost=192.168.56.7 
Apr 21 22:03:55 metasploitable3-ub1404 sshd[2513]: PAM service(sshd) ignoring max retries; 6 > 3
Apr 21 22:03:55 metasploitable3-ub1404 sshd[2527]: pam_unix(sshd:auth): check pass; user unknown
Apr 21 22:03:55 metasploitable3-ub1404 sshd[2539]: Invalid user msfadmin from 192.168.56.7
Apr 21 22:03:55 metasploitable3-ub1404 sshd[2539]: input_userauth_request: invalid user msfadmin [preauth]
Apr 21 22:03:55 metasploitable3-ub1404 sshd[2539]: pam_unix(sshd:auth): check pass; user unknown
Apr 21 22:03:55 metasploitable3-ub1404 sshd[2539]: pam_unix(sshd:auth): authentication failure; logname= uid=0 euid=0 tty=ssh ruser= rhost=192.168.56.7 
Apr 21 22:03:56 metasploitable3-ub1404 sshd[2515]: Failed password for invalid user msfadmin from 192.168.56.7 port 35410 ssh2
Apr 21 22:03:56 metasploitable3-ub1404 sshd[2515]: error: maximum authentication attempts exceeded for invalid user msfadmin from 192.168.56.7 port 35410 ssh2 [preauth]
Apr 21 22:03:56 metasploitable3-ub1404 sshd[2515]: Disconnecting: Too many authentication failures for msfadmin [preauth]
Apr 21 22:03:56 metasploitable3-ub1404 sshd[2515]: PAM 5 more authentication failures; logname= uid=0 euid=0 tty=ssh ruser= rhost=192.168.56.7 
Apr 21 22:03:56 metasploitable3-ub1404 sshd[2515]: PAM service(sshd) ignoring max retries; 6 > 3
Apr 21 22:03:56 metasploitable3-ub1404 sshd[2519]: Failed password for invalid user msfadmin from 192.168.56.7 port 56626 ssh2
Apr 21 22:03:56 metasploitable3-ub1404 sshd[2519]: error: maximum authentication attempts exceeded for invalid user msfadmin from 192.168.56.7 port 56626 ssh2 [preauth]
Apr 21 22:03:56 metasploitable3-ub1404 sshd[2519]: Disconnecting: Too many authentication failures for msfadmin [preauth]
Apr 21 22:03:56 metasploitable3-ub1404 sshd[2519]: PAM 5 more authentication failures; logname= uid=0 euid=0 tty=ssh ruser= rhost=192.168.56.7 
Apr 21 22:03:56 metasploitable3-ub1404 sshd[2519]: PAM service(sshd) ignoring max retries; 6 > 3
Apr 21 22:03:56 metasploitable3-ub1404 sshd[2541]: Invalid user msfadmin from 192.168.56.7
Apr 21 22:03:56 metasploitable3-ub1404 sshd[2541]: input_userauth_request: invalid user msfadmin [preauth]
Apr 21 22:03:56 metasploitable3-ub1404 sshd[2529]: Failed password for invalid user msfadmin from 192.168.56.7 port 56690 ssh2
Apr 21 22:03:56 metasploitable3-ub1404 sshd[2529]: pam_unix(sshd:auth): check pass; user unknown
Apr 21 22:03:56 metasploitable3-ub1404 sshd[2541]: pam_unix(sshd:auth): check pass; user unknown
Apr 21 22:03:56 metasploitable3-ub1404 sshd[2541]: pam_unix(sshd:auth): authentication failure; logname= uid=0 euid=0 tty=ssh ruser= rhost=192.168.56.7 
Apr 21 22:03:56 metasploitable3-ub1404 sshd[2521]: Failed password for invalid user msfadmin from 192.168.56.7 port 56642 ssh2
Apr 21 22:03:56 metasploitable3-ub1404 sshd[2521]: error: maximum authentication attempts exceeded for invalid user msfadmin from 192.168.56.7 port 56642 ssh2 [preauth]
Apr 21 22:03:56 metasploitable3-ub1404 sshd[2521]: Disconnecting: Too many authentication failures for msfadmin [preauth]
Apr 21 22:03:56 metasploitable3-ub1404 sshd[2521]: PAM 5 more authentication failures; logname= uid=0 euid=0 tty=ssh ruser= rhost=192.168.56.7 
Apr 21 22:03:56 metasploitable3-ub1404 sshd[2521]: PAM service(sshd) ignoring max retries; 6 > 3
Apr 21 22:03:56 metasploitable3-ub1404 sshd[2543]: Invalid user msfadmin from 192.168.56.7
Apr 21 22:03:56 metasploitable3-ub1404 sshd[2543]: input_userauth_request: invalid user msfadmin [preauth]
Apr 21 22:03:56 metasploitable3-ub1404 sshd[2543]: pam_unix(sshd:auth): check pass; user unknown
Apr 21 22:03:56 metasploitable3-ub1404 sshd[2543]: pam_unix(sshd:auth): authentication failure; logname= uid=0 euid=0 tty=ssh ruser= rhost=192.168.56.7 
Apr 21 22:03:56 metasploitable3-ub1404 sshd[2545]: Invalid user msfadmin from 192.168.56.7
Apr 21 22:03:56 metasploitable3-ub1404 sshd[2545]: input_userauth_request: invalid user msfadmin [preauth]
Apr 21 22:03:56 metasploitable3-ub1404 sshd[2545]: pam_unix(sshd:auth): check pass; user unknown
Apr 21 22:03:56 metasploitable3-ub1404 sshd[2545]: pam_unix(sshd:auth): authentication failure; logname= uid=0 euid=0 tty=ssh ruser= rhost=192.168.56.7 
Apr 21 22:03:56 metasploitable3-ub1404 sshd[2531]: Failed password for invalid user msfadmin from 192.168.56.7 port 32930 ssh2
Apr 21 22:03:56 metasploitable3-ub1404 sshd[2531]: pam_unix(sshd:auth): check pass; user unknown
Apr 21 22:03:57 metasploitable3-ub1404 sshd[2524]: Failed password for invalid user msfadmin from 192.168.56.7 port 56654 ssh2
Apr 21 22:03:57 metasploitable3-ub1404 sshd[2524]: error: maximum authentication attempts exceeded for invalid user msfadmin from 192.168.56.7 port 56654 ssh2 [preauth]
Apr 21 22:03:57 metasploitable3-ub1404 sshd[2524]: Disconnecting: Too many authentication failures for msfadmin [preauth]
Apr 21 22:03:57 metasploitable3-ub1404 sshd[2524]: PAM 5 more authentication failures; logname= uid=0 euid=0 tty=ssh ruser= rhost=192.168.56.7 
Apr 21 22:03:57 metasploitable3-ub1404 sshd[2524]: PAM service(sshd) ignoring max retries; 6 > 3
Apr 21 22:03:57 metasploitable3-ub1404 sshd[2523]: Failed password for invalid user msfadmin from 192.168.56.7 port 56644 ssh2
Apr 21 22:03:57 metasploitable3-ub1404 sshd[2523]: error: maximum authentication attempts exceeded for invalid user msfadmin from 192.168.56.7 port 56644 ssh2 [preauth]
Apr 21 22:03:57 metasploitable3-ub1404 sshd[2523]: Disconnecting: Too many authentication failures for msfadmin [preauth]
Apr 21 22:03:57 metasploitable3-ub1404 sshd[2523]: PAM 5 more authentication failures; logname= uid=0 euid=0 tty=ssh ruser= rhost=192.168.56.7 
Apr 21 22:03:57 metasploitable3-ub1404 sshd[2523]: PAM service(sshd) ignoring max retries; 6 > 3
Apr 21 22:03:57 metasploitable3-ub1404 sshd[2533]: Failed password for invalid user msfadmin from 192.168.56.7 port 32932 ssh2
Apr 21 22:03:57 metasploitable3-ub1404 sshd[2533]: pam_unix(sshd:auth): check pass; user unknown
Apr 21 22:03:57 metasploitable3-ub1404 sshd[2535]: Failed password for invalid user msfadmin from 192.168.56.7 port 32938 ssh2
Apr 21 22:03:57 metasploitable3-ub1404 sshd[2535]: pam_unix(sshd:auth): check pass; user unknown
Apr 21 22:03:57 metasploitable3-ub1404 sshd[2536]: Failed password for invalid user msfadmin from 192.168.56.7 port 32950 ssh2
Apr 21 22:03:57 metasploitable3-ub1404 sshd[2536]: pam_unix(sshd:auth): check pass; user unknown
Apr 21 22:03:57 metasploitable3-ub1404 sshd[2527]: Failed password for invalid user msfadmin from 192.168.56.7 port 56664 ssh2
Apr 21 22:03:57 metasploitable3-ub1404 sshd[2527]: error: maximum authentication attempts exceeded for invalid user msfadmin from 192.168.56.7 port 56664 ssh2 [preauth]
Apr 21 22:03:57 metasploitable3-ub1404 sshd[2527]: Disconnecting: Too many authentication failures for msfadmin [preauth]
Apr 21 22:03:57 metasploitable3-ub1404 sshd[2527]: PAM 5 more authentication failures; logname= uid=0 euid=0 tty=ssh ruser= rhost=192.168.56.7 
Apr 21 22:03:57 metasploitable3-ub1404 sshd[2527]: PAM service(sshd) ignoring max retries; 6 > 3
Apr 21 22:03:57 metasploitable3-ub1404 sshd[2550]: Invalid user msfadmin from 192.168.56.7
Apr 21 22:03:57 metasploitable3-ub1404 sshd[2550]: input_userauth_request: invalid user msfadmin [preauth]
Apr 21 22:03:57 metasploitable3-ub1404 sshd[2550]: pam_unix(sshd:auth): check pass; user unknown
Apr 21 22:03:57 metasploitable3-ub1404 sshd[2550]: pam_unix(sshd:auth): authentication failure; logname= uid=0 euid=0 tty=ssh ruser= rhost=192.168.56.7 
Apr 21 22:03:57 metasploitable3-ub1404 sshd[2548]: Invalid user msfadmin from 192.168.56.7
Apr 21 22:03:57 metasploitable3-ub1404 sshd[2548]: input_userauth_request: invalid user msfadmin [preauth]
Apr 21 22:03:57 metasploitable3-ub1404 sshd[2548]: pam_unix(sshd:auth): check pass; user unknown
Apr 21 22:03:57 metasploitable3-ub1404 sshd[2548]: pam_unix(sshd:auth): authentication failure; logname= uid=0 euid=0 tty=ssh ruser= rhost=192.168.56.7 
Apr 21 22:03:57 metasploitable3-ub1404 sshd[2552]: Invalid user msfadmin from 192.168.56.7
Apr 21 22:03:57 metasploitable3-ub1404 sshd[2552]: input_userauth_request: invalid user msfadmin [preauth]
Apr 21 22:03:57 metasploitable3-ub1404 sshd[2539]: Failed password for invalid user msfadmin from 192.168.56.7 port 32956 ssh2
Apr 21 22:03:57 metasploitable3-ub1404 sshd[2552]: pam_unix(sshd:auth): check pass; user unknown
Apr 21 22:03:57 metasploitable3-ub1404 sshd[2552]: pam_unix(sshd:auth): authentication failure; logname= uid=0 euid=0 tty=ssh ruser= rhost=192.168.56.7 
Apr 21 22:03:57 metasploitable3-ub1404 sshd[2539]: pam_unix(sshd:auth): check pass; user unknown
Apr 21 22:03:58 metasploitable3-ub1404 sshd[2541]: Failed password for invalid user msfadmin from 192.168.56.7 port 32968 ssh2
Apr 21 22:03:58 metasploitable3-ub1404 sshd[2541]: Connection closed by 192.168.56.7 [preauth]
Apr 21 22:03:58 metasploitable3-ub1404 sshd[2529]: Failed password for invalid user msfadmin from 192.168.56.7 port 56690 ssh2
Apr 21 22:03:58 metasploitable3-ub1404 sshd[2529]: error: maximum authentication attempts exceeded for invalid user msfadmin from 192.168.56.7 port 56690 ssh2 [preauth]
Apr 21 22:03:58 metasploitable3-ub1404 sshd[2529]: Disconnecting: Too many authentication failures for msfadmin [preauth]
Apr 21 22:03:58 metasploitable3-ub1404 sshd[2529]: PAM 5 more authentication failures; logname= uid=0 euid=0 tty=ssh ruser= rhost=192.168.56.7 
Apr 21 22:03:58 metasploitable3-ub1404 sshd[2529]: PAM service(sshd) ignoring max retries; 6 > 3
Apr 21 22:03:58 metasploitable3-ub1404 sshd[2543]: Failed password for invalid user msfadmin from 192.168.56.7 port 32994 ssh2
Apr 21 22:03:58 metasploitable3-ub1404 sshd[2543]: Connection closed by 192.168.56.7 [preauth]
Apr 21 22:03:58 metasploitable3-ub1404 sshd[2545]: Failed password for invalid user msfadmin from 192.168.56.7 port 33004 ssh2
Apr 21 22:03:58 metasploitable3-ub1404 sshd[2545]: Connection closed by 192.168.56.7 [preauth]
Apr 21 22:03:59 metasploitable3-ub1404 sshd[2531]: Failed password for invalid user msfadmin from 192.168.56.7 port 32930 ssh2
Apr 21 22:03:59 metasploitable3-ub1404 sshd[2531]: Connection closed by 192.168.56.7 [preauth]
Apr 21 22:03:59 metasploitable3-ub1404 sshd[2531]: PAM 1 more authentication failure; logname= uid=0 euid=0 tty=ssh ruser= rhost=192.168.56.7 
Apr 21 22:03:59 metasploitable3-ub1404 sshd[2533]: Failed password for invalid user msfadmin from 192.168.56.7 port 32932 ssh2
Apr 21 22:03:59 metasploitable3-ub1404 sshd[2533]: Connection closed by 192.168.56.7 [preauth]
Apr 21 22:03:59 metasploitable3-ub1404 sshd[2533]: PAM 1 more authentication failure; logname= uid=0 euid=0 tty=ssh ruser= rhost=192.168.56.7 
Apr 21 22:03:59 metasploitable3-ub1404 sshd[2535]: Failed password for invalid user msfadmin from 192.168.56.7 port 32938 ssh2
Apr 21 22:03:59 metasploitable3-ub1404 sshd[2535]: Connection closed by 192.168.56.7 [preauth]
Apr 21 22:03:59 metasploitable3-ub1404 sshd[2535]: PAM 1 more authentication failure; logname= uid=0 euid=0 tty=ssh ruser= rhost=192.168.56.7 
Apr 21 22:03:59 metasploitable3-ub1404 sshd[2536]: Failed password for invalid user msfadmin from 192.168.56.7 port 32950 ssh2
Apr 21 22:03:59 metasploitable3-ub1404 sshd[2536]: Connection closed by 192.168.56.7 [preauth]
Apr 21 22:03:59 metasploitable3-ub1404 sshd[2536]: PAM 1 more authentication failure; logname= uid=0 euid=0 tty=ssh ruser= rhost=192.168.56.7 
Apr 21 22:03:59 metasploitable3-ub1404 sshd[2550]: Failed password for invalid user msfadmin from 192.168.56.7 port 33016 ssh2
Apr 21 22:03:59 metasploitable3-ub1404 sshd[2550]: Connection closed by 192.168.56.7 [preauth]
Apr 21 22:03:59 metasploitable3-ub1404 sshd[2548]: Failed password for invalid user msfadmin from 192.168.56.7 port 33014 ssh2
Apr 21 22:03:59 metasploitable3-ub1404 sshd[2548]: Connection closed by 192.168.56.7 [preauth]
Apr 21 22:03:59 metasploitable3-ub1404 sshd[2552]: Failed password for invalid user msfadmin from 192.168.56.7 port 33032 ssh2
Apr 21 22:03:59 metasploitable3-ub1404 sshd[2552]: Connection closed by 192.168.56.7 [preauth]
Apr 21 22:03:59 metasploitable3-ub1404 sshd[2539]: Failed password for invalid user msfadmin from 192.168.56.7 port 32956 ssh2
Apr 21 22:03:59 metasploitable3-ub1404 sshd[2539]: Connection closed by 192.168.56.7 [preauth]
Apr 21 22:03:59 metasploitable3-ub1404 sshd[2539]: PAM 1 more authentication failure; logname= uid=0 euid=0 tty=ssh ruser= rhost=192.168.56.7 
Apr 21 22:05:09 metasploitable3-ub1404 sshd[2555]: Invalid user msfadmin from 192.168.56.7
Apr 21 22:05:09 metasploitable3-ub1404 sshd[2555]: input_userauth_request: invalid user msfadmin [preauth]
Apr 21 22:05:09 metasploitable3-ub1404 sshd[2555]: Received disconnect from 192.168.56.7: 11: Bye Bye [preauth]
Apr 21 22:05:10 metasploitable3-ub1404 sshd[2558]: Invalid user msfadmin from 192.168.56.7
Apr 21 22:05:10 metasploitable3-ub1404 sshd[2558]: input_userauth_request: invalid user msfadmin [preauth]
Apr 21 22:05:10 metasploitable3-ub1404 sshd[2558]: pam_unix(sshd:auth): check pass; user unknown
Apr 21 22:05:10 metasploitable3-ub1404 sshd[2558]: pam_unix(sshd:auth): authentication failure; logname= uid=0 euid=0 tty=ssh ruser= rhost=192.168.56.7 
Apr 21 22:05:10 metasploitable3-ub1404 sshd[2560]: Invalid user msfadmin from 192.168.56.7
Apr 21 22:05:10 metasploitable3-ub1404 sshd[2560]: input_userauth_request: invalid user msfadmin [preauth]
Apr 21 22:05:10 metasploitable3-ub1404 sshd[2559]: Invalid user msfadmin from 192.168.56.7
Apr 21 22:05:10 metasploitable3-ub1404 sshd[2559]: input_userauth_request: invalid user msfadmin [preauth]
Apr 21 22:05:10 metasploitable3-ub1404 sshd[2559]: pam_unix(sshd:auth): check pass; user unknown
Apr 21 22:05:10 metasploitable3-ub1404 sshd[2560]: pam_unix(sshd:auth): check pass; user unknown
Apr 21 22:05:10 metasploitable3-ub1404 sshd[2559]: pam_unix(sshd:auth): authentication failure; logname= uid=0 euid=0 tty=ssh ruser= rhost=192.168.56.7 
Apr 21 22:05:10 metasploitable3-ub1404 sshd[2560]: pam_unix(sshd:auth): authentication failure; logname= uid=0 euid=0 tty=ssh ruser= rhost=192.168.56.7 
Apr 21 22:05:10 metasploitable3-ub1404 sshd[2557]: Invalid user msfadmin from 192.168.56.7
Apr 21 22:05:10 metasploitable3-ub1404 sshd[2557]: input_userauth_request: invalid user msfadmin [preauth]
Apr 21 22:05:10 metasploitable3-ub1404 sshd[2557]: pam_unix(sshd:auth): check pass; user unknown
Apr 21 22:05:10 metasploitable3-ub1404 sshd[2557]: pam_unix(sshd:auth): authentication failure; logname= uid=0 euid=0 tty=ssh ruser= rhost=192.168.56.7 
Apr 21 22:05:12 metasploitable3-ub1404 sshd[2558]: Failed password for invalid user msfadmin from 192.168.56.7 port 45654 ssh2
Apr 21 22:05:12 metasploitable3-ub1404 sshd[2558]: Connection closed by 192.168.56.7 [preauth]
Apr 21 22:05:12 metasploitable3-ub1404 sshd[2560]: Failed password for invalid user msfadmin from 192.168.56.7 port 45674 ssh2
Apr 21 22:05:12 metasploitable3-ub1404 sshd[2559]: Failed password for invalid user msfadmin from 192.168.56.7 port 45670 ssh2
Apr 21 22:05:12 metasploitable3-ub1404 sshd[2560]: Connection closed by 192.168.56.7 [preauth]
Apr 21 22:05:12 metasploitable3-ub1404 sshd[2559]: Connection closed by 192.168.56.7 [preauth]
Apr 21 22:05:12 metasploitable3-ub1404 sshd[2557]: Failed password for invalid user msfadmin from 192.168.56.7 port 45650 ssh2
Apr 21 22:05:12 metasploitable3-ub1404 sshd[2557]: Connection closed by 192.168.56.7 [preauth]
Apr 21 22:06:23 metasploitable3-ub1404 sshd[2565]: Invalid user msfadmin from 192.168.56.7
Apr 21 22:06:23 metasploitable3-ub1404 sshd[2565]: input_userauth_request: invalid user msfadmin [preauth]
Apr 21 22:06:23 metasploitable3-ub1404 sshd[2565]: Received disconnect from 192.168.56.7: 11: Bye Bye [preauth]
Apr 21 22:06:23 metasploitable3-ub1404 sshd[2567]: Invalid user msfadmin from 192.168.56.7
Apr 21 22:06:23 metasploitable3-ub1404 sshd[2567]: input_userauth_request: invalid user msfadmin [preauth]
Apr 21 22:06:23 metasploitable3-ub1404 sshd[2567]: pam_unix(sshd:auth): check pass; user unknown
Apr 21 22:06:23 metasploitable3-ub1404 sshd[2567]: pam_unix(sshd:auth): authentication failure; logname= uid=0 euid=0 tty=ssh ruser= rhost=192.168.56.7 
Apr 21 22:06:23 metasploitable3-ub1404 sshd[2568]: Invalid user msfadmin from 192.168.56.7
Apr 21 22:06:23 metasploitable3-ub1404 sshd[2568]: input_userauth_request: invalid user msfadmin [preauth]
Apr 21 22:06:23 metasploitable3-ub1404 sshd[2568]: pam_unix(sshd:auth): check pass; user unknown
Apr 21 22:06:23 metasploitable3-ub1404 sshd[2568]: pam_unix(sshd:auth): authentication failure; logname= uid=0 euid=0 tty=ssh ruser= rhost=192.168.56.7 
Apr 21 22:06:23 metasploitable3-ub1404 sshd[2569]: Invalid user msfadmin from 192.168.56.7
Apr 21 22:06:23 metasploitable3-ub1404 sshd[2569]: input_userauth_request: invalid user msfadmin [preauth]
Apr 21 22:06:23 metasploitable3-ub1404 sshd[2569]: pam_unix(sshd:auth): check pass; user unknown
Apr 21 22:06:23 metasploitable3-ub1404 sshd[2569]: pam_unix(sshd:auth): authentication failure; logname= uid=0 euid=0 tty=ssh ruser= rhost=192.168.56.7 
Apr 21 22:06:23 metasploitable3-ub1404 sshd[2570]: Invalid user msfadmin from 192.168.56.7
Apr 21 22:06:23 metasploitable3-ub1404 sshd[2570]: input_userauth_request: invalid user msfadmin [preauth]
Apr 21 22:06:23 metasploitable3-ub1404 sshd[2570]: pam_unix(sshd:auth): check pass; user unknown
Apr 21 22:06:23 metasploitable3-ub1404 sshd[2570]: pam_unix(sshd:auth): authentication failure; logname= uid=0 euid=0 tty=ssh ruser= rhost=192.168.56.7 
Apr 21 22:06:25 metasploitable3-ub1404 sshd[2567]: Failed password for invalid user msfadmin from 192.168.56.7 port 49506 ssh2
Apr 21 22:06:25 metasploitable3-ub1404 sshd[2567]: Connection closed by 192.168.56.7 [preauth]
Apr 21 22:06:25 metasploitable3-ub1404 sshd[2568]: Failed password for invalid user msfadmin from 192.168.56.7 port 49504 ssh2
Apr 21 22:06:25 metasploitable3-ub1404 sshd[2568]: Connection closed by 192.168.56.7 [preauth]
Apr 21 22:06:25 metasploitable3-ub1404 sshd[2569]: Failed password for invalid user msfadmin from 192.168.56.7 port 49514 ssh2
Apr 21 22:06:25 metasploitable3-ub1404 sshd[2570]: Failed password for invalid user msfadmin from 192.168.56.7 port 49528 ssh2
Apr 21 22:06:25 metasploitable3-ub1404 sshd[2569]: Connection closed by 192.168.56.7 [preauth]
Apr 21 22:06:25 metasploitable3-ub1404 sshd[2570]: Connection closed by 192.168.56.7 [preauth]
Apr 21 22:07:22 metasploitable3-ub1404 sshd[2616]: Invalid user msfadmin from 192.168.56.7
Apr 21 22:07:22 metasploitable3-ub1404 sshd[2616]: input_userauth_request: invalid user msfadmin [preauth]
Apr 21 22:07:22 metasploitable3-ub1404 sshd[2616]: Received disconnect from 192.168.56.7: 11: Bye Bye [preauth]
Apr 21 22:07:22 metasploitable3-ub1404 sshd[2618]: Invalid user msfadmin from 192.168.56.7
Apr 21 22:07:22 metasploitable3-ub1404 sshd[2618]: input_userauth_request: invalid user msfadmin [preauth]
Apr 21 22:07:22 metasploitable3-ub1404 sshd[2618]: pam_unix(sshd:auth): check pass; user unknown
Apr 21 22:07:22 metasploitable3-ub1404 sshd[2618]: pam_unix(sshd:auth): authentication failure; logname= uid=0 euid=0 tty=ssh ruser= rhost=192.168.56.7 
Apr 21 22:07:22 metasploitable3-ub1404 sshd[2619]: Invalid user msfadmin from 192.168.56.7
Apr 21 22:07:22 metasploitable3-ub1404 sshd[2619]: input_userauth_request: invalid user msfadmin [preauth]
Apr 21 22:07:22 metasploitable3-ub1404 sshd[2619]: pam_unix(sshd:auth): check pass; user unknown
Apr 21 22:07:22 metasploitable3-ub1404 sshd[2619]: pam_unix(sshd:auth): authentication failure; logname= uid=0 euid=0 tty=ssh ruser= rhost=192.168.56.7 
Apr 21 22:07:22 metasploitable3-ub1404 sshd[2620]: Invalid user msfadmin from 192.168.56.7
Apr 21 22:07:22 metasploitable3-ub1404 sshd[2620]: input_userauth_request: invalid user msfadmin [preauth]
Apr 21 22:07:22 metasploitable3-ub1404 sshd[2621]: Invalid user msfadmin from 192.168.56.7
Apr 21 22:07:22 metasploitable3-ub1404 sshd[2621]: input_userauth_request: invalid user msfadmin [preauth]
Apr 21 22:07:22 metasploitable3-ub1404 sshd[2620]: pam_unix(sshd:auth): check pass; user unknown
Apr 21 22:07:22 metasploitable3-ub1404 sshd[2620]: pam_unix(sshd:auth): authentication failure; logname= uid=0 euid=0 tty=ssh ruser= rhost=192.168.56.7 
Apr 21 22:07:22 metasploitable3-ub1404 sshd[2621]: pam_unix(sshd:auth): check pass; user unknown
Apr 21 22:07:22 metasploitable3-ub1404 sshd[2621]: pam_unix(sshd:auth): authentication failure; logname= uid=0 euid=0 tty=ssh ruser= rhost=192.168.56.7 
Apr 21 22:07:24 metasploitable3-ub1404 sshd[2618]: Failed password for invalid user msfadmin from 192.168.56.7 port 46090 ssh2
Apr 21 22:07:24 metasploitable3-ub1404 sshd[2618]: Connection closed by 192.168.56.7 [preauth]
Apr 21 22:07:24 metasploitable3-ub1404 sshd[2619]: Failed password for invalid user msfadmin from 192.168.56.7 port 46092 ssh2
Apr 21 22:07:24 metasploitable3-ub1404 sshd[2619]: Connection closed by 192.168.56.7 [preauth]
Apr 21 22:07:24 metasploitable3-ub1404 sshd[2621]: Failed password for invalid user msfadmin from 192.168.56.7 port 46122 ssh2
Apr 21 22:07:24 metasploitable3-ub1404 sshd[2620]: Failed password for invalid user msfadmin from 192.168.56.7 port 46118 ssh2
Apr 21 22:07:24 metasploitable3-ub1404 sshd[2621]: Connection closed by 192.168.56.7 [preauth]
Apr 21 22:07:24 metasploitable3-ub1404 sshd[2620]: Connection closed by 192.168.56.7 [preauth]
Apr 21 22:08:18 metasploitable3-ub1404 sshd[2626]: Invalid user msfadmin from 192.168.56.7
Apr 21 22:08:18 metasploitable3-ub1404 sshd[2626]: input_userauth_request: invalid user msfadmin [preauth]
Apr 21 22:08:18 metasploitable3-ub1404 sshd[2626]: Received disconnect from 192.168.56.7: 11: Bye Bye [preauth]
Apr 21 22:08:18 metasploitable3-ub1404 sshd[2631]: Invalid user msfadmin from 192.168.56.7
Apr 21 22:08:18 metasploitable3-ub1404 sshd[2631]: input_userauth_request: invalid user msfadmin [preauth]
Apr 21 22:08:18 metasploitable3-ub1404 sshd[2629]: Invalid user msfadmin from 192.168.56.7
Apr 21 22:08:18 metasploitable3-ub1404 sshd[2629]: input_userauth_request: invalid user msfadmin [preauth]
Apr 21 22:08:18 metasploitable3-ub1404 sshd[2629]: pam_unix(sshd:auth): check pass; user unknown
Apr 21 22:08:18 metasploitable3-ub1404 sshd[2629]: pam_unix(sshd:auth): authentication failure; logname= uid=0 euid=0 tty=ssh ruser= rhost=192.168.56.7 
Apr 21 22:08:18 metasploitable3-ub1404 sshd[2631]: pam_unix(sshd:auth): check pass; user unknown
Apr 21 22:08:18 metasploitable3-ub1404 sshd[2631]: pam_unix(sshd:auth): authentication failure; logname= uid=0 euid=0 tty=ssh ruser= rhost=192.168.56.7 
Apr 21 22:08:18 metasploitable3-ub1404 sshd[2630]: Invalid user msfadmin from 192.168.56.7
Apr 21 22:08:18 metasploitable3-ub1404 sshd[2630]: input_userauth_request: invalid user msfadmin [preauth]
Apr 21 22:08:18 metasploitable3-ub1404 sshd[2630]: pam_unix(sshd:auth): check pass; user unknown
Apr 21 22:08:18 metasploitable3-ub1404 sshd[2630]: pam_unix(sshd:auth): authentication failure; logname= uid=0 euid=0 tty=ssh ruser= rhost=192.168.56.7 
Apr 21 22:08:18 metasploitable3-ub1404 sshd[2628]: Invalid user msfadmin from 192.168.56.7
Apr 21 22:08:18 metasploitable3-ub1404 sshd[2628]: input_userauth_request: invalid user msfadmin [preauth]
Apr 21 22:08:18 metasploitable3-ub1404 sshd[2628]: pam_unix(sshd:auth): check pass; user unknown
Apr 21 22:08:18 metasploitable3-ub1404 sshd[2628]: pam_unix(sshd:auth): authentication failure; logname= uid=0 euid=0 tty=ssh ruser= rhost=192.168.56.7 
Apr 21 22:08:21 metasploitable3-ub1404 sshd[2629]: Failed password for invalid user msfadmin from 192.168.56.7 port 51506 ssh2
Apr 21 22:08:21 metasploitable3-ub1404 sshd[2631]: Failed password for invalid user msfadmin from 192.168.56.7 port 51524 ssh2
Apr 21 22:08:21 metasploitable3-ub1404 sshd[2629]: Connection closed by 192.168.56.7 [preauth]
Apr 21 22:08:21 metasploitable3-ub1404 sshd[2631]: Connection closed by 192.168.56.7 [preauth]
Apr 21 22:08:21 metasploitable3-ub1404 sshd[2630]: Failed password for invalid user msfadmin from 192.168.56.7 port 51522 ssh2
Apr 21 22:08:21 metasploitable3-ub1404 sshd[2628]: Failed password for invalid user msfadmin from 192.168.56.7 port 51516 ssh2
Apr 21 22:08:21 metasploitable3-ub1404 sshd[2628]: Connection closed by 192.168.56.7 [preauth]
Apr 21 22:08:21 metasploitable3-ub1404 sshd[2630]: Connection closed by 192.168.56.7 [preauth]
Apr 21 22:14:42 metasploitable3-ub1404 sshd[2680]: Invalid user msfadmin from 192.168.56.7
Apr 21 22:14:42 metasploitable3-ub1404 sshd[2680]: input_userauth_request: invalid user msfadmin [preauth]
Apr 21 22:14:42 metasploitable3-ub1404 sshd[2680]: pam_unix(sshd:auth): check pass; user unknown
Apr 21 22:14:42 metasploitable3-ub1404 sshd[2680]: pam_unix(sshd:auth): authentication failure; logname= uid=0 euid=0 tty=ssh ruser= rhost=192.168.56.7 
Apr 21 22:14:44 metasploitable3-ub1404 sshd[2680]: Failed password for invalid user msfadmin from 192.168.56.7 port 60116 ssh2
Apr 21 22:14:44 metasploitable3-ub1404 sshd[2680]: Connection closed by 192.168.56.7 [preauth]
Apr 21 22:15:19 metasploitable3-ub1404 sshd[2682]: Invalid user msfadmin from 192.168.56.7
Apr 21 22:15:19 metasploitable3-ub1404 sshd[2682]: input_userauth_request: invalid user msfadmin [preauth]
Apr 21 22:15:53 metasploitable3-ub1404 sshd[2682]: pam_unix(sshd:auth): check pass; user unknown
Apr 21 22:15:53 metasploitable3-ub1404 sshd[2682]: pam_unix(sshd:auth): authentication failure; logname= uid=0 euid=0 tty=ssh ruser= rhost=192.168.56.7 
Apr 21 22:15:55 metasploitable3-ub1404 sshd[2682]: Failed password for invalid user msfadmin from 192.168.56.7 port 50054 ssh2
Apr 21 22:16:37 metasploitable3-ub1404 sshd[2682]: Connection closed by 192.168.56.7 [preauth]
Apr 21 22:16:50 metasploitable3-ub1404 sshd[2725]: Accepted password for vagrant from 192.168.56.7 port 58820 ssh2
Apr 21 22:16:50 metasploitable3-ub1404 sshd[2725]: pam_unix(sshd:session): session opened for user vagrant by (uid=0)
Apr 21 22:17:01 metasploitable3-ub1404 CRON[2760]: pam_unix(cron:session): session opened for user root by (uid=0)
Apr 21 22:17:01 metasploitable3-ub1404 CRON[2760]: pam_unix(cron:session): session closed for user root
Apr 21 22:18:17 metasploitable3-ub1404 sshd[2743]: Received disconnect from 192.168.56.7: 11: disconnected by user
Apr 21 22:18:17 metasploitable3-ub1404 sshd[2725]: pam_unix(sshd:session): session closed for user vagrant
Apr 21 22:20:47 metasploitable3-ub1404 sshd[2765]: Accepted password for vagrant from 192.168.56.7 port 43270 ssh2
Apr 21 22:20:47 metasploitable3-ub1404 sshd[2765]: pam_unix(sshd:session): session opened for user vagrant by (uid=0)
Apr 21 22:20:47 metasploitable3-ub1404 sshd[2765]: pam_unix(sshd:session): session closed for user vagrant
Apr 21 22:47:17 metasploitable3-ub1404 sshd[3042]: Invalid user Shahad from 192.168.56.7
Apr 21 22:47:17 metasploitable3-ub1404 sshd[3042]: input_userauth_request: invalid user Shahad [preauth]
Apr 21 22:47:17 metasploitable3-ub1404 sshd[3042]: pam_unix(sshd:auth): check pass; user unknown
Apr 21 22:47:17 metasploitable3-ub1404 sshd[3042]: pam_unix(sshd:auth): authentication failure; logname= uid=0 euid=0 tty=ssh ruser= rhost=192.168.56.7 
Apr 21 22:47:19 metasploitable3-ub1404 sshd[3042]: Failed password for invalid user Shahad from 192.168.56.7 port 38809 ssh2
Apr 21 22:47:19 metasploitable3-ub1404 sshd[3042]: Connection closed by 192.168.56.7 [preauth]
Apr 21 22:47:19 metasploitable3-ub1404 sshd[3045]: Invalid user Shahad from 192.168.56.7
Apr 21 22:47:19 metasploitable3-ub1404 sshd[3045]: input_userauth_request: invalid user Shahad [preauth]
Apr 21 22:47:19 metasploitable3-ub1404 sshd[3045]: pam_unix(sshd:auth): check pass; user unknown
Apr 21 22:47:19 metasploitable3-ub1404 sshd[3045]: pam_unix(sshd:auth): authentication failure; logname= uid=0 euid=0 tty=ssh ruser= rhost=192.168.56.7 
Apr 21 22:47:22 metasploitable3-ub1404 sshd[3045]: Failed password for invalid user Shahad from 192.168.56.7 port 38079 ssh2
Apr 21 22:47:22 metasploitable3-ub1404 sshd[3045]: Connection closed by 192.168.56.7 [preauth]
Apr 21 22:47:22 metasploitable3-ub1404 sshd[3047]: Invalid user Shahad from 192.168.56.7
Apr 21 22:47:22 metasploitable3-ub1404 sshd[3047]: input_userauth_request: invalid user Shahad [preauth]
Apr 21 22:47:22 metasploitable3-ub1404 sshd[3047]: pam_unix(sshd:auth): check pass; user unknown
Apr 21 22:47:22 metasploitable3-ub1404 sshd[3047]: pam_unix(sshd:auth): authentication failure; logname= uid=0 euid=0 tty=ssh ruser= rhost=192.168.56.7 
Apr 21 22:47:23 metasploitable3-ub1404 sshd[3047]: Failed password for invalid user Shahad from 192.168.56.7 port 43071 ssh2
Apr 21 22:47:23 metasploitable3-ub1404 sshd[3047]: Connection closed by 192.168.56.7 [preauth]
Apr 21 22:47:23 metasploitable3-ub1404 sshd[3049]: Invalid user Shahad from 192.168.56.7
Apr 21 22:47:23 metasploitable3-ub1404 sshd[3049]: input_userauth_request: invalid user Shahad [preauth]
Apr 21 22:47:23 metasploitable3-ub1404 sshd[3049]: pam_unix(sshd:auth): check pass; user unknown
Apr 21 22:47:23 metasploitable3-ub1404 sshd[3049]: pam_unix(sshd:auth): authentication failure; logname= uid=0 euid=0 tty=ssh ruser= rhost=192.168.56.7 
Apr 21 22:47:26 metasploitable3-ub1404 sshd[3049]: Failed password for invalid user Shahad from 192.168.56.7 port 43967 ssh2
Apr 21 22:47:26 metasploitable3-ub1404 sshd[3049]: Connection closed by 192.168.56.7 [preauth]
Apr 21 22:47:26 metasploitable3-ub1404 sshd[3051]: Invalid user Shahad from 192.168.56.7
Apr 21 22:47:26 metasploitable3-ub1404 sshd[3051]: input_userauth_request: invalid user Shahad [preauth]
Apr 21 22:47:26 metasploitable3-ub1404 sshd[3051]: Failed none for invalid user Shahad from 192.168.56.7 port 45127 ssh2
Apr 21 22:47:26 metasploitable3-ub1404 sshd[3051]: Connection closed by 192.168.56.7 [preauth]
Apr 21 22:47:26 metasploitable3-ub1404 sshd[3054]: Invalid user Norah from 192.168.56.7
Apr 21 22:47:26 metasploitable3-ub1404 sshd[3054]: input_userauth_request: invalid user Norah [preauth]
Apr 21 22:47:26 metasploitable3-ub1404 sshd[3054]: pam_unix(sshd:auth): check pass; user unknown
Apr 21 22:47:26 metasploitable3-ub1404 sshd[3054]: pam_unix(sshd:auth): authentication failure; logname= uid=0 euid=0 tty=ssh ruser= rhost=192.168.56.7 
Apr 21 22:47:28 metasploitable3-ub1404 sshd[3054]: Failed password for invalid user Norah from 192.168.56.7 port 33085 ssh2
Apr 21 22:47:28 metasploitable3-ub1404 sshd[3054]: Connection closed by 192.168.56.7 [preauth]
Apr 21 22:47:28 metasploitable3-ub1404 sshd[3056]: Invalid user Norah from 192.168.56.7
Apr 21 22:47:28 metasploitable3-ub1404 sshd[3056]: input_userauth_request: invalid user Norah [preauth]
Apr 21 22:47:28 metasploitable3-ub1404 sshd[3056]: pam_unix(sshd:auth): check pass; user unknown
Apr 21 22:47:28 metasploitable3-ub1404 sshd[3056]: pam_unix(sshd:auth): authentication failure; logname= uid=0 euid=0 tty=ssh ruser= rhost=192.168.56.7 
Apr 21 22:47:30 metasploitable3-ub1404 sshd[3056]: Failed password for invalid user Norah from 192.168.56.7 port 33075 ssh2
Apr 21 22:47:30 metasploitable3-ub1404 sshd[3056]: Connection closed by 192.168.56.7 [preauth]
Apr 21 22:47:30 metasploitable3-ub1404 sshd[3058]: Invalid user Norah from 192.168.56.7
Apr 21 22:47:30 metasploitable3-ub1404 sshd[3058]: input_userauth_request: invalid user Norah [preauth]
Apr 21 22:47:30 metasploitable3-ub1404 sshd[3058]: pam_unix(sshd:auth): check pass; user unknown
Apr 21 22:47:30 metasploitable3-ub1404 sshd[3058]: pam_unix(sshd:auth): authentication failure; logname= uid=0 euid=0 tty=ssh ruser= rhost=192.168.56.7 
Apr 21 22:47:32 metasploitable3-ub1404 sshd[3058]: Failed password for invalid user Norah from 192.168.56.7 port 35489 ssh2
Apr 21 22:47:32 metasploitable3-ub1404 sshd[3058]: Connection closed by 192.168.56.7 [preauth]
Apr 21 22:47:32 metasploitable3-ub1404 sshd[3060]: Invalid user Norah from 192.168.56.7
Apr 21 22:47:32 metasploitable3-ub1404 sshd[3060]: input_userauth_request: invalid user Norah [preauth]
Apr 21 22:47:32 metasploitable3-ub1404 sshd[3060]: pam_unix(sshd:auth): check pass; user unknown
Apr 21 22:47:32 metasploitable3-ub1404 sshd[3060]: pam_unix(sshd:auth): authentication failure; logname= uid=0 euid=0 tty=ssh ruser= rhost=192.168.56.7 
Apr 21 22:47:35 metasploitable3-ub1404 sshd[3060]: Failed password for invalid user Norah from 192.168.56.7 port 45755 ssh2
Apr 21 22:47:35 metasploitable3-ub1404 sshd[3060]: Connection closed by 192.168.56.7 [preauth]
Apr 21 22:47:35 metasploitable3-ub1404 sshd[3062]: Invalid user Norah from 192.168.56.7
Apr 21 22:47:35 metasploitable3-ub1404 sshd[3062]: input_userauth_request: invalid user Norah [preauth]
Apr 21 22:47:35 metasploitable3-ub1404 sshd[3062]: Failed none for invalid user Norah from 192.168.56.7 port 41533 ssh2
Apr 21 22:47:35 metasploitable3-ub1404 sshd[3062]: Connection closed by 192.168.56.7 [preauth]
Apr 21 22:47:35 metasploitable3-ub1404 sshd[3064]: Invalid user Nora from 192.168.56.7
Apr 21 22:47:35 metasploitable3-ub1404 sshd[3064]: input_userauth_request: invalid user Nora [preauth]
Apr 21 22:47:35 metasploitable3-ub1404 sshd[3064]: pam_unix(sshd:auth): check pass; user unknown
Apr 21 22:47:35 metasploitable3-ub1404 sshd[3064]: pam_unix(sshd:auth): authentication failure; logname= uid=0 euid=0 tty=ssh ruser= rhost=192.168.56.7 
Apr 21 22:47:37 metasploitable3-ub1404 sshd[3064]: Failed password for invalid user Nora from 192.168.56.7 port 38481 ssh2
Apr 21 22:47:37 metasploitable3-ub1404 sshd[3064]: Connection closed by 192.168.56.7 [preauth]
Apr 21 22:47:37 metasploitable3-ub1404 sshd[3066]: Invalid user Nora from 192.168.56.7
Apr 21 22:47:37 metasploitable3-ub1404 sshd[3066]: input_userauth_request: invalid user Nora [preauth]
Apr 21 22:47:37 metasploitable3-ub1404 sshd[3066]: pam_unix(sshd:auth): check pass; user unknown
Apr 21 22:47:37 metasploitable3-ub1404 sshd[3066]: pam_unix(sshd:auth): authentication failure; logname= uid=0 euid=0 tty=ssh ruser= rhost=192.168.56.7 
Apr 21 22:47:39 metasploitable3-ub1404 sshd[3066]: Failed password for invalid user Nora from 192.168.56.7 port 44937 ssh2
Apr 21 22:47:39 metasploitable3-ub1404 sshd[3066]: Connection closed by 192.168.56.7 [preauth]
Apr 21 22:47:40 metasploitable3-ub1404 sshd[3068]: Invalid user Nora from 192.168.56.7
Apr 21 22:47:40 metasploitable3-ub1404 sshd[3068]: input_userauth_request: invalid user Nora [preauth]
Apr 21 22:47:40 metasploitable3-ub1404 sshd[3068]: pam_unix(sshd:auth): check pass; user unknown
Apr 21 22:47:40 metasploitable3-ub1404 sshd[3068]: pam_unix(sshd:auth): authentication failure; logname= uid=0 euid=0 tty=ssh ruser= rhost=192.168.56.7 
Apr 21 22:47:41 metasploitable3-ub1404 sshd[3068]: Failed password for invalid user Nora from 192.168.56.7 port 37391 ssh2
Apr 21 22:47:41 metasploitable3-ub1404 sshd[3068]: Connection closed by 192.168.56.7 [preauth]
Apr 21 22:47:42 metasploitable3-ub1404 sshd[3070]: Invalid user Nora from 192.168.56.7
Apr 21 22:47:42 metasploitable3-ub1404 sshd[3070]: input_userauth_request: invalid user Nora [preauth]
Apr 21 22:47:42 metasploitable3-ub1404 sshd[3070]: pam_unix(sshd:auth): check pass; user unknown
Apr 21 22:47:42 metasploitable3-ub1404 sshd[3070]: pam_unix(sshd:auth): authentication failure; logname= uid=0 euid=0 tty=ssh ruser= rhost=192.168.56.7 
Apr 21 22:47:44 metasploitable3-ub1404 sshd[3070]: Failed password for invalid user Nora from 192.168.56.7 port 33169 ssh2
Apr 21 22:47:44 metasploitable3-ub1404 sshd[3070]: Connection closed by 192.168.56.7 [preauth]
Apr 21 22:47:44 metasploitable3-ub1404 sshd[3072]: Invalid user Nora from 192.168.56.7
Apr 21 22:47:44 metasploitable3-ub1404 sshd[3072]: input_userauth_request: invalid user Nora [preauth]
Apr 21 22:47:44 metasploitable3-ub1404 sshd[3072]: Failed none for invalid user Nora from 192.168.56.7 port 33575 ssh2
Apr 21 22:47:44 metasploitable3-ub1404 sshd[3072]: Connection closed by 192.168.56.7 [preauth]
Apr 21 22:47:44 metasploitable3-ub1404 sshd[3074]: Invalid user Vagrant from 192.168.56.7
Apr 21 22:47:44 metasploitable3-ub1404 sshd[3074]: input_userauth_request: invalid user Vagrant [preauth]
Apr 21 22:47:44 metasploitable3-ub1404 sshd[3074]: pam_unix(sshd:auth): check pass; user unknown
Apr 21 22:47:44 metasploitable3-ub1404 sshd[3074]: pam_unix(sshd:auth): authentication failure; logname= uid=0 euid=0 tty=ssh ruser= rhost=192.168.56.7 
Apr 21 22:47:47 metasploitable3-ub1404 sshd[3074]: Failed password for invalid user Vagrant from 192.168.56.7 port 44345 ssh2
Apr 21 22:47:47 metasploitable3-ub1404 sshd[3074]: Connection closed by 192.168.56.7 [preauth]
Apr 21 22:47:47 metasploitable3-ub1404 sshd[3076]: Invalid user Vagrant from 192.168.56.7
Apr 21 22:47:47 metasploitable3-ub1404 sshd[3076]: input_userauth_request: invalid user Vagrant [preauth]
Apr 21 22:47:47 metasploitable3-ub1404 sshd[3076]: pam_unix(sshd:auth): check pass; user unknown
Apr 21 22:47:47 metasploitable3-ub1404 sshd[3076]: pam_unix(sshd:auth): authentication failure; logname= uid=0 euid=0 tty=ssh ruser= rhost=192.168.56.7 
Apr 21 22:47:49 metasploitable3-ub1404 sshd[3076]: Failed password for invalid user Vagrant from 192.168.56.7 port 40789 ssh2
Apr 21 22:47:49 metasploitable3-ub1404 sshd[3076]: Connection closed by 192.168.56.7 [preauth]
Apr 21 22:47:49 metasploitable3-ub1404 sshd[3078]: Invalid user Vagrant from 192.168.56.7
Apr 21 22:47:49 metasploitable3-ub1404 sshd[3078]: input_userauth_request: invalid user Vagrant [preauth]
Apr 21 22:47:49 metasploitable3-ub1404 sshd[3078]: pam_unix(sshd:auth): check pass; user unknown
Apr 21 22:47:49 metasploitable3-ub1404 sshd[3078]: pam_unix(sshd:auth): authentication failure; logname= uid=0 euid=0 tty=ssh ruser= rhost=192.168.56.7 
Apr 21 22:47:51 metasploitable3-ub1404 sshd[3078]: Failed password for invalid user Vagrant from 192.168.56.7 port 38467 ssh2
Apr 21 22:47:51 metasploitable3-ub1404 sshd[3078]: Connection closed by 192.168.56.7 [preauth]
Apr 21 22:47:51 metasploitable3-ub1404 sshd[3080]: Invalid user Vagrant from 192.168.56.7
Apr 21 22:47:51 metasploitable3-ub1404 sshd[3080]: input_userauth_request: invalid user Vagrant [preauth]
Apr 21 22:47:51 metasploitable3-ub1404 sshd[3080]: pam_unix(sshd:auth): check pass; user unknown
Apr 21 22:47:51 metasploitable3-ub1404 sshd[3080]: pam_unix(sshd:auth): authentication failure; logname= uid=0 euid=0 tty=ssh ruser= rhost=192.168.56.7 
Apr 21 22:47:53 metasploitable3-ub1404 sshd[3080]: Failed password for invalid user Vagrant from 192.168.56.7 port 35875 ssh2
Apr 21 22:47:53 metasploitable3-ub1404 sshd[3080]: Connection closed by 192.168.56.7 [preauth]
Apr 21 22:47:53 metasploitable3-ub1404 sshd[3082]: Invalid user Vagrant from 192.168.56.7
Apr 21 22:47:53 metasploitable3-ub1404 sshd[3082]: input_userauth_request: invalid user Vagrant [preauth]
Apr 21 22:47:53 metasploitable3-ub1404 sshd[3082]: Failed none for invalid user Vagrant from 192.168.56.7 port 39757 ssh2
Apr 21 22:47:53 metasploitable3-ub1404 sshd[3082]: Connection closed by 192.168.56.7 [preauth]
Apr 21 22:47:53 metasploitable3-ub1404 sshd[3084]: Invalid user  from 192.168.56.7
Apr 21 22:47:53 metasploitable3-ub1404 sshd[3084]: input_userauth_request: invalid user  [preauth]
Apr 21 22:47:53 metasploitable3-ub1404 sshd[3084]: pam_unix(sshd:auth): check pass; user unknown
Apr 21 22:47:53 metasploitable3-ub1404 sshd[3084]: pam_unix(sshd:auth): authentication failure; logname= uid=0 euid=0 tty=ssh ruser= rhost=192.168.56.7 
Apr 21 22:47:55 metasploitable3-ub1404 sshd[3084]: Failed password for invalid user  from 192.168.56.7 port 36847 ssh2
Apr 21 22:47:55 metasploitable3-ub1404 sshd[3084]: Connection closed by 192.168.56.7 [preauth]
Apr 21 22:47:55 metasploitable3-ub1404 sshd[3086]: Invalid user  from 192.168.56.7
Apr 21 22:47:55 metasploitable3-ub1404 sshd[3086]: input_userauth_request: invalid user  [preauth]
Apr 21 22:47:55 metasploitable3-ub1404 sshd[3086]: pam_unix(sshd:auth): check pass; user unknown
Apr 21 22:47:55 metasploitable3-ub1404 sshd[3086]: pam_unix(sshd:auth): authentication failure; logname= uid=0 euid=0 tty=ssh ruser= rhost=192.168.56.7 
Apr 21 22:47:57 metasploitable3-ub1404 sshd[3086]: Failed password for invalid user  from 192.168.56.7 port 45049 ssh2
Apr 21 22:47:57 metasploitable3-ub1404 sshd[3086]: Connection closed by 192.168.56.7 [preauth]
Apr 21 22:47:57 metasploitable3-ub1404 sshd[3088]: Invalid user  from 192.168.56.7
Apr 21 22:47:57 metasploitable3-ub1404 sshd[3088]: input_userauth_request: invalid user  [preauth]
Apr 21 22:47:57 metasploitable3-ub1404 sshd[3088]: pam_unix(sshd:auth): check pass; user unknown
Apr 21 22:47:57 metasploitable3-ub1404 sshd[3088]: pam_unix(sshd:auth): authentication failure; logname= uid=0 euid=0 tty=ssh ruser= rhost=192.168.56.7 
Apr 21 22:48:00 metasploitable3-ub1404 sshd[3088]: Failed password for invalid user  from 192.168.56.7 port 46865 ssh2
Apr 21 22:48:00 metasploitable3-ub1404 sshd[3088]: Connection closed by 192.168.56.7 [preauth]
Apr 21 22:48:00 metasploitable3-ub1404 sshd[3090]: Invalid user  from 192.168.56.7
Apr 21 22:48:00 metasploitable3-ub1404 sshd[3090]: input_userauth_request: invalid user  [preauth]
Apr 21 22:48:00 metasploitable3-ub1404 sshd[3090]: pam_unix(sshd:auth): check pass; user unknown
Apr 21 22:48:00 metasploitable3-ub1404 sshd[3090]: pam_unix(sshd:auth): authentication failure; logname= uid=0 euid=0 tty=ssh ruser= rhost=192.168.56.7 
Apr 21 22:48:02 metasploitable3-ub1404 sshd[3090]: Failed password for invalid user  from 192.168.56.7 port 37275 ssh2
Apr 21 22:48:02 metasploitable3-ub1404 sshd[3090]: Connection closed by 192.168.56.7 [preauth]
Apr 21 22:48:02 metasploitable3-ub1404 sshd[3092]: Invalid user  from 192.168.56.7
Apr 21 22:48:02 metasploitable3-ub1404 sshd[3092]: input_userauth_request: invalid user  [preauth]
Apr 21 22:48:02 metasploitable3-ub1404 sshd[3092]: Failed none for invalid user  from 192.168.56.7 port 35203 ssh2
Apr 21 22:48:02 metasploitable3-ub1404 sshd[3092]: Connection closed by 192.168.56.7 [preauth]
Apr 21 22:58:31 metasploitable3-ub1404 sshd[3220]: Invalid user Shahad from 192.168.56.7
Apr 21 22:58:31 metasploitable3-ub1404 sshd[3220]: input_userauth_request: invalid user Shahad [preauth]
Apr 21 22:58:31 metasploitable3-ub1404 sshd[3220]: pam_unix(sshd:auth): check pass; user unknown
Apr 21 22:58:31 metasploitable3-ub1404 sshd[3220]: pam_unix(sshd:auth): authentication failure; logname= uid=0 euid=0 tty=ssh ruser= rhost=192.168.56.7 
Apr 21 22:58:32 metasploitable3-ub1404 sshd[3220]: Failed password for invalid user Shahad from 192.168.56.7 port 35685 ssh2
Apr 21 22:58:32 metasploitable3-ub1404 sshd[3220]: Connection closed by 192.168.56.7 [preauth]
Apr 21 22:58:32 metasploitable3-ub1404 sshd[3222]: Invalid user Shahad from 192.168.56.7
Apr 21 22:58:32 metasploitable3-ub1404 sshd[3222]: input_userauth_request: invalid user Shahad [preauth]
Apr 21 22:58:32 metasploitable3-ub1404 sshd[3222]: pam_unix(sshd:auth): check pass; user unknown
Apr 21 22:58:32 metasploitable3-ub1404 sshd[3222]: pam_unix(sshd:auth): authentication failure; logname= uid=0 euid=0 tty=ssh ruser= rhost=192.168.56.7 
Apr 21 22:58:35 metasploitable3-ub1404 sshd[3222]: Failed password for invalid user Shahad from 192.168.56.7 port 41933 ssh2
Apr 21 22:58:35 metasploitable3-ub1404 sshd[3222]: Connection closed by 192.168.56.7 [preauth]
Apr 21 22:58:35 metasploitable3-ub1404 sshd[3224]: Invalid user Shahad from 192.168.56.7
Apr 21 22:58:35 metasploitable3-ub1404 sshd[3224]: input_userauth_request: invalid user Shahad [preauth]
Apr 21 22:58:35 metasploitable3-ub1404 sshd[3224]: pam_unix(sshd:auth): check pass; user unknown
Apr 21 22:58:35 metasploitable3-ub1404 sshd[3224]: pam_unix(sshd:auth): authentication failure; logname= uid=0 euid=0 tty=ssh ruser= rhost=192.168.56.7 
Apr 21 22:58:37 metasploitable3-ub1404 sshd[3224]: Failed password for invalid user Shahad from 192.168.56.7 port 32931 ssh2
Apr 21 22:58:37 metasploitable3-ub1404 sshd[3224]: Connection closed by 192.168.56.7 [preauth]
Apr 21 22:58:37 metasploitable3-ub1404 sshd[3226]: Invalid user Shahad from 192.168.56.7
Apr 21 22:58:37 metasploitable3-ub1404 sshd[3226]: input_userauth_request: invalid user Shahad [preauth]
Apr 21 22:58:37 metasploitable3-ub1404 sshd[3226]: pam_unix(sshd:auth): check pass; user unknown
Apr 21 22:58:37 metasploitable3-ub1404 sshd[3226]: pam_unix(sshd:auth): authentication failure; logname= uid=0 euid=0 tty=ssh ruser= rhost=192.168.56.7 
Apr 21 22:58:39 metasploitable3-ub1404 sshd[3226]: Failed password for invalid user Shahad from 192.168.56.7 port 44229 ssh2
Apr 21 22:58:39 metasploitable3-ub1404 sshd[3226]: Connection closed by 192.168.56.7 [preauth]
Apr 21 22:58:39 metasploitable3-ub1404 sshd[3228]: Invalid user Shahad from 192.168.56.7
Apr 21 22:58:39 metasploitable3-ub1404 sshd[3228]: input_userauth_request: invalid user Shahad [preauth]
Apr 21 22:58:39 metasploitable3-ub1404 sshd[3228]: Failed none for invalid user Shahad from 192.168.56.7 port 37815 ssh2
Apr 21 22:58:39 metasploitable3-ub1404 sshd[3228]: Connection closed by 192.168.56.7 [preauth]
Apr 21 22:58:39 metasploitable3-ub1404 sshd[3230]: Invalid user Norah from 192.168.56.7
Apr 21 22:58:39 metasploitable3-ub1404 sshd[3230]: input_userauth_request: invalid user Norah [preauth]
Apr 21 22:58:39 metasploitable3-ub1404 sshd[3230]: pam_unix(sshd:auth): check pass; user unknown
Apr 21 22:58:39 metasploitable3-ub1404 sshd[3230]: pam_unix(sshd:auth): authentication failure; logname= uid=0 euid=0 tty=ssh ruser= rhost=192.168.56.7 
Apr 21 22:58:41 metasploitable3-ub1404 sshd[3230]: Failed password for invalid user Norah from 192.168.56.7 port 43021 ssh2
Apr 21 22:58:41 metasploitable3-ub1404 sshd[3230]: Connection closed by 192.168.56.7 [preauth]
Apr 21 22:58:41 metasploitable3-ub1404 sshd[3232]: Invalid user Norah from 192.168.56.7
Apr 21 22:58:41 metasploitable3-ub1404 sshd[3232]: input_userauth_request: invalid user Norah [preauth]
Apr 21 22:58:41 metasploitable3-ub1404 sshd[3232]: pam_unix(sshd:auth): check pass; user unknown
Apr 21 22:58:41 metasploitable3-ub1404 sshd[3232]: pam_unix(sshd:auth): authentication failure; logname= uid=0 euid=0 tty=ssh ruser= rhost=192.168.56.7 
Apr 21 22:58:43 metasploitable3-ub1404 sshd[3232]: Failed password for invalid user Norah from 192.168.56.7 port 33047 ssh2
Apr 21 22:58:43 metasploitable3-ub1404 sshd[3232]: Connection closed by 192.168.56.7 [preauth]
Apr 21 22:58:43 metasploitable3-ub1404 sshd[3234]: Invalid user Norah from 192.168.56.7
Apr 21 22:58:43 metasploitable3-ub1404 sshd[3234]: input_userauth_request: invalid user Norah [preauth]
Apr 21 22:58:43 metasploitable3-ub1404 sshd[3234]: pam_unix(sshd:auth): check pass; user unknown
Apr 21 22:58:43 metasploitable3-ub1404 sshd[3234]: pam_unix(sshd:auth): authentication failure; logname= uid=0 euid=0 tty=ssh ruser= rhost=192.168.56.7 
Apr 21 22:58:45 metasploitable3-ub1404 sshd[3234]: Failed password for invalid user Norah from 192.168.56.7 port 34243 ssh2
Apr 21 22:58:45 metasploitable3-ub1404 sshd[3234]: Connection closed by 192.168.56.7 [preauth]
Apr 21 22:58:45 metasploitable3-ub1404 sshd[3236]: Invalid user Norah from 192.168.56.7
Apr 21 22:58:45 metasploitable3-ub1404 sshd[3236]: input_userauth_request: invalid user Norah [preauth]
Apr 21 22:58:45 metasploitable3-ub1404 sshd[3236]: pam_unix(sshd:auth): check pass; user unknown
Apr 21 22:58:45 metasploitable3-ub1404 sshd[3236]: pam_unix(sshd:auth): authentication failure; logname= uid=0 euid=0 tty=ssh ruser= rhost=192.168.56.7 
Apr 21 22:58:47 metasploitable3-ub1404 sshd[3236]: Failed password for invalid user Norah from 192.168.56.7 port 40121 ssh2
Apr 21 22:58:47 metasploitable3-ub1404 sshd[3236]: Connection closed by 192.168.56.7 [preauth]
Apr 21 22:58:47 metasploitable3-ub1404 sshd[3238]: Invalid user Norah from 192.168.56.7
Apr 21 22:58:47 metasploitable3-ub1404 sshd[3238]: input_userauth_request: invalid user Norah [preauth]
Apr 21 22:58:47 metasploitable3-ub1404 sshd[3238]: Failed none for invalid user Norah from 192.168.56.7 port 42675 ssh2
Apr 21 22:58:47 metasploitable3-ub1404 sshd[3238]: Connection closed by 192.168.56.7 [preauth]
Apr 21 22:58:48 metasploitable3-ub1404 sshd[3240]: Invalid user Nora from 192.168.56.7
Apr 21 22:58:48 metasploitable3-ub1404 sshd[3240]: input_userauth_request: invalid user Nora [preauth]
Apr 21 22:58:48 metasploitable3-ub1404 sshd[3240]: pam_unix(sshd:auth): check pass; user unknown
Apr 21 22:58:48 metasploitable3-ub1404 sshd[3240]: pam_unix(sshd:auth): authentication failure; logname= uid=0 euid=0 tty=ssh ruser= rhost=192.168.56.7 
Apr 21 22:58:49 metasploitable3-ub1404 sshd[3240]: Failed password for invalid user Nora from 192.168.56.7 port 39233 ssh2
Apr 21 22:58:49 metasploitable3-ub1404 sshd[3240]: Connection closed by 192.168.56.7 [preauth]
Apr 21 22:58:49 metasploitable3-ub1404 sshd[3242]: Invalid user Nora from 192.168.56.7
Apr 21 22:58:49 metasploitable3-ub1404 sshd[3242]: input_userauth_request: invalid user Nora [preauth]
Apr 21 22:58:50 metasploitable3-ub1404 sshd[3242]: pam_unix(sshd:auth): check pass; user unknown
Apr 21 22:58:50 metasploitable3-ub1404 sshd[3242]: pam_unix(sshd:auth): authentication failure; logname= uid=0 euid=0 tty=ssh ruser= rhost=192.168.56.7 
Apr 21 22:58:52 metasploitable3-ub1404 sshd[3242]: Failed password for invalid user Nora from 192.168.56.7 port 44967 ssh2
Apr 21 22:58:52 metasploitable3-ub1404 sshd[3242]: Connection closed by 192.168.56.7 [preauth]
Apr 21 22:58:52 metasploitable3-ub1404 sshd[3244]: Invalid user Nora from 192.168.56.7
Apr 21 22:58:52 metasploitable3-ub1404 sshd[3244]: input_userauth_request: invalid user Nora [preauth]
Apr 21 22:58:52 metasploitable3-ub1404 sshd[3244]: pam_unix(sshd:auth): check pass; user unknown
Apr 21 22:58:52 metasploitable3-ub1404 sshd[3244]: pam_unix(sshd:auth): authentication failure; logname= uid=0 euid=0 tty=ssh ruser= rhost=192.168.56.7 
Apr 21 22:58:53 metasploitable3-ub1404 sshd[3244]: Failed password for invalid user Nora from 192.168.56.7 port 44627 ssh2
Apr 21 22:58:53 metasploitable3-ub1404 sshd[3244]: Connection closed by 192.168.56.7 [preauth]
Apr 21 22:58:54 metasploitable3-ub1404 sshd[3246]: Invalid user Nora from 192.168.56.7
Apr 21 22:58:54 metasploitable3-ub1404 sshd[3246]: input_userauth_request: invalid user Nora [preauth]
Apr 21 22:58:54 metasploitable3-ub1404 sshd[3246]: pam_unix(sshd:auth): check pass; user unknown
Apr 21 22:58:54 metasploitable3-ub1404 sshd[3246]: pam_unix(sshd:auth): authentication failure; logname= uid=0 euid=0 tty=ssh ruser= rhost=192.168.56.7 
Apr 21 22:58:56 metasploitable3-ub1404 sshd[3246]: Failed password for invalid user Nora from 192.168.56.7 port 41409 ssh2
Apr 21 22:58:56 metasploitable3-ub1404 sshd[3246]: Connection closed by 192.168.56.7 [preauth]
Apr 21 22:58:56 metasploitable3-ub1404 sshd[3248]: Invalid user Nora from 192.168.56.7
Apr 21 22:58:56 metasploitable3-ub1404 sshd[3248]: input_userauth_request: invalid user Nora [preauth]
Apr 21 22:58:56 metasploitable3-ub1404 sshd[3248]: Failed none for invalid user Nora from 192.168.56.7 port 45243 ssh2
Apr 21 22:58:56 metasploitable3-ub1404 sshd[3248]: Connection closed by 192.168.56.7 [preauth]
Apr 21 22:58:56 metasploitable3-ub1404 sshd[3250]: pam_unix(sshd:auth): authentication failure; logname= uid=0 euid=0 tty=ssh ruser= rhost=192.168.56.7  user=vagrant
Apr 21 22:58:58 metasploitable3-ub1404 sshd[3250]: Failed password for vagrant from 192.168.56.7 port 35875 ssh2
Apr 21 22:58:58 metasploitable3-ub1404 sshd[3250]: Connection closed by 192.168.56.7 [preauth]
Apr 21 22:58:59 metasploitable3-ub1404 sshd[3252]: pam_unix(sshd:auth): authentication failure; logname= uid=0 euid=0 tty=ssh ruser= rhost=192.168.56.7  user=vagrant
Apr 21 22:59:01 metasploitable3-ub1404 sshd[3252]: Failed password for vagrant from 192.168.56.7 port 46721 ssh2
Apr 21 22:59:01 metasploitable3-ub1404 sshd[3252]: Connection closed by 192.168.56.7 [preauth]
Apr 21 22:59:01 metasploitable3-ub1404 sshd[3254]: pam_unix(sshd:auth): authentication failure; logname= uid=0 euid=0 tty=ssh ruser= rhost=192.168.56.7  user=vagrant
Apr 21 22:59:02 metasploitable3-ub1404 sshd[3254]: Failed password for vagrant from 192.168.56.7 port 44157 ssh2
Apr 21 22:59:02 metasploitable3-ub1404 sshd[3254]: Connection closed by 192.168.56.7 [preauth]
Apr 21 22:59:03 metasploitable3-ub1404 sshd[3256]: Accepted password for vagrant from 192.168.56.7 port 33375 ssh2
Apr 21 22:59:03 metasploitable3-ub1404 sshd[3256]: pam_unix(sshd:session): session opened for user vagrant by (uid=0)
Apr 21 22:59:03 metasploitable3-ub1404 sshd[3283]: Invalid user  from 192.168.56.7
Apr 21 22:59:03 metasploitable3-ub1404 sshd[3283]: input_userauth_request: invalid user  [preauth]
Apr 21 22:59:03 metasploitable3-ub1404 sshd[3283]: pam_unix(sshd:auth): check pass; user unknown
Apr 21 22:59:03 metasploitable3-ub1404 sshd[3283]: pam_unix(sshd:auth): authentication failure; logname= uid=0 euid=0 tty=ssh ruser= rhost=192.168.56.7 
Apr 21 22:59:06 metasploitable3-ub1404 sshd[3283]: Failed password for invalid user  from 192.168.56.7 port 43825 ssh2
Apr 21 22:59:06 metasploitable3-ub1404 sshd[3283]: Connection closed by 192.168.56.7 [preauth]
Apr 21 22:59:06 metasploitable3-ub1404 sshd[3285]: Invalid user  from 192.168.56.7
Apr 21 22:59:06 metasploitable3-ub1404 sshd[3285]: input_userauth_request: invalid user  [preauth]
Apr 21 22:59:06 metasploitable3-ub1404 sshd[3285]: pam_unix(sshd:auth): check pass; user unknown
Apr 21 22:59:06 metasploitable3-ub1404 sshd[3285]: pam_unix(sshd:auth): authentication failure; logname= uid=0 euid=0 tty=ssh ruser= rhost=192.168.56.7 
Apr 21 22:59:08 metasploitable3-ub1404 sshd[3285]: Failed password for invalid user  from 192.168.56.7 port 43237 ssh2
Apr 21 22:59:08 metasploitable3-ub1404 sshd[3285]: Connection closed by 192.168.56.7 [preauth]
Apr 21 22:59:08 metasploitable3-ub1404 sshd[3287]: Invalid user  from 192.168.56.7
Apr 21 22:59:08 metasploitable3-ub1404 sshd[3287]: input_userauth_request: invalid user  [preauth]
Apr 21 22:59:08 metasploitable3-ub1404 sshd[3287]: pam_unix(sshd:auth): check pass; user unknown
Apr 21 22:59:08 metasploitable3-ub1404 sshd[3287]: pam_unix(sshd:auth): authentication failure; logname= uid=0 euid=0 tty=ssh ruser= rhost=192.168.56.7 
Apr 21 22:59:10 metasploitable3-ub1404 sshd[3287]: Failed password for invalid user  from 192.168.56.7 port 39923 ssh2
Apr 21 22:59:10 metasploitable3-ub1404 sshd[3287]: Connection closed by 192.168.56.7 [preauth]
Apr 21 22:59:11 metasploitable3-ub1404 sshd[3289]: Invalid user  from 192.168.56.7
Apr 21 22:59:11 metasploitable3-ub1404 sshd[3289]: input_userauth_request: invalid user  [preauth]
Apr 21 22:59:11 metasploitable3-ub1404 sshd[3289]: pam_unix(sshd:auth): check pass; user unknown
Apr 21 22:59:11 metasploitable3-ub1404 sshd[3289]: pam_unix(sshd:auth): authentication failure; logname= uid=0 euid=0 tty=ssh ruser= rhost=192.168.56.7 
Apr 21 22:59:13 metasploitable3-ub1404 sshd[3289]: Failed password for invalid user  from 192.168.56.7 port 41977 ssh2
Apr 21 22:59:13 metasploitable3-ub1404 sshd[3289]: Connection closed by 192.168.56.7 [preauth]
Apr 21 22:59:13 metasploitable3-ub1404 sshd[3291]: Invalid user  from 192.168.56.7
Apr 21 22:59:13 metasploitable3-ub1404 sshd[3291]: input_userauth_request: invalid user  [preauth]
Apr 21 22:59:13 metasploitable3-ub1404 sshd[3291]: Failed none for invalid user  from 192.168.56.7 port 36943 ssh2
Apr 21 22:59:13 metasploitable3-ub1404 sshd[3291]: Connection closed by 192.168.56.7 [preauth]
Apr 21 23:17:01 metasploitable3-ub1404 CRON[3460]: pam_unix(cron:session): session opened for user root by (uid=0)
Apr 21 23:17:01 metasploitable3-ub1404 CRON[3460]: pam_unix(cron:session): session closed for user root
Apr 21 23:49:59 metasploitable3-ub1404 sshd[3256]: pam_unix(sshd:session): session closed for user vagrant
Apr 22 00:09:33 metasploitable3-ub1404 sshd[3968]: Invalid user Shahad from 192.168.56.7
Apr 22 00:09:33 metasploitable3-ub1404 sshd[3968]: input_userauth_request: invalid user Shahad [preauth]
Apr 22 00:09:33 metasploitable3-ub1404 sshd[3968]: pam_unix(sshd:auth): check pass; user unknown
Apr 22 00:09:33 metasploitable3-ub1404 sshd[3968]: pam_unix(sshd:auth): authentication failure; logname= uid=0 euid=0 tty=ssh ruser= rhost=192.168.56.7 
Apr 22 00:09:35 metasploitable3-ub1404 sshd[3968]: Failed password for invalid user Shahad from 192.168.56.7 port 43195 ssh2
Apr 22 00:09:35 metasploitable3-ub1404 sshd[3968]: Connection closed by 192.168.56.7 [preauth]
Apr 22 00:09:35 metasploitable3-ub1404 sshd[3970]: Invalid user Shahad from 192.168.56.7
Apr 22 00:09:35 metasploitable3-ub1404 sshd[3970]: input_userauth_request: invalid user Shahad [preauth]
Apr 22 00:09:35 metasploitable3-ub1404 sshd[3970]: pam_unix(sshd:auth): check pass; user unknown
Apr 22 00:09:35 metasploitable3-ub1404 sshd[3970]: pam_unix(sshd:auth): authentication failure; logname= uid=0 euid=0 tty=ssh ruser= rhost=192.168.56.7 
Apr 22 00:09:37 metasploitable3-ub1404 sshd[3970]: Failed password for invalid user Shahad from 192.168.56.7 port 41203 ssh2
Apr 22 00:09:37 metasploitable3-ub1404 sshd[3970]: Connection closed by 192.168.56.7 [preauth]
Apr 22 00:09:37 metasploitable3-ub1404 sshd[3972]: Invalid user Shahad from 192.168.56.7
Apr 22 00:09:37 metasploitable3-ub1404 sshd[3972]: input_userauth_request: invalid user Shahad [preauth]
Apr 22 00:09:37 metasploitable3-ub1404 sshd[3972]: pam_unix(sshd:auth): check pass; user unknown
Apr 22 00:09:37 metasploitable3-ub1404 sshd[3972]: pam_unix(sshd:auth): authentication failure; logname= uid=0 euid=0 tty=ssh ruser= rhost=192.168.56.7 
Apr 22 00:09:39 metasploitable3-ub1404 sshd[3972]: Failed password for invalid user Shahad from 192.168.56.7 port 44489 ssh2
Apr 22 00:09:39 metasploitable3-ub1404 sshd[3972]: Connection closed by 192.168.56.7 [preauth]
Apr 22 00:09:39 metasploitable3-ub1404 sshd[3974]: Invalid user Shahad from 192.168.56.7
Apr 22 00:09:39 metasploitable3-ub1404 sshd[3974]: input_userauth_request: invalid user Shahad [preauth]
Apr 22 00:09:39 metasploitable3-ub1404 sshd[3974]: pam_unix(sshd:auth): check pass; user unknown
Apr 22 00:09:39 metasploitable3-ub1404 sshd[3974]: pam_unix(sshd:auth): authentication failure; logname= uid=0 euid=0 tty=ssh ruser= rhost=192.168.56.7 
Apr 22 00:09:42 metasploitable3-ub1404 sshd[3974]: Failed password for invalid user Shahad from 192.168.56.7 port 41769 ssh2
Apr 22 00:09:42 metasploitable3-ub1404 sshd[3974]: Connection closed by 192.168.56.7 [preauth]
Apr 22 00:09:42 metasploitable3-ub1404 sshd[3976]: Invalid user Shahad from 192.168.56.7
Apr 22 00:09:42 metasploitable3-ub1404 sshd[3976]: input_userauth_request: invalid user Shahad [preauth]
Apr 22 00:09:42 metasploitable3-ub1404 sshd[3976]: pam_unix(sshd:auth): check pass; user unknown
Apr 22 00:09:42 metasploitable3-ub1404 sshd[3976]: pam_unix(sshd:auth): authentication failure; logname= uid=0 euid=0 tty=ssh ruser= rhost=192.168.56.7 
Apr 22 00:09:43 metasploitable3-ub1404 sshd[3976]: Failed password for invalid user Shahad from 192.168.56.7 port 36011 ssh2
Apr 22 00:09:43 metasploitable3-ub1404 sshd[3976]: Connection closed by 192.168.56.7 [preauth]
Apr 22 00:09:43 metasploitable3-ub1404 sshd[3978]: Invalid user Shahad from 192.168.56.7
Apr 22 00:09:43 metasploitable3-ub1404 sshd[3978]: input_userauth_request: invalid user Shahad [preauth]
Apr 22 00:09:43 metasploitable3-ub1404 sshd[3978]: pam_unix(sshd:auth): check pass; user unknown
Apr 22 00:09:43 metasploitable3-ub1404 sshd[3978]: pam_unix(sshd:auth): authentication failure; logname= uid=0 euid=0 tty=ssh ruser= rhost=192.168.56.7 
Apr 22 00:09:45 metasploitable3-ub1404 sshd[3978]: Failed password for invalid user Shahad from 192.168.56.7 port 36655 ssh2
Apr 22 00:09:45 metasploitable3-ub1404 sshd[3978]: Connection closed by 192.168.56.7 [preauth]
Apr 22 00:09:45 metasploitable3-ub1404 sshd[3980]: Invalid user Shahad from 192.168.56.7
Apr 22 00:09:45 metasploitable3-ub1404 sshd[3980]: input_userauth_request: invalid user Shahad [preauth]
Apr 22 00:09:45 metasploitable3-ub1404 sshd[3980]: pam_unix(sshd:auth): check pass; user unknown
Apr 22 00:09:45 metasploitable3-ub1404 sshd[3980]: pam_unix(sshd:auth): authentication failure; logname= uid=0 euid=0 tty=ssh ruser= rhost=192.168.56.7 
Apr 22 00:09:47 metasploitable3-ub1404 sshd[3980]: Failed password for invalid user Shahad from 192.168.56.7 port 38095 ssh2
Apr 22 00:09:47 metasploitable3-ub1404 sshd[3980]: Connection closed by 192.168.56.7 [preauth]
Apr 22 00:09:47 metasploitable3-ub1404 sshd[3982]: Invalid user Shahad from 192.168.56.7
Apr 22 00:09:47 metasploitable3-ub1404 sshd[3982]: input_userauth_request: invalid user Shahad [preauth]
Apr 22 00:09:47 metasploitable3-ub1404 sshd[3982]: pam_unix(sshd:auth): check pass; user unknown
Apr 22 00:09:47 metasploitable3-ub1404 sshd[3982]: pam_unix(sshd:auth): authentication failure; logname= uid=0 euid=0 tty=ssh ruser= rhost=192.168.56.7 
Apr 22 00:09:50 metasploitable3-ub1404 sshd[3982]: Failed password for invalid user Shahad from 192.168.56.7 port 39209 ssh2
Apr 22 00:09:50 metasploitable3-ub1404 sshd[3982]: Connection closed by 192.168.56.7 [preauth]
Apr 22 00:09:50 metasploitable3-ub1404 sshd[3984]: Invalid user Shahad from 192.168.56.7
Apr 22 00:09:50 metasploitable3-ub1404 sshd[3984]: input_userauth_request: invalid user Shahad [preauth]
Apr 22 00:09:50 metasploitable3-ub1404 sshd[3984]: pam_unix(sshd:auth): check pass; user unknown
Apr 22 00:09:50 metasploitable3-ub1404 sshd[3984]: pam_unix(sshd:auth): authentication failure; logname= uid=0 euid=0 tty=ssh ruser= rhost=192.168.56.7 
Apr 22 00:09:52 metasploitable3-ub1404 sshd[3984]: Failed password for invalid user Shahad from 192.168.56.7 port 45151 ssh2
Apr 22 00:09:52 metasploitable3-ub1404 sshd[3984]: Connection closed by 192.168.56.7 [preauth]
Apr 22 00:09:52 metasploitable3-ub1404 sshd[3986]: Invalid user Shahad from 192.168.56.7
Apr 22 00:09:52 metasploitable3-ub1404 sshd[3986]: input_userauth_request: invalid user Shahad [preauth]
Apr 22 00:09:52 metasploitable3-ub1404 sshd[3986]: pam_unix(sshd:auth): check pass; user unknown
Apr 22 00:09:52 metasploitable3-ub1404 sshd[3986]: pam_unix(sshd:auth): authentication failure; logname= uid=0 euid=0 tty=ssh ruser= rhost=192.168.56.7 
Apr 22 00:09:55 metasploitable3-ub1404 sshd[3986]: Failed password for invalid user Shahad from 192.168.56.7 port 43013 ssh2
Apr 22 00:09:55 metasploitable3-ub1404 sshd[3986]: Connection closed by 192.168.56.7 [preauth]
Apr 22 00:09:55 metasploitable3-ub1404 sshd[3988]: Invalid user Shahad from 192.168.56.7
Apr 22 00:09:55 metasploitable3-ub1404 sshd[3988]: input_userauth_request: invalid user Shahad [preauth]
Apr 22 00:09:55 metasploitable3-ub1404 sshd[3988]: pam_unix(sshd:auth): check pass; user unknown
Apr 22 00:09:55 metasploitable3-ub1404 sshd[3988]: pam_unix(sshd:auth): authentication failure; logname= uid=0 euid=0 tty=ssh ruser= rhost=192.168.56.7 
Apr 22 00:09:57 metasploitable3-ub1404 sshd[3988]: Failed password for invalid user Shahad from 192.168.56.7 port 34443 ssh2
Apr 22 00:09:57 metasploitable3-ub1404 sshd[3988]: Connection closed by 192.168.56.7 [preauth]
Apr 22 00:09:57 metasploitable3-ub1404 sshd[3990]: Invalid user Shahad from 192.168.56.7
Apr 22 00:09:57 metasploitable3-ub1404 sshd[3990]: input_userauth_request: invalid user Shahad [preauth]
Apr 22 00:09:57 metasploitable3-ub1404 sshd[3990]: pam_unix(sshd:auth): check pass; user unknown
Apr 22 00:09:57 metasploitable3-ub1404 sshd[3990]: pam_unix(sshd:auth): authentication failure; logname= uid=0 euid=0 tty=ssh ruser= rhost=192.168.56.7 
Apr 22 00:09:59 metasploitable3-ub1404 sshd[3990]: Failed password for invalid user Shahad from 192.168.56.7 port 42427 ssh2
Apr 22 00:09:59 metasploitable3-ub1404 sshd[3990]: Connection closed by 192.168.56.7 [preauth]
Apr 22 00:09:59 metasploitable3-ub1404 sshd[3992]: Invalid user Shahad from 192.168.56.7
Apr 22 00:09:59 metasploitable3-ub1404 sshd[3992]: input_userauth_request: invalid user Shahad [preauth]
Apr 22 00:09:59 metasploitable3-ub1404 sshd[3992]: Failed none for invalid user Shahad from 192.168.56.7 port 40559 ssh2
Apr 22 00:09:59 metasploitable3-ub1404 sshd[3992]: Connection closed by 192.168.56.7 [preauth]
Apr 22 00:09:59 metasploitable3-ub1404 sshd[3994]: Invalid user Norah from 192.168.56.7
Apr 22 00:09:59 metasploitable3-ub1404 sshd[3994]: input_userauth_request: invalid user Norah [preauth]
Apr 22 00:09:59 metasploitable3-ub1404 sshd[3994]: pam_unix(sshd:auth): check pass; user unknown
Apr 22 00:09:59 metasploitable3-ub1404 sshd[3994]: pam_unix(sshd:auth): authentication failure; logname= uid=0 euid=0 tty=ssh ruser= rhost=192.168.56.7 
Apr 22 00:10:01 metasploitable3-ub1404 sshd[3994]: Failed password for invalid user Norah from 192.168.56.7 port 42125 ssh2
Apr 22 00:10:01 metasploitable3-ub1404 sshd[3994]: Connection closed by 192.168.56.7 [preauth]
Apr 22 00:10:02 metasploitable3-ub1404 sshd[3996]: Invalid user Norah from 192.168.56.7
Apr 22 00:10:02 metasploitable3-ub1404 sshd[3996]: input_userauth_request: invalid user Norah [preauth]
Apr 22 00:10:02 metasploitable3-ub1404 sshd[3996]: pam_unix(sshd:auth): check pass; user unknown
Apr 22 00:10:02 metasploitable3-ub1404 sshd[3996]: pam_unix(sshd:auth): authentication failure; logname= uid=0 euid=0 tty=ssh ruser= rhost=192.168.56.7 
Apr 22 00:10:04 metasploitable3-ub1404 sshd[3996]: Failed password for invalid user Norah from 192.168.56.7 port 43237 ssh2
Apr 22 00:10:04 metasploitable3-ub1404 sshd[3996]: Connection closed by 192.168.56.7 [preauth]
Apr 22 00:10:04 metasploitable3-ub1404 sshd[3998]: Invalid user Norah from 192.168.56.7
Apr 22 00:10:04 metasploitable3-ub1404 sshd[3998]: input_userauth_request: invalid user Norah [preauth]
Apr 22 00:10:04 metasploitable3-ub1404 sshd[3998]: pam_unix(sshd:auth): check pass; user unknown
Apr 22 00:10:04 metasploitable3-ub1404 sshd[3998]: pam_unix(sshd:auth): authentication failure; logname= uid=0 euid=0 tty=ssh ruser= rhost=192.168.56.7 
Apr 22 00:10:06 metasploitable3-ub1404 sshd[3998]: Failed password for invalid user Norah from 192.168.56.7 port 46025 ssh2
Apr 22 00:10:06 metasploitable3-ub1404 sshd[3998]: Connection closed by 192.168.56.7 [preauth]
Apr 22 00:10:06 metasploitable3-ub1404 sshd[4000]: Invalid user Norah from 192.168.56.7
Apr 22 00:10:06 metasploitable3-ub1404 sshd[4000]: input_userauth_request: invalid user Norah [preauth]
Apr 22 00:10:06 metasploitable3-ub1404 sshd[4000]: pam_unix(sshd:auth): check pass; user unknown
Apr 22 00:10:06 metasploitable3-ub1404 sshd[4000]: pam_unix(sshd:auth): authentication failure; logname= uid=0 euid=0 tty=ssh ruser= rhost=192.168.56.7 
Apr 22 00:10:08 metasploitable3-ub1404 sshd[4000]: Failed password for invalid user Norah from 192.168.56.7 port 45489 ssh2
Apr 22 00:10:08 metasploitable3-ub1404 sshd[4000]: Connection closed by 192.168.56.7 [preauth]
Apr 22 00:10:08 metasploitable3-ub1404 sshd[4002]: Invalid user Norah from 192.168.56.7
Apr 22 00:10:08 metasploitable3-ub1404 sshd[4002]: input_userauth_request: invalid user Norah [preauth]
Apr 22 00:10:08 metasploitable3-ub1404 sshd[4002]: pam_unix(sshd:auth): check pass; user unknown
Apr 22 00:10:08 metasploitable3-ub1404 sshd[4002]: pam_unix(sshd:auth): authentication failure; logname= uid=0 euid=0 tty=ssh ruser= rhost=192.168.56.7 
Apr 22 00:10:10 metasploitable3-ub1404 sshd[4002]: Failed password for invalid user Norah from 192.168.56.7 port 35403 ssh2
Apr 22 00:10:10 metasploitable3-ub1404 sshd[4002]: Connection closed by 192.168.56.7 [preauth]
Apr 22 00:10:10 metasploitable3-ub1404 sshd[4004]: Invalid user Norah from 192.168.56.7
Apr 22 00:10:10 metasploitable3-ub1404 sshd[4004]: input_userauth_request: invalid user Norah [preauth]
Apr 22 00:10:10 metasploitable3-ub1404 sshd[4004]: pam_unix(sshd:auth): check pass; user unknown
Apr 22 00:10:10 metasploitable3-ub1404 sshd[4004]: pam_unix(sshd:auth): authentication failure; logname= uid=0 euid=0 tty=ssh ruser= rhost=192.168.56.7 
Apr 22 00:10:12 metasploitable3-ub1404 sshd[4004]: Failed password for invalid user Norah from 192.168.56.7 port 35881 ssh2
Apr 22 00:10:12 metasploitable3-ub1404 sshd[4004]: Connection closed by 192.168.56.7 [preauth]
Apr 22 00:10:12 metasploitable3-ub1404 sshd[4006]: Invalid user Norah from 192.168.56.7
Apr 22 00:10:12 metasploitable3-ub1404 sshd[4006]: input_userauth_request: invalid user Norah [preauth]
Apr 22 00:10:12 metasploitable3-ub1404 sshd[4006]: pam_unix(sshd:auth): check pass; user unknown
Apr 22 00:10:12 metasploitable3-ub1404 sshd[4006]: pam_unix(sshd:auth): authentication failure; logname= uid=0 euid=0 tty=ssh ruser= rhost=192.168.56.7 
Apr 22 00:10:14 metasploitable3-ub1404 sshd[4006]: Failed password for invalid user Norah from 192.168.56.7 port 37625 ssh2
Apr 22 00:10:14 metasploitable3-ub1404 sshd[4006]: Connection closed by 192.168.56.7 [preauth]
Apr 22 00:10:14 metasploitable3-ub1404 sshd[4008]: Invalid user Norah from 192.168.56.7
Apr 22 00:10:14 metasploitable3-ub1404 sshd[4008]: input_userauth_request: invalid user Norah [preauth]
Apr 22 00:10:14 metasploitable3-ub1404 sshd[4008]: pam_unix(sshd:auth): check pass; user unknown
Apr 22 00:10:14 metasploitable3-ub1404 sshd[4008]: pam_unix(sshd:auth): authentication failure; logname= uid=0 euid=0 tty=ssh ruser= rhost=192.168.56.7 
Apr 22 00:10:16 metasploitable3-ub1404 sshd[4008]: Failed password for invalid user Norah from 192.168.56.7 port 38851 ssh2
Apr 22 00:10:16 metasploitable3-ub1404 sshd[4008]: Connection closed by 192.168.56.7 [preauth]
Apr 22 00:10:16 metasploitable3-ub1404 sshd[4010]: Invalid user Norah from 192.168.56.7
Apr 22 00:10:16 metasploitable3-ub1404 sshd[4010]: input_userauth_request: invalid user Norah [preauth]
Apr 22 00:10:17 metasploitable3-ub1404 sshd[4010]: pam_unix(sshd:auth): check pass; user unknown
Apr 22 00:10:17 metasploitable3-ub1404 sshd[4010]: pam_unix(sshd:auth): authentication failure; logname= uid=0 euid=0 tty=ssh ruser= rhost=192.168.56.7 
Apr 22 00:10:19 metasploitable3-ub1404 sshd[4010]: Failed password for invalid user Norah from 192.168.56.7 port 37805 ssh2
Apr 22 00:10:19 metasploitable3-ub1404 sshd[4010]: Connection closed by 192.168.56.7 [preauth]
Apr 22 00:10:19 metasploitable3-ub1404 sshd[4012]: Invalid user Norah from 192.168.56.7
Apr 22 00:10:19 metasploitable3-ub1404 sshd[4012]: input_userauth_request: invalid user Norah [preauth]
Apr 22 00:10:19 metasploitable3-ub1404 sshd[4012]: pam_unix(sshd:auth): check pass; user unknown
Apr 22 00:10:19 metasploitable3-ub1404 sshd[4012]: pam_unix(sshd:auth): authentication failure; logname= uid=0 euid=0 tty=ssh ruser= rhost=192.168.56.7 
Apr 22 00:10:20 metasploitable3-ub1404 sshd[4012]: Failed password for invalid user Norah from 192.168.56.7 port 44501 ssh2
Apr 22 00:10:20 metasploitable3-ub1404 sshd[4012]: Connection closed by 192.168.56.7 [preauth]
Apr 22 00:10:20 metasploitable3-ub1404 sshd[4014]: Invalid user Norah from 192.168.56.7
Apr 22 00:10:20 metasploitable3-ub1404 sshd[4014]: input_userauth_request: invalid user Norah [preauth]
Apr 22 00:10:20 metasploitable3-ub1404 sshd[4014]: pam_unix(sshd:auth): check pass; user unknown
Apr 22 00:10:20 metasploitable3-ub1404 sshd[4014]: pam_unix(sshd:auth): authentication failure; logname= uid=0 euid=0 tty=ssh ruser= rhost=192.168.56.7 
Apr 22 00:10:22 metasploitable3-ub1404 sshd[4014]: Failed password for invalid user Norah from 192.168.56.7 port 37615 ssh2
Apr 22 00:10:22 metasploitable3-ub1404 sshd[4014]: Connection closed by 192.168.56.7 [preauth]
Apr 22 00:10:22 metasploitable3-ub1404 sshd[4016]: Invalid user Norah from 192.168.56.7
Apr 22 00:10:22 metasploitable3-ub1404 sshd[4016]: input_userauth_request: invalid user Norah [preauth]
Apr 22 00:10:22 metasploitable3-ub1404 sshd[4016]: pam_unix(sshd:auth): check pass; user unknown
Apr 22 00:10:22 metasploitable3-ub1404 sshd[4016]: pam_unix(sshd:auth): authentication failure; logname= uid=0 euid=0 tty=ssh ruser= rhost=192.168.56.7 
Apr 22 00:10:24 metasploitable3-ub1404 sshd[4016]: Failed password for invalid user Norah from 192.168.56.7 port 45287 ssh2
Apr 22 00:10:24 metasploitable3-ub1404 sshd[4016]: Connection closed by 192.168.56.7 [preauth]
Apr 22 00:10:24 metasploitable3-ub1404 sshd[4018]: Invalid user Norah from 192.168.56.7
Apr 22 00:10:24 metasploitable3-ub1404 sshd[4018]: input_userauth_request: invalid user Norah [preauth]
Apr 22 00:10:24 metasploitable3-ub1404 sshd[4018]: Failed none for invalid user Norah from 192.168.56.7 port 37867 ssh2
Apr 22 00:10:24 metasploitable3-ub1404 sshd[4018]: Connection closed by 192.168.56.7 [preauth]
Apr 22 00:10:24 metasploitable3-ub1404 sshd[4020]: Invalid user Nora from 192.168.56.7
Apr 22 00:10:24 metasploitable3-ub1404 sshd[4020]: input_userauth_request: invalid user Nora [preauth]
Apr 22 00:10:24 metasploitable3-ub1404 sshd[4020]: pam_unix(sshd:auth): check pass; user unknown
Apr 22 00:10:24 metasploitable3-ub1404 sshd[4020]: pam_unix(sshd:auth): authentication failure; logname= uid=0 euid=0 tty=ssh ruser= rhost=192.168.56.7 
Apr 22 00:10:26 metasploitable3-ub1404 sshd[4020]: Failed password for invalid user Nora from 192.168.56.7 port 37573 ssh2
Apr 22 00:10:26 metasploitable3-ub1404 sshd[4020]: Connection closed by 192.168.56.7 [preauth]
Apr 22 00:10:26 metasploitable3-ub1404 sshd[4022]: Invalid user Nora from 192.168.56.7
Apr 22 00:10:26 metasploitable3-ub1404 sshd[4022]: input_userauth_request: invalid user Nora [preauth]
Apr 22 00:10:26 metasploitable3-ub1404 sshd[4022]: pam_unix(sshd:auth): check pass; user unknown
Apr 22 00:10:26 metasploitable3-ub1404 sshd[4022]: pam_unix(sshd:auth): authentication failure; logname= uid=0 euid=0 tty=ssh ruser= rhost=192.168.56.7 
Apr 22 00:10:29 metasploitable3-ub1404 sshd[4022]: Failed password for invalid user Nora from 192.168.56.7 port 42723 ssh2
Apr 22 00:10:29 metasploitable3-ub1404 sshd[4022]: Connection closed by 192.168.56.7 [preauth]
Apr 22 00:10:29 metasploitable3-ub1404 sshd[4024]: Invalid user Nora from 192.168.56.7
Apr 22 00:10:29 metasploitable3-ub1404 sshd[4024]: input_userauth_request: invalid user Nora [preauth]
Apr 22 00:10:29 metasploitable3-ub1404 sshd[4024]: pam_unix(sshd:auth): check pass; user unknown
Apr 22 00:10:29 metasploitable3-ub1404 sshd[4024]: pam_unix(sshd:auth): authentication failure; logname= uid=0 euid=0 tty=ssh ruser= rhost=192.168.56.7 
Apr 22 00:10:31 metasploitable3-ub1404 sshd[4024]: Failed password for invalid user Nora from 192.168.56.7 port 34573 ssh2
Apr 22 00:10:31 metasploitable3-ub1404 sshd[4024]: Connection closed by 192.168.56.7 [preauth]
Apr 22 00:10:31 metasploitable3-ub1404 sshd[4026]: Invalid user Nora from 192.168.56.7
Apr 22 00:10:31 metasploitable3-ub1404 sshd[4026]: input_userauth_request: invalid user Nora [preauth]
Apr 22 00:10:31 metasploitable3-ub1404 sshd[4026]: pam_unix(sshd:auth): check pass; user unknown
Apr 22 00:10:31 metasploitable3-ub1404 sshd[4026]: pam_unix(sshd:auth): authentication failure; logname= uid=0 euid=0 tty=ssh ruser= rhost=192.168.56.7 
Apr 22 00:10:33 metasploitable3-ub1404 sshd[4026]: Failed password for invalid user Nora from 192.168.56.7 port 35817 ssh2
Apr 22 00:10:33 metasploitable3-ub1404 sshd[4026]: Connection closed by 192.168.56.7 [preauth]
Apr 22 00:10:33 metasploitable3-ub1404 sshd[4028]: Invalid user Nora from 192.168.56.7
Apr 22 00:10:33 metasploitable3-ub1404 sshd[4028]: input_userauth_request: invalid user Nora [preauth]
Apr 22 00:10:33 metasploitable3-ub1404 sshd[4028]: pam_unix(sshd:auth): check pass; user unknown
Apr 22 00:10:33 metasploitable3-ub1404 sshd[4028]: pam_unix(sshd:auth): authentication failure; logname= uid=0 euid=0 tty=ssh ruser= rhost=192.168.56.7 
Apr 22 00:10:35 metasploitable3-ub1404 sshd[4028]: Failed password for invalid user Nora from 192.168.56.7 port 42053 ssh2
Apr 22 00:10:35 metasploitable3-ub1404 sshd[4028]: Connection closed by 192.168.56.7 [preauth]
Apr 22 00:10:35 metasploitable3-ub1404 sshd[4030]: Invalid user Nora from 192.168.56.7
Apr 22 00:10:35 metasploitable3-ub1404 sshd[4030]: input_userauth_request: invalid user Nora [preauth]
Apr 22 00:10:35 metasploitable3-ub1404 sshd[4030]: pam_unix(sshd:auth): check pass; user unknown
Apr 22 00:10:35 metasploitable3-ub1404 sshd[4030]: pam_unix(sshd:auth): authentication failure; logname= uid=0 euid=0 tty=ssh ruser= rhost=192.168.56.7 
Apr 22 00:10:37 metasploitable3-ub1404 sshd[4030]: Failed password for invalid user Nora from 192.168.56.7 port 32873 ssh2
Apr 22 00:10:37 metasploitable3-ub1404 sshd[4030]: Connection closed by 192.168.56.7 [preauth]
Apr 22 00:10:37 metasploitable3-ub1404 sshd[4032]: Invalid user Nora from 192.168.56.7
Apr 22 00:10:37 metasploitable3-ub1404 sshd[4032]: input_userauth_request: invalid user Nora [preauth]
Apr 22 00:10:37 metasploitable3-ub1404 sshd[4032]: pam_unix(sshd:auth): check pass; user unknown
Apr 22 00:10:37 metasploitable3-ub1404 sshd[4032]: pam_unix(sshd:auth): authentication failure; logname= uid=0 euid=0 tty=ssh ruser= rhost=192.168.56.7 
Apr 22 00:10:40 metasploitable3-ub1404 sshd[4032]: Failed password for invalid user Nora from 192.168.56.7 port 34099 ssh2
Apr 22 00:10:40 metasploitable3-ub1404 sshd[4032]: Connection closed by 192.168.56.7 [preauth]
Apr 22 00:10:40 metasploitable3-ub1404 sshd[4034]: Invalid user Nora from 192.168.56.7
Apr 22 00:10:40 metasploitable3-ub1404 sshd[4034]: input_userauth_request: invalid user Nora [preauth]
Apr 22 00:10:40 metasploitable3-ub1404 sshd[4034]: pam_unix(sshd:auth): check pass; user unknown
Apr 22 00:10:40 metasploitable3-ub1404 sshd[4034]: pam_unix(sshd:auth): authentication failure; logname= uid=0 euid=0 tty=ssh ruser= rhost=192.168.56.7 
Apr 22 00:10:42 metasploitable3-ub1404 sshd[4034]: Failed password for invalid user Nora from 192.168.56.7 port 39705 ssh2
Apr 22 00:10:42 metasploitable3-ub1404 sshd[4034]: Connection closed by 192.168.56.7 [preauth]
Apr 22 00:10:42 metasploitable3-ub1404 sshd[4036]: Invalid user Nora from 192.168.56.7
Apr 22 00:10:42 metasploitable3-ub1404 sshd[4036]: input_userauth_request: invalid user Nora [preauth]
Apr 22 00:10:42 metasploitable3-ub1404 sshd[4036]: pam_unix(sshd:auth): check pass; user unknown
Apr 22 00:10:42 metasploitable3-ub1404 sshd[4036]: pam_unix(sshd:auth): authentication failure; logname= uid=0 euid=0 tty=ssh ruser= rhost=192.168.56.7 
Apr 22 00:10:44 metasploitable3-ub1404 sshd[4036]: Failed password for invalid user Nora from 192.168.56.7 port 33447 ssh2
Apr 22 00:10:44 metasploitable3-ub1404 sshd[4036]: Connection closed by 192.168.56.7 [preauth]
Apr 22 00:10:44 metasploitable3-ub1404 sshd[4038]: Invalid user Nora from 192.168.56.7
Apr 22 00:10:44 metasploitable3-ub1404 sshd[4038]: input_userauth_request: invalid user Nora [preauth]
Apr 22 00:10:44 metasploitable3-ub1404 sshd[4038]: pam_unix(sshd:auth): check pass; user unknown
Apr 22 00:10:44 metasploitable3-ub1404 sshd[4038]: pam_unix(sshd:auth): authentication failure; logname= uid=0 euid=0 tty=ssh ruser= rhost=192.168.56.7 
Apr 22 00:10:46 metasploitable3-ub1404 sshd[4038]: Failed password for invalid user Nora from 192.168.56.7 port 39645 ssh2
Apr 22 00:10:46 metasploitable3-ub1404 sshd[4038]: Connection closed by 192.168.56.7 [preauth]
Apr 22 00:10:46 metasploitable3-ub1404 sshd[4040]: Invalid user Nora from 192.168.56.7
Apr 22 00:10:46 metasploitable3-ub1404 sshd[4040]: input_userauth_request: invalid user Nora [preauth]
Apr 22 00:10:46 metasploitable3-ub1404 sshd[4040]: pam_unix(sshd:auth): check pass; user unknown
Apr 22 00:10:46 metasploitable3-ub1404 sshd[4040]: pam_unix(sshd:auth): authentication failure; logname= uid=0 euid=0 tty=ssh ruser= rhost=192.168.56.7 
Apr 22 00:10:49 metasploitable3-ub1404 sshd[4040]: Failed password for invalid user Nora from 192.168.56.7 port 37313 ssh2
Apr 22 00:10:49 metasploitable3-ub1404 sshd[4040]: Connection closed by 192.168.56.7 [preauth]
Apr 22 00:10:49 metasploitable3-ub1404 sshd[4042]: Invalid user Nora from 192.168.56.7
Apr 22 00:10:49 metasploitable3-ub1404 sshd[4042]: input_userauth_request: invalid user Nora [preauth]
Apr 22 00:10:49 metasploitable3-ub1404 sshd[4042]: pam_unix(sshd:auth): check pass; user unknown
Apr 22 00:10:49 metasploitable3-ub1404 sshd[4042]: pam_unix(sshd:auth): authentication failure; logname= uid=0 euid=0 tty=ssh ruser= rhost=192.168.56.7 
Apr 22 00:10:51 metasploitable3-ub1404 sshd[4042]: Failed password for invalid user Nora from 192.168.56.7 port 38495 ssh2
Apr 22 00:10:51 metasploitable3-ub1404 sshd[4042]: Connection closed by 192.168.56.7 [preauth]
Apr 22 00:10:51 metasploitable3-ub1404 sshd[4044]: Invalid user Nora from 192.168.56.7
Apr 22 00:10:51 metasploitable3-ub1404 sshd[4044]: input_userauth_request: invalid user Nora [preauth]
Apr 22 00:10:51 metasploitable3-ub1404 sshd[4044]: Failed none for invalid user Nora from 192.168.56.7 port 41365 ssh2
Apr 22 00:10:51 metasploitable3-ub1404 sshd[4044]: Connection closed by 192.168.56.7 [preauth]
Apr 22 00:10:51 metasploitable3-ub1404 sshd[4046]: pam_unix(sshd:auth): authentication failure; logname= uid=0 euid=0 tty=ssh ruser= rhost=192.168.56.7  user=vagrant
Apr 22 00:10:53 metasploitable3-ub1404 sshd[4046]: Failed password for vagrant from 192.168.56.7 port 46185 ssh2
Apr 22 00:10:53 metasploitable3-ub1404 sshd[4046]: Connection closed by 192.168.56.7 [preauth]
Apr 22 00:10:54 metasploitable3-ub1404 sshd[4048]: pam_unix(sshd:auth): authentication failure; logname= uid=0 euid=0 tty=ssh ruser= rhost=192.168.56.7  user=vagrant
Apr 22 00:10:55 metasploitable3-ub1404 sshd[4048]: Failed password for vagrant from 192.168.56.7 port 37143 ssh2
Apr 22 00:10:55 metasploitable3-ub1404 sshd[4048]: Connection closed by 192.168.56.7 [preauth]
Apr 22 00:10:55 metasploitable3-ub1404 sshd[4050]: pam_unix(sshd:auth): authentication failure; logname= uid=0 euid=0 tty=ssh ruser= rhost=192.168.56.7  user=vagrant
Apr 22 00:10:57 metasploitable3-ub1404 sshd[4050]: Failed password for vagrant from 192.168.56.7 port 35703 ssh2
Apr 22 00:10:57 metasploitable3-ub1404 sshd[4050]: Connection closed by 192.168.56.7 [preauth]
Apr 22 00:10:57 metasploitable3-ub1404 sshd[4052]: Accepted password for vagrant from 192.168.56.7 port 35037 ssh2
Apr 22 00:10:57 metasploitable3-ub1404 sshd[4052]: pam_unix(sshd:session): session opened for user vagrant by (uid=0)
Apr 22 00:10:57 metasploitable3-ub1404 sshd[4079]: Invalid user Jude from 192.168.56.7
Apr 22 00:10:57 metasploitable3-ub1404 sshd[4079]: input_userauth_request: invalid user Jude [preauth]
Apr 22 00:10:57 metasploitable3-ub1404 sshd[4079]: pam_unix(sshd:auth): check pass; user unknown
Apr 22 00:10:57 metasploitable3-ub1404 sshd[4079]: pam_unix(sshd:auth): authentication failure; logname= uid=0 euid=0 tty=ssh ruser= rhost=192.168.56.7 
Apr 22 00:11:00 metasploitable3-ub1404 sshd[4079]: Failed password for invalid user Jude from 192.168.56.7 port 44325 ssh2
Apr 22 00:11:00 metasploitable3-ub1404 sshd[4079]: Connection closed by 192.168.56.7 [preauth]
Apr 22 00:11:00 metasploitable3-ub1404 sshd[4081]: Invalid user Jude from 192.168.56.7
Apr 22 00:11:00 metasploitable3-ub1404 sshd[4081]: input_userauth_request: invalid user Jude [preauth]
Apr 22 00:11:00 metasploitable3-ub1404 sshd[4081]: pam_unix(sshd:auth): check pass; user unknown
Apr 22 00:11:00 metasploitable3-ub1404 sshd[4081]: pam_unix(sshd:auth): authentication failure; logname= uid=0 euid=0 tty=ssh ruser= rhost=192.168.56.7 
Apr 22 00:11:02 metasploitable3-ub1404 sshd[4081]: Failed password for invalid user Jude from 192.168.56.7 port 46761 ssh2
Apr 22 00:11:02 metasploitable3-ub1404 sshd[4081]: Connection closed by 192.168.56.7 [preauth]
Apr 22 00:11:02 metasploitable3-ub1404 sshd[4083]: Invalid user Jude from 192.168.56.7
Apr 22 00:11:02 metasploitable3-ub1404 sshd[4083]: input_userauth_request: invalid user Jude [preauth]
Apr 22 00:11:02 metasploitable3-ub1404 sshd[4083]: pam_unix(sshd:auth): check pass; user unknown
Apr 22 00:11:02 metasploitable3-ub1404 sshd[4083]: pam_unix(sshd:auth): authentication failure; logname= uid=0 euid=0 tty=ssh ruser= rhost=192.168.56.7 
Apr 22 00:11:04 metasploitable3-ub1404 sshd[4083]: Failed password for invalid user Jude from 192.168.56.7 port 40921 ssh2
Apr 22 00:11:04 metasploitable3-ub1404 sshd[4083]: Connection closed by 192.168.56.7 [preauth]
Apr 22 00:11:04 metasploitable3-ub1404 sshd[4085]: Invalid user Jude from 192.168.56.7
Apr 22 00:11:04 metasploitable3-ub1404 sshd[4085]: input_userauth_request: invalid user Jude [preauth]
Apr 22 00:11:04 metasploitable3-ub1404 sshd[4085]: pam_unix(sshd:auth): check pass; user unknown
Apr 22 00:11:04 metasploitable3-ub1404 sshd[4085]: pam_unix(sshd:auth): authentication failure; logname= uid=0 euid=0 tty=ssh ruser= rhost=192.168.56.7 
Apr 22 00:11:06 metasploitable3-ub1404 sshd[4085]: Failed password for invalid user Jude from 192.168.56.7 port 37963 ssh2
Apr 22 00:11:06 metasploitable3-ub1404 sshd[4085]: Connection closed by 192.168.56.7 [preauth]
Apr 22 00:11:06 metasploitable3-ub1404 sshd[4087]: Invalid user Jude from 192.168.56.7
Apr 22 00:11:06 metasploitable3-ub1404 sshd[4087]: input_userauth_request: invalid user Jude [preauth]
Apr 22 00:11:06 metasploitable3-ub1404 sshd[4087]: pam_unix(sshd:auth): check pass; user unknown
Apr 22 00:11:06 metasploitable3-ub1404 sshd[4087]: pam_unix(sshd:auth): authentication failure; logname= uid=0 euid=0 tty=ssh ruser= rhost=192.168.56.7 
Apr 22 00:11:07 metasploitable3-ub1404 sshd[4087]: Failed password for invalid user Jude from 192.168.56.7 port 42629 ssh2
Apr 22 00:11:07 metasploitable3-ub1404 sshd[4087]: Connection closed by 192.168.56.7 [preauth]
Apr 22 00:11:07 metasploitable3-ub1404 sshd[4089]: Invalid user Jude from 192.168.56.7
Apr 22 00:11:07 metasploitable3-ub1404 sshd[4089]: input_userauth_request: invalid user Jude [preauth]
Apr 22 00:11:07 metasploitable3-ub1404 sshd[4089]: pam_unix(sshd:auth): check pass; user unknown
Apr 22 00:11:07 metasploitable3-ub1404 sshd[4089]: pam_unix(sshd:auth): authentication failure; logname= uid=0 euid=0 tty=ssh ruser= rhost=192.168.56.7 
Apr 22 00:11:09 metasploitable3-ub1404 sshd[4089]: Failed password for invalid user Jude from 192.168.56.7 port 40689 ssh2
Apr 22 00:11:09 metasploitable3-ub1404 sshd[4089]: Connection closed by 192.168.56.7 [preauth]
Apr 22 00:11:09 metasploitable3-ub1404 sshd[4091]: Invalid user Jude from 192.168.56.7
Apr 22 00:11:09 metasploitable3-ub1404 sshd[4091]: input_userauth_request: invalid user Jude [preauth]
Apr 22 00:11:09 metasploitable3-ub1404 sshd[4091]: pam_unix(sshd:auth): check pass; user unknown
Apr 22 00:11:09 metasploitable3-ub1404 sshd[4091]: pam_unix(sshd:auth): authentication failure; logname= uid=0 euid=0 tty=ssh ruser= rhost=192.168.56.7 
Apr 22 00:11:11 metasploitable3-ub1404 sshd[4091]: Failed password for invalid user Jude from 192.168.56.7 port 40553 ssh2
Apr 22 00:11:11 metasploitable3-ub1404 sshd[4091]: Connection closed by 192.168.56.7 [preauth]
Apr 22 00:11:11 metasploitable3-ub1404 sshd[4093]: Invalid user Jude from 192.168.56.7
Apr 22 00:11:11 metasploitable3-ub1404 sshd[4093]: input_userauth_request: invalid user Jude [preauth]
Apr 22 00:11:11 metasploitable3-ub1404 sshd[4093]: pam_unix(sshd:auth): check pass; user unknown
Apr 22 00:11:11 metasploitable3-ub1404 sshd[4093]: pam_unix(sshd:auth): authentication failure; logname= uid=0 euid=0 tty=ssh ruser= rhost=192.168.56.7 
Apr 22 00:11:14 metasploitable3-ub1404 sshd[4093]: Failed password for invalid user Jude from 192.168.56.7 port 43441 ssh2
Apr 22 00:11:14 metasploitable3-ub1404 sshd[4093]: Connection closed by 192.168.56.7 [preauth]
Apr 22 00:11:14 metasploitable3-ub1404 sshd[4095]: Invalid user Jude from 192.168.56.7
Apr 22 00:11:14 metasploitable3-ub1404 sshd[4095]: input_userauth_request: invalid user Jude [preauth]
Apr 22 00:11:14 metasploitable3-ub1404 sshd[4095]: pam_unix(sshd:auth): check pass; user unknown
Apr 22 00:11:14 metasploitable3-ub1404 sshd[4095]: pam_unix(sshd:auth): authentication failure; logname= uid=0 euid=0 tty=ssh ruser= rhost=192.168.56.7 
Apr 22 00:11:16 metasploitable3-ub1404 sshd[4095]: Failed password for invalid user Jude from 192.168.56.7 port 43417 ssh2
Apr 22 00:11:16 metasploitable3-ub1404 sshd[4095]: Connection closed by 192.168.56.7 [preauth]
Apr 22 00:11:16 metasploitable3-ub1404 sshd[4097]: Invalid user Jude from 192.168.56.7
Apr 22 00:11:16 metasploitable3-ub1404 sshd[4097]: input_userauth_request: invalid user Jude [preauth]
Apr 22 00:11:16 metasploitable3-ub1404 sshd[4097]: pam_unix(sshd:auth): check pass; user unknown
Apr 22 00:11:16 metasploitable3-ub1404 sshd[4097]: pam_unix(sshd:auth): authentication failure; logname= uid=0 euid=0 tty=ssh ruser= rhost=192.168.56.7 
Apr 22 00:11:18 metasploitable3-ub1404 sshd[4097]: Failed password for invalid user Jude from 192.168.56.7 port 35095 ssh2
Apr 22 00:11:18 metasploitable3-ub1404 sshd[4097]: Connection closed by 192.168.56.7 [preauth]
Apr 22 00:11:18 metasploitable3-ub1404 sshd[4099]: Invalid user Jude from 192.168.56.7
Apr 22 00:11:18 metasploitable3-ub1404 sshd[4099]: input_userauth_request: invalid user Jude [preauth]
Apr 22 00:11:18 metasploitable3-ub1404 sshd[4099]: pam_unix(sshd:auth): check pass; user unknown
Apr 22 00:11:18 metasploitable3-ub1404 sshd[4099]: pam_unix(sshd:auth): authentication failure; logname= uid=0 euid=0 tty=ssh ruser= rhost=192.168.56.7 
Apr 22 00:11:19 metasploitable3-ub1404 sshd[4099]: Failed password for invalid user Jude from 192.168.56.7 port 43431 ssh2
Apr 22 00:11:19 metasploitable3-ub1404 sshd[4099]: Connection closed by 192.168.56.7 [preauth]
Apr 22 00:11:19 metasploitable3-ub1404 sshd[4101]: Invalid user Jude from 192.168.56.7
Apr 22 00:11:19 metasploitable3-ub1404 sshd[4101]: input_userauth_request: invalid user Jude [preauth]
Apr 22 00:11:19 metasploitable3-ub1404 sshd[4101]: pam_unix(sshd:auth): check pass; user unknown
Apr 22 00:11:19 metasploitable3-ub1404 sshd[4101]: pam_unix(sshd:auth): authentication failure; logname= uid=0 euid=0 tty=ssh ruser= rhost=192.168.56.7 
Apr 22 00:11:21 metasploitable3-ub1404 sshd[4101]: Failed password for invalid user Jude from 192.168.56.7 port 32819 ssh2
Apr 22 00:11:21 metasploitable3-ub1404 sshd[4101]: Connection closed by 192.168.56.7 [preauth]
Apr 22 00:11:21 metasploitable3-ub1404 sshd[4103]: Invalid user Jude from 192.168.56.7
Apr 22 00:11:21 metasploitable3-ub1404 sshd[4103]: input_userauth_request: invalid user Jude [preauth]
Apr 22 00:11:21 metasploitable3-ub1404 sshd[4103]: Failed none for invalid user Jude from 192.168.56.7 port 41587 ssh2
Apr 22 00:11:21 metasploitable3-ub1404 sshd[4103]: Connection closed by 192.168.56.7 [preauth]
Apr 22 00:11:21 metasploitable3-ub1404 sshd[4105]: Invalid user Jouri from 192.168.56.7
Apr 22 00:11:21 metasploitable3-ub1404 sshd[4105]: input_userauth_request: invalid user Jouri [preauth]
Apr 22 00:11:21 metasploitable3-ub1404 sshd[4105]: pam_unix(sshd:auth): check pass; user unknown
Apr 22 00:11:21 metasploitable3-ub1404 sshd[4105]: pam_unix(sshd:auth): authentication failure; logname= uid=0 euid=0 tty=ssh ruser= rhost=192.168.56.7 
Apr 22 00:11:23 metasploitable3-ub1404 sshd[4105]: Failed password for invalid user Jouri from 192.168.56.7 port 33399 ssh2
Apr 22 00:11:23 metasploitable3-ub1404 sshd[4105]: Connection closed by 192.168.56.7 [preauth]
Apr 22 00:11:23 metasploitable3-ub1404 sshd[4107]: Invalid user Jouri from 192.168.56.7
Apr 22 00:11:23 metasploitable3-ub1404 sshd[4107]: input_userauth_request: invalid user Jouri [preauth]
Apr 22 00:11:23 metasploitable3-ub1404 sshd[4107]: pam_unix(sshd:auth): check pass; user unknown
Apr 22 00:11:23 metasploitable3-ub1404 sshd[4107]: pam_unix(sshd:auth): authentication failure; logname= uid=0 euid=0 tty=ssh ruser= rhost=192.168.56.7 
Apr 22 00:11:25 metasploitable3-ub1404 sshd[4107]: Failed password for invalid user Jouri from 192.168.56.7 port 41657 ssh2
Apr 22 00:11:25 metasploitable3-ub1404 sshd[4107]: Connection closed by 192.168.56.7 [preauth]
Apr 22 00:11:25 metasploitable3-ub1404 sshd[4109]: Invalid user Jouri from 192.168.56.7
Apr 22 00:11:25 metasploitable3-ub1404 sshd[4109]: input_userauth_request: invalid user Jouri [preauth]
Apr 22 00:11:25 metasploitable3-ub1404 sshd[4109]: pam_unix(sshd:auth): check pass; user unknown
Apr 22 00:11:25 metasploitable3-ub1404 sshd[4109]: pam_unix(sshd:auth): authentication failure; logname= uid=0 euid=0 tty=ssh ruser= rhost=192.168.56.7 
Apr 22 00:11:27 metasploitable3-ub1404 sshd[4109]: Failed password for invalid user Jouri from 192.168.56.7 port 41863 ssh2
Apr 22 00:11:27 metasploitable3-ub1404 sshd[4109]: Connection closed by 192.168.56.7 [preauth]
Apr 22 00:11:27 metasploitable3-ub1404 sshd[4111]: Invalid user Jouri from 192.168.56.7
Apr 22 00:11:27 metasploitable3-ub1404 sshd[4111]: input_userauth_request: invalid user Jouri [preauth]
Apr 22 00:11:27 metasploitable3-ub1404 sshd[4111]: pam_unix(sshd:auth): check pass; user unknown
Apr 22 00:11:27 metasploitable3-ub1404 sshd[4111]: pam_unix(sshd:auth): authentication failure; logname= uid=0 euid=0 tty=ssh ruser= rhost=192.168.56.7 
Apr 22 00:11:29 metasploitable3-ub1404 sshd[4111]: Failed password for invalid user Jouri from 192.168.56.7 port 40565 ssh2
Apr 22 00:11:29 metasploitable3-ub1404 sshd[4111]: Connection closed by 192.168.56.7 [preauth]
Apr 22 00:11:29 metasploitable3-ub1404 sshd[4113]: Invalid user Jouri from 192.168.56.7
Apr 22 00:11:29 metasploitable3-ub1404 sshd[4113]: input_userauth_request: invalid user Jouri [preauth]
Apr 22 00:11:29 metasploitable3-ub1404 sshd[4113]: pam_unix(sshd:auth): check pass; user unknown
Apr 22 00:11:29 metasploitable3-ub1404 sshd[4113]: pam_unix(sshd:auth): authentication failure; logname= uid=0 euid=0 tty=ssh ruser= rhost=192.168.56.7 
Apr 22 00:11:31 metasploitable3-ub1404 sshd[4113]: Failed password for invalid user Jouri from 192.168.56.7 port 44403 ssh2
Apr 22 00:11:31 metasploitable3-ub1404 sshd[4113]: Connection closed by 192.168.56.7 [preauth]
Apr 22 00:11:31 metasploitable3-ub1404 sshd[4115]: Invalid user Jouri from 192.168.56.7
Apr 22 00:11:31 metasploitable3-ub1404 sshd[4115]: input_userauth_request: invalid user Jouri [preauth]
Apr 22 00:11:31 metasploitable3-ub1404 sshd[4115]: pam_unix(sshd:auth): check pass; user unknown
Apr 22 00:11:31 metasploitable3-ub1404 sshd[4115]: pam_unix(sshd:auth): authentication failure; logname= uid=0 euid=0 tty=ssh ruser= rhost=192.168.56.7 
Apr 22 00:11:33 metasploitable3-ub1404 sshd[4115]: Failed password for invalid user Jouri from 192.168.56.7 port 38815 ssh2
Apr 22 00:11:33 metasploitable3-ub1404 sshd[4115]: Connection closed by 192.168.56.7 [preauth]
Apr 22 00:11:33 metasploitable3-ub1404 sshd[4117]: Invalid user Jouri from 192.168.56.7
Apr 22 00:11:33 metasploitable3-ub1404 sshd[4117]: input_userauth_request: invalid user Jouri [preauth]
Apr 22 00:11:33 metasploitable3-ub1404 sshd[4117]: pam_unix(sshd:auth): check pass; user unknown
Apr 22 00:11:33 metasploitable3-ub1404 sshd[4117]: pam_unix(sshd:auth): authentication failure; logname= uid=0 euid=0 tty=ssh ruser= rhost=192.168.56.7 
Apr 22 00:11:35 metasploitable3-ub1404 sshd[4117]: Failed password for invalid user Jouri from 192.168.56.7 port 40339 ssh2
Apr 22 00:11:35 metasploitable3-ub1404 sshd[4117]: Connection closed by 192.168.56.7 [preauth]
Apr 22 00:11:35 metasploitable3-ub1404 sshd[4119]: Invalid user Jouri from 192.168.56.7
Apr 22 00:11:35 metasploitable3-ub1404 sshd[4119]: input_userauth_request: invalid user Jouri [preauth]
Apr 22 00:11:35 metasploitable3-ub1404 sshd[4119]: pam_unix(sshd:auth): check pass; user unknown
Apr 22 00:11:35 metasploitable3-ub1404 sshd[4119]: pam_unix(sshd:auth): authentication failure; logname= uid=0 euid=0 tty=ssh ruser= rhost=192.168.56.7 
Apr 22 00:11:37 metasploitable3-ub1404 sshd[4119]: Failed password for invalid user Jouri from 192.168.56.7 port 33947 ssh2
Apr 22 00:11:37 metasploitable3-ub1404 sshd[4119]: Connection closed by 192.168.56.7 [preauth]
Apr 22 00:11:37 metasploitable3-ub1404 sshd[4122]: Invalid user Jouri from 192.168.56.7
Apr 22 00:11:37 metasploitable3-ub1404 sshd[4122]: input_userauth_request: invalid user Jouri [preauth]
Apr 22 00:11:37 metasploitable3-ub1404 sshd[4122]: pam_unix(sshd:auth): check pass; user unknown
Apr 22 00:11:37 metasploitable3-ub1404 sshd[4122]: pam_unix(sshd:auth): authentication failure; logname= uid=0 euid=0 tty=ssh ruser= rhost=192.168.56.7 
Apr 22 00:11:39 metasploitable3-ub1404 sshd[4122]: Failed password for invalid user Jouri from 192.168.56.7 port 38811 ssh2
Apr 22 00:11:39 metasploitable3-ub1404 sshd[4122]: Connection closed by 192.168.56.7 [preauth]
Apr 22 00:11:39 metasploitable3-ub1404 sshd[4124]: Invalid user Jouri from 192.168.56.7
Apr 22 00:11:39 metasploitable3-ub1404 sshd[4124]: input_userauth_request: invalid user Jouri [preauth]
Apr 22 00:11:39 metasploitable3-ub1404 sshd[4124]: pam_unix(sshd:auth): check pass; user unknown
Apr 22 00:11:39 metasploitable3-ub1404 sshd[4124]: pam_unix(sshd:auth): authentication failure; logname= uid=0 euid=0 tty=ssh ruser= rhost=192.168.56.7 
Apr 22 00:11:41 metasploitable3-ub1404 sshd[4124]: Failed password for invalid user Jouri from 192.168.56.7 port 40649 ssh2
Apr 22 00:11:41 metasploitable3-ub1404 sshd[4124]: Connection closed by 192.168.56.7 [preauth]
Apr 22 00:11:41 metasploitable3-ub1404 sshd[4126]: Invalid user Jouri from 192.168.56.7
Apr 22 00:11:41 metasploitable3-ub1404 sshd[4126]: input_userauth_request: invalid user Jouri [preauth]
Apr 22 00:11:41 metasploitable3-ub1404 sshd[4126]: pam_unix(sshd:auth): check pass; user unknown
Apr 22 00:11:41 metasploitable3-ub1404 sshd[4126]: pam_unix(sshd:auth): authentication failure; logname= uid=0 euid=0 tty=ssh ruser= rhost=192.168.56.7 
Apr 22 00:11:43 metasploitable3-ub1404 sshd[4126]: Failed password for invalid user Jouri from 192.168.56.7 port 41307 ssh2
Apr 22 00:11:43 metasploitable3-ub1404 sshd[4126]: Connection closed by 192.168.56.7 [preauth]
Apr 22 00:11:43 metasploitable3-ub1404 sshd[4128]: Invalid user Jouri from 192.168.56.7
Apr 22 00:11:43 metasploitable3-ub1404 sshd[4128]: input_userauth_request: invalid user Jouri [preauth]
Apr 22 00:11:43 metasploitable3-ub1404 sshd[4128]: pam_unix(sshd:auth): check pass; user unknown
Apr 22 00:11:43 metasploitable3-ub1404 sshd[4128]: pam_unix(sshd:auth): authentication failure; logname= uid=0 euid=0 tty=ssh ruser= rhost=192.168.56.7 
Apr 22 00:11:45 metasploitable3-ub1404 sshd[4128]: Failed password for invalid user Jouri from 192.168.56.7 port 43835 ssh2
Apr 22 00:11:45 metasploitable3-ub1404 sshd[4128]: Connection closed by 192.168.56.7 [preauth]
Apr 22 00:11:45 metasploitable3-ub1404 sshd[4130]: Invalid user Jouri from 192.168.56.7
Apr 22 00:11:45 metasploitable3-ub1404 sshd[4130]: input_userauth_request: invalid user Jouri [preauth]
Apr 22 00:11:45 metasploitable3-ub1404 sshd[4130]: Failed none for invalid user Jouri from 192.168.56.7 port 39317 ssh2
Apr 22 00:11:45 metasploitable3-ub1404 sshd[4130]: Connection closed by 192.168.56.7 [preauth]
Apr 22 00:11:45 metasploitable3-ub1404 sshd[4132]: Invalid user Abood from 192.168.56.7
Apr 22 00:11:45 metasploitable3-ub1404 sshd[4132]: input_userauth_request: invalid user Abood [preauth]
Apr 22 00:11:45 metasploitable3-ub1404 sshd[4132]: pam_unix(sshd:auth): check pass; user unknown
Apr 22 00:11:45 metasploitable3-ub1404 sshd[4132]: pam_unix(sshd:auth): authentication failure; logname= uid=0 euid=0 tty=ssh ruser= rhost=192.168.56.7 
Apr 22 00:11:48 metasploitable3-ub1404 sshd[4132]: Failed password for invalid user Abood from 192.168.56.7 port 43515 ssh2
Apr 22 00:11:48 metasploitable3-ub1404 sshd[4132]: Connection closed by 192.168.56.7 [preauth]
Apr 22 00:11:48 metasploitable3-ub1404 sshd[4134]: Invalid user Abood from 192.168.56.7
Apr 22 00:11:48 metasploitable3-ub1404 sshd[4134]: input_userauth_request: invalid user Abood [preauth]
Apr 22 00:11:48 metasploitable3-ub1404 sshd[4134]: pam_unix(sshd:auth): check pass; user unknown
Apr 22 00:11:48 metasploitable3-ub1404 sshd[4134]: pam_unix(sshd:auth): authentication failure; logname= uid=0 euid=0 tty=ssh ruser= rhost=192.168.56.7 
Apr 22 00:11:50 metasploitable3-ub1404 sshd[4134]: Failed password for invalid user Abood from 192.168.56.7 port 33331 ssh2
Apr 22 00:11:50 metasploitable3-ub1404 sshd[4134]: Connection closed by 192.168.56.7 [preauth]
Apr 22 00:11:50 metasploitable3-ub1404 sshd[4136]: Invalid user Abood from 192.168.56.7
Apr 22 00:11:50 metasploitable3-ub1404 sshd[4136]: input_userauth_request: invalid user Abood [preauth]
Apr 22 00:11:50 metasploitable3-ub1404 sshd[4136]: pam_unix(sshd:auth): check pass; user unknown
Apr 22 00:11:50 metasploitable3-ub1404 sshd[4136]: pam_unix(sshd:auth): authentication failure; logname= uid=0 euid=0 tty=ssh ruser= rhost=192.168.56.7 
Apr 22 00:11:53 metasploitable3-ub1404 sshd[4136]: Failed password for invalid user Abood from 192.168.56.7 port 38967 ssh2
Apr 22 00:11:53 metasploitable3-ub1404 sshd[4136]: Connection closed by 192.168.56.7 [preauth]
Apr 22 00:11:53 metasploitable3-ub1404 sshd[4138]: Invalid user Abood from 192.168.56.7
Apr 22 00:11:53 metasploitable3-ub1404 sshd[4138]: input_userauth_request: invalid user Abood [preauth]
Apr 22 00:11:53 metasploitable3-ub1404 sshd[4138]: pam_unix(sshd:auth): check pass; user unknown
Apr 22 00:11:53 metasploitable3-ub1404 sshd[4138]: pam_unix(sshd:auth): authentication failure; logname= uid=0 euid=0 tty=ssh ruser= rhost=192.168.56.7 
Apr 22 00:11:55 metasploitable3-ub1404 sshd[4138]: Failed password for invalid user Abood from 192.168.56.7 port 33585 ssh2
Apr 22 00:11:55 metasploitable3-ub1404 sshd[4138]: Connection closed by 192.168.56.7 [preauth]
Apr 22 00:11:55 metasploitable3-ub1404 sshd[4140]: Invalid user Abood from 192.168.56.7
Apr 22 00:11:55 metasploitable3-ub1404 sshd[4140]: input_userauth_request: invalid user Abood [preauth]
Apr 22 00:11:55 metasploitable3-ub1404 sshd[4140]: pam_unix(sshd:auth): check pass; user unknown
Apr 22 00:11:55 metasploitable3-ub1404 sshd[4140]: pam_unix(sshd:auth): authentication failure; logname= uid=0 euid=0 tty=ssh ruser= rhost=192.168.56.7 
Apr 22 00:11:57 metasploitable3-ub1404 sshd[4140]: Failed password for invalid user Abood from 192.168.56.7 port 35807 ssh2
Apr 22 00:11:57 metasploitable3-ub1404 sshd[4140]: Connection closed by 192.168.56.7 [preauth]
Apr 22 00:11:57 metasploitable3-ub1404 sshd[4142]: Invalid user Abood from 192.168.56.7
Apr 22 00:11:57 metasploitable3-ub1404 sshd[4142]: input_userauth_request: invalid user Abood [preauth]
Apr 22 00:11:57 metasploitable3-ub1404 sshd[4142]: pam_unix(sshd:auth): check pass; user unknown
Apr 22 00:11:57 metasploitable3-ub1404 sshd[4142]: pam_unix(sshd:auth): authentication failure; logname= uid=0 euid=0 tty=ssh ruser= rhost=192.168.56.7 
Apr 22 00:12:00 metasploitable3-ub1404 sshd[4142]: Failed password for invalid user Abood from 192.168.56.7 port 34203 ssh2
Apr 22 00:12:00 metasploitable3-ub1404 sshd[4142]: Connection closed by 192.168.56.7 [preauth]
Apr 22 00:12:00 metasploitable3-ub1404 sshd[4185]: Invalid user Abood from 192.168.56.7
Apr 22 00:12:00 metasploitable3-ub1404 sshd[4185]: input_userauth_request: invalid user Abood [preauth]
Apr 22 00:12:00 metasploitable3-ub1404 sshd[4185]: pam_unix(sshd:auth): check pass; user unknown
Apr 22 00:12:00 metasploitable3-ub1404 sshd[4185]: pam_unix(sshd:auth): authentication failure; logname= uid=0 euid=0 tty=ssh ruser= rhost=192.168.56.7 
Apr 22 00:12:02 metasploitable3-ub1404 sshd[4185]: Failed password for invalid user Abood from 192.168.56.7 port 36373 ssh2
Apr 22 00:12:02 metasploitable3-ub1404 sshd[4185]: Connection closed by 192.168.56.7 [preauth]
Apr 22 00:12:02 metasploitable3-ub1404 sshd[4187]: Invalid user Abood from 192.168.56.7
Apr 22 00:12:02 metasploitable3-ub1404 sshd[4187]: input_userauth_request: invalid user Abood [preauth]
Apr 22 00:12:02 metasploitable3-ub1404 sshd[4187]: pam_unix(sshd:auth): check pass; user unknown
Apr 22 00:12:02 metasploitable3-ub1404 sshd[4187]: pam_unix(sshd:auth): authentication failure; logname= uid=0 euid=0 tty=ssh ruser= rhost=192.168.56.7 
Apr 22 00:12:04 metasploitable3-ub1404 sshd[4187]: Failed password for invalid user Abood from 192.168.56.7 port 41581 ssh2
Apr 22 00:12:04 metasploitable3-ub1404 sshd[4187]: Connection closed by 192.168.56.7 [preauth]
Apr 22 00:12:04 metasploitable3-ub1404 sshd[4189]: Invalid user Abood from 192.168.56.7
Apr 22 00:12:04 metasploitable3-ub1404 sshd[4189]: input_userauth_request: invalid user Abood [preauth]
Apr 22 00:12:04 metasploitable3-ub1404 sshd[4189]: pam_unix(sshd:auth): check pass; user unknown
Apr 22 00:12:04 metasploitable3-ub1404 sshd[4189]: pam_unix(sshd:auth): authentication failure; logname= uid=0 euid=0 tty=ssh ruser= rhost=192.168.56.7 
Apr 22 00:12:06 metasploitable3-ub1404 sshd[4189]: Failed password for invalid user Abood from 192.168.56.7 port 35811 ssh2
Apr 22 00:12:06 metasploitable3-ub1404 sshd[4189]: Connection closed by 192.168.56.7 [preauth]
Apr 22 00:12:06 metasploitable3-ub1404 sshd[4191]: Invalid user Abood from 192.168.56.7
Apr 22 00:12:06 metasploitable3-ub1404 sshd[4191]: input_userauth_request: invalid user Abood [preauth]
Apr 22 00:12:06 metasploitable3-ub1404 sshd[4191]: pam_unix(sshd:auth): check pass; user unknown
Apr 22 00:12:06 metasploitable3-ub1404 sshd[4191]: pam_unix(sshd:auth): authentication failure; logname= uid=0 euid=0 tty=ssh ruser= rhost=192.168.56.7 
Apr 22 00:12:08 metasploitable3-ub1404 sshd[4191]: Failed password for invalid user Abood from 192.168.56.7 port 45861 ssh2
Apr 22 00:12:08 metasploitable3-ub1404 sshd[4191]: Connection closed by 192.168.56.7 [preauth]
Apr 22 00:12:08 metasploitable3-ub1404 sshd[4193]: Invalid user Abood from 192.168.56.7
Apr 22 00:12:08 metasploitable3-ub1404 sshd[4193]: input_userauth_request: invalid user Abood [preauth]
Apr 22 00:12:08 metasploitable3-ub1404 sshd[4193]: pam_unix(sshd:auth): check pass; user unknown
Apr 22 00:12:08 metasploitable3-ub1404 sshd[4193]: pam_unix(sshd:auth): authentication failure; logname= uid=0 euid=0 tty=ssh ruser= rhost=192.168.56.7 
Apr 22 00:12:10 metasploitable3-ub1404 sshd[4193]: Failed password for invalid user Abood from 192.168.56.7 port 38443 ssh2
Apr 22 00:12:10 metasploitable3-ub1404 sshd[4193]: Connection closed by 192.168.56.7 [preauth]
Apr 22 00:12:10 metasploitable3-ub1404 sshd[4195]: Invalid user Abood from 192.168.56.7
Apr 22 00:12:10 metasploitable3-ub1404 sshd[4195]: input_userauth_request: invalid user Abood [preauth]
Apr 22 00:12:10 metasploitable3-ub1404 sshd[4195]: pam_unix(sshd:auth): check pass; user unknown
Apr 22 00:12:10 metasploitable3-ub1404 sshd[4195]: pam_unix(sshd:auth): authentication failure; logname= uid=0 euid=0 tty=ssh ruser= rhost=192.168.56.7 
Apr 22 00:12:12 metasploitable3-ub1404 sshd[4195]: Failed password for invalid user Abood from 192.168.56.7 port 42313 ssh2
Apr 22 00:12:12 metasploitable3-ub1404 sshd[4195]: Connection closed by 192.168.56.7 [preauth]
Apr 22 00:12:12 metasploitable3-ub1404 sshd[4197]: Invalid user Abood from 192.168.56.7
Apr 22 00:12:12 metasploitable3-ub1404 sshd[4197]: input_userauth_request: invalid user Abood [preauth]
Apr 22 00:12:12 metasploitable3-ub1404 sshd[4197]: Failed none for invalid user Abood from 192.168.56.7 port 33143 ssh2
Apr 22 00:12:12 metasploitable3-ub1404 sshd[4197]: Connection closed by 192.168.56.7 [preauth]
Apr 22 00:12:12 metasploitable3-ub1404 sshd[4199]: Invalid user Hamood from 192.168.56.7
Apr 22 00:12:12 metasploitable3-ub1404 sshd[4199]: input_userauth_request: invalid user Hamood [preauth]
Apr 22 00:12:12 metasploitable3-ub1404 sshd[4199]: pam_unix(sshd:auth): check pass; user unknown
Apr 22 00:12:12 metasploitable3-ub1404 sshd[4199]: pam_unix(sshd:auth): authentication failure; logname= uid=0 euid=0 tty=ssh ruser= rhost=192.168.56.7 
Apr 22 00:12:14 metasploitable3-ub1404 sshd[4199]: Failed password for invalid user Hamood from 192.168.56.7 port 41343 ssh2
Apr 22 00:12:14 metasploitable3-ub1404 sshd[4199]: Connection closed by 192.168.56.7 [preauth]
Apr 22 00:12:14 metasploitable3-ub1404 sshd[4201]: Invalid user Hamood from 192.168.56.7
Apr 22 00:12:14 metasploitable3-ub1404 sshd[4201]: input_userauth_request: invalid user Hamood [preauth]
Apr 22 00:12:14 metasploitable3-ub1404 sshd[4201]: pam_unix(sshd:auth): check pass; user unknown
Apr 22 00:12:14 metasploitable3-ub1404 sshd[4201]: pam_unix(sshd:auth): authentication failure; logname= uid=0 euid=0 tty=ssh ruser= rhost=192.168.56.7 
Apr 22 00:12:16 metasploitable3-ub1404 sshd[4201]: Failed password for invalid user Hamood from 192.168.56.7 port 34791 ssh2
Apr 22 00:12:16 metasploitable3-ub1404 sshd[4201]: Connection closed by 192.168.56.7 [preauth]
Apr 22 00:12:17 metasploitable3-ub1404 sshd[4203]: Invalid user Hamood from 192.168.56.7
Apr 22 00:12:17 metasploitable3-ub1404 sshd[4203]: input_userauth_request: invalid user Hamood [preauth]
Apr 22 00:12:17 metasploitable3-ub1404 sshd[4203]: pam_unix(sshd:auth): check pass; user unknown
Apr 22 00:12:17 metasploitable3-ub1404 sshd[4203]: pam_unix(sshd:auth): authentication failure; logname= uid=0 euid=0 tty=ssh ruser= rhost=192.168.56.7 
Apr 22 00:12:18 metasploitable3-ub1404 sshd[4203]: Failed password for invalid user Hamood from 192.168.56.7 port 38119 ssh2
Apr 22 00:12:18 metasploitable3-ub1404 sshd[4203]: Connection closed by 192.168.56.7 [preauth]
Apr 22 00:12:19 metasploitable3-ub1404 sshd[4205]: Invalid user Hamood from 192.168.56.7
Apr 22 00:12:19 metasploitable3-ub1404 sshd[4205]: input_userauth_request: invalid user Hamood [preauth]
Apr 22 00:12:19 metasploitable3-ub1404 sshd[4205]: pam_unix(sshd:auth): check pass; user unknown
Apr 22 00:12:19 metasploitable3-ub1404 sshd[4205]: pam_unix(sshd:auth): authentication failure; logname= uid=0 euid=0 tty=ssh ruser= rhost=192.168.56.7 
Apr 22 00:12:21 metasploitable3-ub1404 sshd[4205]: Failed password for invalid user Hamood from 192.168.56.7 port 41471 ssh2
Apr 22 00:12:21 metasploitable3-ub1404 sshd[4205]: Connection closed by 192.168.56.7 [preauth]
Apr 22 00:12:21 metasploitable3-ub1404 sshd[4207]: Invalid user Hamood from 192.168.56.7
Apr 22 00:12:21 metasploitable3-ub1404 sshd[4207]: input_userauth_request: invalid user Hamood [preauth]
Apr 22 00:12:21 metasploitable3-ub1404 sshd[4207]: pam_unix(sshd:auth): check pass; user unknown
Apr 22 00:12:21 metasploitable3-ub1404 sshd[4207]: pam_unix(sshd:auth): authentication failure; logname= uid=0 euid=0 tty=ssh ruser= rhost=192.168.56.7 
Apr 22 00:12:23 metasploitable3-ub1404 sshd[4207]: Failed password for invalid user Hamood from 192.168.56.7 port 44795 ssh2
Apr 22 00:12:23 metasploitable3-ub1404 sshd[4207]: Connection closed by 192.168.56.7 [preauth]
Apr 22 00:12:24 metasploitable3-ub1404 sshd[4209]: Invalid user Hamood from 192.168.56.7
Apr 22 00:12:24 metasploitable3-ub1404 sshd[4209]: input_userauth_request: invalid user Hamood [preauth]
Apr 22 00:12:24 metasploitable3-ub1404 sshd[4209]: pam_unix(sshd:auth): check pass; user unknown
Apr 22 00:12:24 metasploitable3-ub1404 sshd[4209]: pam_unix(sshd:auth): authentication failure; logname= uid=0 euid=0 tty=ssh ruser= rhost=192.168.56.7 
Apr 22 00:12:25 metasploitable3-ub1404 sshd[4209]: Failed password for invalid user Hamood from 192.168.56.7 port 33365 ssh2
Apr 22 00:12:25 metasploitable3-ub1404 sshd[4209]: Connection closed by 192.168.56.7 [preauth]
Apr 22 00:12:25 metasploitable3-ub1404 sshd[4211]: Invalid user Hamood from 192.168.56.7
Apr 22 00:12:25 metasploitable3-ub1404 sshd[4211]: input_userauth_request: invalid user Hamood [preauth]
Apr 22 00:12:25 metasploitable3-ub1404 sshd[4211]: pam_unix(sshd:auth): check pass; user unknown
Apr 22 00:12:25 metasploitable3-ub1404 sshd[4211]: pam_unix(sshd:auth): authentication failure; logname= uid=0 euid=0 tty=ssh ruser= rhost=192.168.56.7 
Apr 22 00:12:27 metasploitable3-ub1404 sshd[4211]: Failed password for invalid user Hamood from 192.168.56.7 port 40109 ssh2
Apr 22 00:12:27 metasploitable3-ub1404 sshd[4211]: Connection closed by 192.168.56.7 [preauth]
Apr 22 00:12:27 metasploitable3-ub1404 sshd[4213]: Invalid user Hamood from 192.168.56.7
Apr 22 00:12:27 metasploitable3-ub1404 sshd[4213]: input_userauth_request: invalid user Hamood [preauth]
Apr 22 00:12:27 metasploitable3-ub1404 sshd[4213]: pam_unix(sshd:auth): check pass; user unknown
Apr 22 00:12:27 metasploitable3-ub1404 sshd[4213]: pam_unix(sshd:auth): authentication failure; logname= uid=0 euid=0 tty=ssh ruser= rhost=192.168.56.7 
Apr 22 00:12:29 metasploitable3-ub1404 sshd[4213]: Failed password for invalid user Hamood from 192.168.56.7 port 38187 ssh2
Apr 22 00:12:29 metasploitable3-ub1404 sshd[4213]: Connection closed by 192.168.56.7 [preauth]
Apr 22 00:12:29 metasploitable3-ub1404 sshd[4215]: Invalid user Hamood from 192.168.56.7
Apr 22 00:12:29 metasploitable3-ub1404 sshd[4215]: input_userauth_request: invalid user Hamood [preauth]
Apr 22 00:12:29 metasploitable3-ub1404 sshd[4215]: pam_unix(sshd:auth): check pass; user unknown
Apr 22 00:12:29 metasploitable3-ub1404 sshd[4215]: pam_unix(sshd:auth): authentication failure; logname= uid=0 euid=0 tty=ssh ruser= rhost=192.168.56.7 
Apr 22 00:12:31 metasploitable3-ub1404 sshd[4215]: Failed password for invalid user Hamood from 192.168.56.7 port 35173 ssh2
Apr 22 00:12:31 metasploitable3-ub1404 sshd[4215]: Connection closed by 192.168.56.7 [preauth]
Apr 22 00:12:31 metasploitable3-ub1404 sshd[4217]: Invalid user Hamood from 192.168.56.7
Apr 22 00:12:31 metasploitable3-ub1404 sshd[4217]: input_userauth_request: invalid user Hamood [preauth]
Apr 22 00:12:31 metasploitable3-ub1404 sshd[4217]: pam_unix(sshd:auth): check pass; user unknown
Apr 22 00:12:31 metasploitable3-ub1404 sshd[4217]: pam_unix(sshd:auth): authentication failure; logname= uid=0 euid=0 tty=ssh ruser= rhost=192.168.56.7 
Apr 22 00:12:33 metasploitable3-ub1404 sshd[4217]: Failed password for invalid user Hamood from 192.168.56.7 port 45291 ssh2
Apr 22 00:12:33 metasploitable3-ub1404 sshd[4217]: Connection closed by 192.168.56.7 [preauth]
Apr 22 00:12:33 metasploitable3-ub1404 sshd[4219]: Invalid user Hamood from 192.168.56.7
Apr 22 00:12:33 metasploitable3-ub1404 sshd[4219]: input_userauth_request: invalid user Hamood [preauth]
Apr 22 00:12:33 metasploitable3-ub1404 sshd[4219]: pam_unix(sshd:auth): check pass; user unknown
Apr 22 00:12:33 metasploitable3-ub1404 sshd[4219]: pam_unix(sshd:auth): authentication failure; logname= uid=0 euid=0 tty=ssh ruser= rhost=192.168.56.7 
Apr 22 00:12:36 metasploitable3-ub1404 sshd[4219]: Failed password for invalid user Hamood from 192.168.56.7 port 43275 ssh2
Apr 22 00:12:36 metasploitable3-ub1404 sshd[4219]: Connection closed by 192.168.56.7 [preauth]
Apr 22 00:12:36 metasploitable3-ub1404 sshd[4221]: Invalid user Hamood from 192.168.56.7
Apr 22 00:12:36 metasploitable3-ub1404 sshd[4221]: input_userauth_request: invalid user Hamood [preauth]
Apr 22 00:12:36 metasploitable3-ub1404 sshd[4221]: pam_unix(sshd:auth): check pass; user unknown
Apr 22 00:12:36 metasploitable3-ub1404 sshd[4221]: pam_unix(sshd:auth): authentication failure; logname= uid=0 euid=0 tty=ssh ruser= rhost=192.168.56.7 
Apr 22 00:12:38 metasploitable3-ub1404 sshd[4221]: Failed password for invalid user Hamood from 192.168.56.7 port 46747 ssh2
Apr 22 00:12:38 metasploitable3-ub1404 sshd[4221]: Connection closed by 192.168.56.7 [preauth]
Apr 22 00:12:38 metasploitable3-ub1404 sshd[4223]: Invalid user Hamood from 192.168.56.7
Apr 22 00:12:38 metasploitable3-ub1404 sshd[4223]: input_userauth_request: invalid user Hamood [preauth]
Apr 22 00:12:38 metasploitable3-ub1404 sshd[4223]: Failed none for invalid user Hamood from 192.168.56.7 port 35953 ssh2
Apr 22 00:12:38 metasploitable3-ub1404 sshd[4223]: Connection closed by 192.168.56.7 [preauth]
Apr 22 00:12:38 metasploitable3-ub1404 sshd[4225]: Invalid user Noor from 192.168.56.7
Apr 22 00:12:38 metasploitable3-ub1404 sshd[4225]: input_userauth_request: invalid user Noor [preauth]
Apr 22 00:12:38 metasploitable3-ub1404 sshd[4225]: pam_unix(sshd:auth): check pass; user unknown
Apr 22 00:12:38 metasploitable3-ub1404 sshd[4225]: pam_unix(sshd:auth): authentication failure; logname= uid=0 euid=0 tty=ssh ruser= rhost=192.168.56.7 
Apr 22 00:12:39 metasploitable3-ub1404 sshd[4225]: Failed password for invalid user Noor from 192.168.56.7 port 36927 ssh2
Apr 22 00:12:39 metasploitable3-ub1404 sshd[4225]: Connection closed by 192.168.56.7 [preauth]
Apr 22 00:12:40 metasploitable3-ub1404 sshd[4227]: Invalid user Noor from 192.168.56.7
Apr 22 00:12:40 metasploitable3-ub1404 sshd[4227]: input_userauth_request: invalid user Noor [preauth]
Apr 22 00:12:40 metasploitable3-ub1404 sshd[4227]: pam_unix(sshd:auth): check pass; user unknown
Apr 22 00:12:40 metasploitable3-ub1404 sshd[4227]: pam_unix(sshd:auth): authentication failure; logname= uid=0 euid=0 tty=ssh ruser= rhost=192.168.56.7 
Apr 22 00:12:41 metasploitable3-ub1404 sshd[4227]: Failed password for invalid user Noor from 192.168.56.7 port 42445 ssh2
Apr 22 00:12:41 metasploitable3-ub1404 sshd[4227]: Connection closed by 192.168.56.7 [preauth]
Apr 22 00:12:41 metasploitable3-ub1404 sshd[4229]: Invalid user Noor from 192.168.56.7
Apr 22 00:12:41 metasploitable3-ub1404 sshd[4229]: input_userauth_request: invalid user Noor [preauth]
Apr 22 00:12:41 metasploitable3-ub1404 sshd[4229]: pam_unix(sshd:auth): check pass; user unknown
Apr 22 00:12:41 metasploitable3-ub1404 sshd[4229]: pam_unix(sshd:auth): authentication failure; logname= uid=0 euid=0 tty=ssh ruser= rhost=192.168.56.7 
Apr 22 00:12:43 metasploitable3-ub1404 sshd[4229]: Failed password for invalid user Noor from 192.168.56.7 port 45939 ssh2
Apr 22 00:12:43 metasploitable3-ub1404 sshd[4229]: Connection closed by 192.168.56.7 [preauth]
Apr 22 00:12:43 metasploitable3-ub1404 sshd[4231]: Invalid user Noor from 192.168.56.7
Apr 22 00:12:43 metasploitable3-ub1404 sshd[4231]: input_userauth_request: invalid user Noor [preauth]
Apr 22 00:12:43 metasploitable3-ub1404 sshd[4231]: pam_unix(sshd:auth): check pass; user unknown
Apr 22 00:12:43 metasploitable3-ub1404 sshd[4231]: pam_unix(sshd:auth): authentication failure; logname= uid=0 euid=0 tty=ssh ruser= rhost=192.168.56.7 
Apr 22 00:12:45 metasploitable3-ub1404 sshd[4231]: Failed password for invalid user Noor from 192.168.56.7 port 42001 ssh2
Apr 22 00:12:45 metasploitable3-ub1404 sshd[4231]: Connection closed by 192.168.56.7 [preauth]
Apr 22 00:12:45 metasploitable3-ub1404 sshd[4233]: Invalid user Noor from 192.168.56.7
Apr 22 00:12:45 metasploitable3-ub1404 sshd[4233]: input_userauth_request: invalid user Noor [preauth]
Apr 22 00:12:45 metasploitable3-ub1404 sshd[4233]: pam_unix(sshd:auth): check pass; user unknown
Apr 22 00:12:45 metasploitable3-ub1404 sshd[4233]: pam_unix(sshd:auth): authentication failure; logname= uid=0 euid=0 tty=ssh ruser= rhost=192.168.56.7 
Apr 22 00:12:47 metasploitable3-ub1404 sshd[4233]: Failed password for invalid user Noor from 192.168.56.7 port 44099 ssh2
Apr 22 00:12:47 metasploitable3-ub1404 sshd[4233]: Connection closed by 192.168.56.7 [preauth]
Apr 22 00:12:48 metasploitable3-ub1404 sshd[4235]: Invalid user Noor from 192.168.56.7
Apr 22 00:12:48 metasploitable3-ub1404 sshd[4235]: input_userauth_request: invalid user Noor [preauth]
Apr 22 00:12:48 metasploitable3-ub1404 sshd[4235]: pam_unix(sshd:auth): check pass; user unknown
Apr 22 00:12:48 metasploitable3-ub1404 sshd[4235]: pam_unix(sshd:auth): authentication failure; logname= uid=0 euid=0 tty=ssh ruser= rhost=192.168.56.7 
Apr 22 00:12:49 metasploitable3-ub1404 sshd[4235]: Failed password for invalid user Noor from 192.168.56.7 port 37251 ssh2
Apr 22 00:12:49 metasploitable3-ub1404 sshd[4235]: Connection closed by 192.168.56.7 [preauth]
Apr 22 00:12:49 metasploitable3-ub1404 sshd[4238]: Invalid user Noor from 192.168.56.7
Apr 22 00:12:49 metasploitable3-ub1404 sshd[4238]: input_userauth_request: invalid user Noor [preauth]
Apr 22 00:12:49 metasploitable3-ub1404 sshd[4238]: pam_unix(sshd:auth): check pass; user unknown
Apr 22 00:12:49 metasploitable3-ub1404 sshd[4238]: pam_unix(sshd:auth): authentication failure; logname= uid=0 euid=0 tty=ssh ruser= rhost=192.168.56.7 
Apr 22 00:12:51 metasploitable3-ub1404 sshd[4238]: Failed password for invalid user Noor from 192.168.56.7 port 33367 ssh2
Apr 22 00:12:51 metasploitable3-ub1404 sshd[4238]: Connection closed by 192.168.56.7 [preauth]
Apr 22 00:12:51 metasploitable3-ub1404 sshd[4240]: Invalid user Noor from 192.168.56.7
Apr 22 00:12:51 metasploitable3-ub1404 sshd[4240]: input_userauth_request: invalid user Noor [preauth]
Apr 22 00:12:51 metasploitable3-ub1404 sshd[4240]: pam_unix(sshd:auth): check pass; user unknown
Apr 22 00:12:51 metasploitable3-ub1404 sshd[4240]: pam_unix(sshd:auth): authentication failure; logname= uid=0 euid=0 tty=ssh ruser= rhost=192.168.56.7 
Apr 22 00:12:54 metasploitable3-ub1404 sshd[4240]: Failed password for invalid user Noor from 192.168.56.7 port 36745 ssh2
Apr 22 00:12:54 metasploitable3-ub1404 sshd[4240]: Connection closed by 192.168.56.7 [preauth]
Apr 22 00:12:54 metasploitable3-ub1404 sshd[4242]: Invalid user Noor from 192.168.56.7
Apr 22 00:12:54 metasploitable3-ub1404 sshd[4242]: input_userauth_request: invalid user Noor [preauth]
Apr 22 00:12:54 metasploitable3-ub1404 sshd[4242]: pam_unix(sshd:auth): check pass; user unknown
Apr 22 00:12:54 metasploitable3-ub1404 sshd[4242]: pam_unix(sshd:auth): authentication failure; logname= uid=0 euid=0 tty=ssh ruser= rhost=192.168.56.7 
Apr 22 00:12:56 metasploitable3-ub1404 sshd[4242]: Failed password for invalid user Noor from 192.168.56.7 port 33445 ssh2
Apr 22 00:12:56 metasploitable3-ub1404 sshd[4242]: Connection closed by 192.168.56.7 [preauth]
Apr 22 00:12:56 metasploitable3-ub1404 sshd[4244]: Invalid user Noor from 192.168.56.7
Apr 22 00:12:56 metasploitable3-ub1404 sshd[4244]: input_userauth_request: invalid user Noor [preauth]
Apr 22 00:12:56 metasploitable3-ub1404 sshd[4244]: pam_unix(sshd:auth): check pass; user unknown
Apr 22 00:12:56 metasploitable3-ub1404 sshd[4244]: pam_unix(sshd:auth): authentication failure; logname= uid=0 euid=0 tty=ssh ruser= rhost=192.168.56.7 
Apr 22 00:12:59 metasploitable3-ub1404 sshd[4244]: Failed password for invalid user Noor from 192.168.56.7 port 38645 ssh2
Apr 22 00:12:59 metasploitable3-ub1404 sshd[4244]: Connection closed by 192.168.56.7 [preauth]
Apr 22 00:12:59 metasploitable3-ub1404 sshd[4246]: Invalid user Noor from 192.168.56.7
Apr 22 00:12:59 metasploitable3-ub1404 sshd[4246]: input_userauth_request: invalid user Noor [preauth]
Apr 22 00:12:59 metasploitable3-ub1404 sshd[4246]: pam_unix(sshd:auth): check pass; user unknown
Apr 22 00:12:59 metasploitable3-ub1404 sshd[4246]: pam_unix(sshd:auth): authentication failure; logname= uid=0 euid=0 tty=ssh ruser= rhost=192.168.56.7 
Apr 22 00:13:01 metasploitable3-ub1404 sshd[4246]: Failed password for invalid user Noor from 192.168.56.7 port 40233 ssh2
Apr 22 00:13:01 metasploitable3-ub1404 sshd[4246]: Connection closed by 192.168.56.7 [preauth]
Apr 22 00:13:01 metasploitable3-ub1404 sshd[4248]: Invalid user Noor from 192.168.56.7
Apr 22 00:13:01 metasploitable3-ub1404 sshd[4248]: input_userauth_request: invalid user Noor [preauth]
Apr 22 00:13:01 metasploitable3-ub1404 sshd[4248]: pam_unix(sshd:auth): check pass; user unknown
Apr 22 00:13:01 metasploitable3-ub1404 sshd[4248]: pam_unix(sshd:auth): authentication failure; logname= uid=0 euid=0 tty=ssh ruser= rhost=192.168.56.7 
Apr 22 00:13:03 metasploitable3-ub1404 sshd[4248]: Failed password for invalid user Noor from 192.168.56.7 port 34349 ssh2
Apr 22 00:13:03 metasploitable3-ub1404 sshd[4248]: Connection closed by 192.168.56.7 [preauth]
Apr 22 00:13:03 metasploitable3-ub1404 sshd[4250]: Invalid user Noor from 192.168.56.7
Apr 22 00:13:03 metasploitable3-ub1404 sshd[4250]: input_userauth_request: invalid user Noor [preauth]
Apr 22 00:13:03 metasploitable3-ub1404 sshd[4250]: Failed none for invalid user Noor from 192.168.56.7 port 38341 ssh2
Apr 22 00:13:03 metasploitable3-ub1404 sshd[4250]: Connection closed by 192.168.56.7 [preauth]
Apr 22 00:13:03 metasploitable3-ub1404 sshd[4252]: Invalid user Rawan from 192.168.56.7
Apr 22 00:13:03 metasploitable3-ub1404 sshd[4252]: input_userauth_request: invalid user Rawan [preauth]
Apr 22 00:13:03 metasploitable3-ub1404 sshd[4252]: pam_unix(sshd:auth): check pass; user unknown
Apr 22 00:13:03 metasploitable3-ub1404 sshd[4252]: pam_unix(sshd:auth): authentication failure; logname= uid=0 euid=0 tty=ssh ruser= rhost=192.168.56.7 
Apr 22 00:13:05 metasploitable3-ub1404 sshd[4252]: Failed password for invalid user Rawan from 192.168.56.7 port 36589 ssh2
Apr 22 00:13:05 metasploitable3-ub1404 sshd[4252]: Connection closed by 192.168.56.7 [preauth]
Apr 22 00:13:05 metasploitable3-ub1404 sshd[4254]: Invalid user Rawan from 192.168.56.7
Apr 22 00:13:05 metasploitable3-ub1404 sshd[4254]: input_userauth_request: invalid user Rawan [preauth]
Apr 22 00:13:05 metasploitable3-ub1404 sshd[4254]: pam_unix(sshd:auth): check pass; user unknown
Apr 22 00:13:05 metasploitable3-ub1404 sshd[4254]: pam_unix(sshd:auth): authentication failure; logname= uid=0 euid=0 tty=ssh ruser= rhost=192.168.56.7 
Apr 22 00:13:07 metasploitable3-ub1404 sshd[4254]: Failed password for invalid user Rawan from 192.168.56.7 port 41011 ssh2
Apr 22 00:13:07 metasploitable3-ub1404 sshd[4254]: Connection closed by 192.168.56.7 [preauth]
Apr 22 00:13:07 metasploitable3-ub1404 sshd[4256]: Invalid user Rawan from 192.168.56.7
Apr 22 00:13:07 metasploitable3-ub1404 sshd[4256]: input_userauth_request: invalid user Rawan [preauth]
Apr 22 00:13:07 metasploitable3-ub1404 sshd[4256]: pam_unix(sshd:auth): check pass; user unknown
Apr 22 00:13:07 metasploitable3-ub1404 sshd[4256]: pam_unix(sshd:auth): authentication failure; logname= uid=0 euid=0 tty=ssh ruser= rhost=192.168.56.7 
Apr 22 00:13:10 metasploitable3-ub1404 sshd[4256]: Failed password for invalid user Rawan from 192.168.56.7 port 39167 ssh2
Apr 22 00:13:10 metasploitable3-ub1404 sshd[4256]: Connection closed by 192.168.56.7 [preauth]
Apr 22 00:13:10 metasploitable3-ub1404 sshd[4258]: Invalid user Rawan from 192.168.56.7
Apr 22 00:13:10 metasploitable3-ub1404 sshd[4258]: input_userauth_request: invalid user Rawan [preauth]
Apr 22 00:13:10 metasploitable3-ub1404 sshd[4258]: pam_unix(sshd:auth): check pass; user unknown
Apr 22 00:13:10 metasploitable3-ub1404 sshd[4258]: pam_unix(sshd:auth): authentication failure; logname= uid=0 euid=0 tty=ssh ruser= rhost=192.168.56.7 
Apr 22 00:13:11 metasploitable3-ub1404 sshd[4258]: Failed password for invalid user Rawan from 192.168.56.7 port 34161 ssh2
Apr 22 00:13:11 metasploitable3-ub1404 sshd[4258]: Connection closed by 192.168.56.7 [preauth]
Apr 22 00:13:12 metasploitable3-ub1404 sshd[4260]: Invalid user Rawan from 192.168.56.7
Apr 22 00:13:12 metasploitable3-ub1404 sshd[4260]: input_userauth_request: invalid user Rawan [preauth]
Apr 22 00:13:12 metasploitable3-ub1404 sshd[4260]: pam_unix(sshd:auth): check pass; user unknown
Apr 22 00:13:12 metasploitable3-ub1404 sshd[4260]: pam_unix(sshd:auth): authentication failure; logname= uid=0 euid=0 tty=ssh ruser= rhost=192.168.56.7 
Apr 22 00:13:13 metasploitable3-ub1404 sshd[4260]: Failed password for invalid user Rawan from 192.168.56.7 port 37141 ssh2
Apr 22 00:13:13 metasploitable3-ub1404 sshd[4260]: Connection closed by 192.168.56.7 [preauth]
Apr 22 00:13:13 metasploitable3-ub1404 sshd[4262]: Invalid user Rawan from 192.168.56.7
Apr 22 00:13:13 metasploitable3-ub1404 sshd[4262]: input_userauth_request: invalid user Rawan [preauth]
Apr 22 00:13:13 metasploitable3-ub1404 sshd[4262]: pam_unix(sshd:auth): check pass; user unknown
Apr 22 00:13:13 metasploitable3-ub1404 sshd[4262]: pam_unix(sshd:auth): authentication failure; logname= uid=0 euid=0 tty=ssh ruser= rhost=192.168.56.7 
Apr 22 00:13:15 metasploitable3-ub1404 sshd[4262]: Failed password for invalid user Rawan from 192.168.56.7 port 35597 ssh2
Apr 22 00:13:15 metasploitable3-ub1404 sshd[4262]: Connection closed by 192.168.56.7 [preauth]
Apr 22 00:13:15 metasploitable3-ub1404 sshd[4264]: Invalid user Rawan from 192.168.56.7
Apr 22 00:13:15 metasploitable3-ub1404 sshd[4264]: input_userauth_request: invalid user Rawan [preauth]
Apr 22 00:13:15 metasploitable3-ub1404 sshd[4264]: pam_unix(sshd:auth): check pass; user unknown
Apr 22 00:13:15 metasploitable3-ub1404 sshd[4264]: pam_unix(sshd:auth): authentication failure; logname= uid=0 euid=0 tty=ssh ruser= rhost=192.168.56.7 
Apr 22 00:13:17 metasploitable3-ub1404 sshd[4264]: Failed password for invalid user Rawan from 192.168.56.7 port 33919 ssh2
Apr 22 00:13:17 metasploitable3-ub1404 sshd[4264]: Connection closed by 192.168.56.7 [preauth]
Apr 22 00:13:17 metasploitable3-ub1404 sshd[4266]: Invalid user Rawan from 192.168.56.7
Apr 22 00:13:17 metasploitable3-ub1404 sshd[4266]: input_userauth_request: invalid user Rawan [preauth]
Apr 22 00:13:17 metasploitable3-ub1404 sshd[4266]: pam_unix(sshd:auth): check pass; user unknown
Apr 22 00:13:17 metasploitable3-ub1404 sshd[4266]: pam_unix(sshd:auth): authentication failure; logname= uid=0 euid=0 tty=ssh ruser= rhost=192.168.56.7 
Apr 22 00:13:20 metasploitable3-ub1404 sshd[4266]: Failed password for invalid user Rawan from 192.168.56.7 port 40121 ssh2
Apr 22 00:13:20 metasploitable3-ub1404 sshd[4266]: Connection closed by 192.168.56.7 [preauth]
Apr 22 00:13:20 metasploitable3-ub1404 sshd[4268]: Invalid user Rawan from 192.168.56.7
Apr 22 00:13:20 metasploitable3-ub1404 sshd[4268]: input_userauth_request: invalid user Rawan [preauth]
Apr 22 00:13:20 metasploitable3-ub1404 sshd[4268]: pam_unix(sshd:auth): check pass; user unknown
Apr 22 00:13:20 metasploitable3-ub1404 sshd[4268]: pam_unix(sshd:auth): authentication failure; logname= uid=0 euid=0 tty=ssh ruser= rhost=192.168.56.7 
Apr 22 00:13:22 metasploitable3-ub1404 sshd[4268]: Failed password for invalid user Rawan from 192.168.56.7 port 34797 ssh2
Apr 22 00:13:22 metasploitable3-ub1404 sshd[4268]: Connection closed by 192.168.56.7 [preauth]
Apr 22 00:13:22 metasploitable3-ub1404 sshd[4270]: Invalid user Rawan from 192.168.56.7
Apr 22 00:13:22 metasploitable3-ub1404 sshd[4270]: input_userauth_request: invalid user Rawan [preauth]
Apr 22 00:13:22 metasploitable3-ub1404 sshd[4270]: pam_unix(sshd:auth): check pass; user unknown
Apr 22 00:13:22 metasploitable3-ub1404 sshd[4270]: pam_unix(sshd:auth): authentication failure; logname= uid=0 euid=0 tty=ssh ruser= rhost=192.168.56.7 
Apr 22 00:13:23 metasploitable3-ub1404 sshd[4270]: Failed password for invalid user Rawan from 192.168.56.7 port 33219 ssh2
Apr 22 00:13:23 metasploitable3-ub1404 sshd[4270]: Connection closed by 192.168.56.7 [preauth]
Apr 22 00:13:24 metasploitable3-ub1404 sshd[4272]: Invalid user Rawan from 192.168.56.7
Apr 22 00:13:24 metasploitable3-ub1404 sshd[4272]: input_userauth_request: invalid user Rawan [preauth]
Apr 22 00:13:24 metasploitable3-ub1404 sshd[4272]: pam_unix(sshd:auth): check pass; user unknown
Apr 22 00:13:24 metasploitable3-ub1404 sshd[4272]: pam_unix(sshd:auth): authentication failure; logname= uid=0 euid=0 tty=ssh ruser= rhost=192.168.56.7 
Apr 22 00:13:25 metasploitable3-ub1404 sshd[4272]: Failed password for invalid user Rawan from 192.168.56.7 port 33291 ssh2
Apr 22 00:13:25 metasploitable3-ub1404 sshd[4272]: Connection closed by 192.168.56.7 [preauth]
Apr 22 00:13:25 metasploitable3-ub1404 sshd[4274]: Invalid user Rawan from 192.168.56.7
Apr 22 00:13:25 metasploitable3-ub1404 sshd[4274]: input_userauth_request: invalid user Rawan [preauth]
Apr 22 00:13:25 metasploitable3-ub1404 sshd[4274]: pam_unix(sshd:auth): check pass; user unknown
Apr 22 00:13:25 metasploitable3-ub1404 sshd[4274]: pam_unix(sshd:auth): authentication failure; logname= uid=0 euid=0 tty=ssh ruser= rhost=192.168.56.7 
Apr 22 00:13:27 metasploitable3-ub1404 sshd[4274]: Failed password for invalid user Rawan from 192.168.56.7 port 38449 ssh2
Apr 22 00:13:27 metasploitable3-ub1404 sshd[4274]: Connection closed by 192.168.56.7 [preauth]
Apr 22 00:13:27 metasploitable3-ub1404 sshd[4276]: Invalid user Rawan from 192.168.56.7
Apr 22 00:13:27 metasploitable3-ub1404 sshd[4276]: input_userauth_request: invalid user Rawan [preauth]
Apr 22 00:13:27 metasploitable3-ub1404 sshd[4276]: Failed none for invalid user Rawan from 192.168.56.7 port 38551 ssh2
Apr 22 00:13:27 metasploitable3-ub1404 sshd[4276]: Connection closed by 192.168.56.7 [preauth]
Apr 22 00:13:27 metasploitable3-ub1404 sshd[4278]: Invalid user Ali from 192.168.56.7
Apr 22 00:13:27 metasploitable3-ub1404 sshd[4278]: input_userauth_request: invalid user Ali [preauth]
Apr 22 00:13:27 metasploitable3-ub1404 sshd[4278]: pam_unix(sshd:auth): check pass; user unknown
Apr 22 00:13:27 metasploitable3-ub1404 sshd[4278]: pam_unix(sshd:auth): authentication failure; logname= uid=0 euid=0 tty=ssh ruser= rhost=192.168.56.7 
Apr 22 00:13:29 metasploitable3-ub1404 sshd[4278]: Failed password for invalid user Ali from 192.168.56.7 port 37449 ssh2
Apr 22 00:13:29 metasploitable3-ub1404 sshd[4278]: Connection closed by 192.168.56.7 [preauth]
Apr 22 00:13:29 metasploitable3-ub1404 sshd[4280]: Invalid user Ali from 192.168.56.7
Apr 22 00:13:29 metasploitable3-ub1404 sshd[4280]: input_userauth_request: invalid user Ali [preauth]
Apr 22 00:13:29 metasploitable3-ub1404 sshd[4280]: pam_unix(sshd:auth): check pass; user unknown
Apr 22 00:13:29 metasploitable3-ub1404 sshd[4280]: pam_unix(sshd:auth): authentication failure; logname= uid=0 euid=0 tty=ssh ruser= rhost=192.168.56.7 
Apr 22 00:13:32 metasploitable3-ub1404 sshd[4280]: Failed password for invalid user Ali from 192.168.56.7 port 45671 ssh2
Apr 22 00:13:32 metasploitable3-ub1404 sshd[4280]: Connection closed by 192.168.56.7 [preauth]
Apr 22 00:13:32 metasploitable3-ub1404 sshd[4282]: Invalid user Ali from 192.168.56.7
Apr 22 00:13:32 metasploitable3-ub1404 sshd[4282]: input_userauth_request: invalid user Ali [preauth]
Apr 22 00:13:32 metasploitable3-ub1404 sshd[4282]: pam_unix(sshd:auth): check pass; user unknown
Apr 22 00:13:32 metasploitable3-ub1404 sshd[4282]: pam_unix(sshd:auth): authentication failure; logname= uid=0 euid=0 tty=ssh ruser= rhost=192.168.56.7 
Apr 22 00:13:34 metasploitable3-ub1404 sshd[4282]: Failed password for invalid user Ali from 192.168.56.7 port 36073 ssh2
Apr 22 00:13:34 metasploitable3-ub1404 sshd[4282]: Connection closed by 192.168.56.7 [preauth]
Apr 22 00:13:34 metasploitable3-ub1404 sshd[4284]: Invalid user Ali from 192.168.56.7
Apr 22 00:13:34 metasploitable3-ub1404 sshd[4284]: input_userauth_request: invalid user Ali [preauth]
Apr 22 00:13:34 metasploitable3-ub1404 sshd[4284]: pam_unix(sshd:auth): check pass; user unknown
Apr 22 00:13:34 metasploitable3-ub1404 sshd[4284]: pam_unix(sshd:auth): authentication failure; logname= uid=0 euid=0 tty=ssh ruser= rhost=192.168.56.7 
Apr 22 00:13:35 metasploitable3-ub1404 sshd[4284]: Failed password for invalid user Ali from 192.168.56.7 port 38927 ssh2
Apr 22 00:13:35 metasploitable3-ub1404 sshd[4284]: Connection closed by 192.168.56.7 [preauth]
Apr 22 00:13:35 metasploitable3-ub1404 sshd[4286]: Invalid user Ali from 192.168.56.7
Apr 22 00:13:35 metasploitable3-ub1404 sshd[4286]: input_userauth_request: invalid user Ali [preauth]
Apr 22 00:13:35 metasploitable3-ub1404 sshd[4286]: pam_unix(sshd:auth): check pass; user unknown
Apr 22 00:13:35 metasploitable3-ub1404 sshd[4286]: pam_unix(sshd:auth): authentication failure; logname= uid=0 euid=0 tty=ssh ruser= rhost=192.168.56.7 
Apr 22 00:13:37 metasploitable3-ub1404 sshd[4286]: Failed password for invalid user Ali from 192.168.56.7 port 42351 ssh2
Apr 22 00:13:37 metasploitable3-ub1404 sshd[4286]: Connection closed by 192.168.56.7 [preauth]
Apr 22 00:13:37 metasploitable3-ub1404 sshd[4288]: Invalid user Ali from 192.168.56.7
Apr 22 00:13:37 metasploitable3-ub1404 sshd[4288]: input_userauth_request: invalid user Ali [preauth]
Apr 22 00:13:37 metasploitable3-ub1404 sshd[4288]: pam_unix(sshd:auth): check pass; user unknown
Apr 22 00:13:37 metasploitable3-ub1404 sshd[4288]: pam_unix(sshd:auth): authentication failure; logname= uid=0 euid=0 tty=ssh ruser= rhost=192.168.56.7 
Apr 22 00:13:39 metasploitable3-ub1404 sshd[4288]: Failed password for invalid user Ali from 192.168.56.7 port 42865 ssh2
Apr 22 00:13:39 metasploitable3-ub1404 sshd[4288]: Connection closed by 192.168.56.7 [preauth]
Apr 22 00:13:39 metasploitable3-ub1404 sshd[4290]: Invalid user Ali from 192.168.56.7
Apr 22 00:13:39 metasploitable3-ub1404 sshd[4290]: input_userauth_request: invalid user Ali [preauth]
Apr 22 00:13:39 metasploitable3-ub1404 sshd[4290]: pam_unix(sshd:auth): check pass; user unknown
Apr 22 00:13:39 metasploitable3-ub1404 sshd[4290]: pam_unix(sshd:auth): authentication failure; logname= uid=0 euid=0 tty=ssh ruser= rhost=192.168.56.7 
Apr 22 00:13:41 metasploitable3-ub1404 sshd[4290]: Failed password for invalid user Ali from 192.168.56.7 port 40709 ssh2
Apr 22 00:13:41 metasploitable3-ub1404 sshd[4290]: Connection closed by 192.168.56.7 [preauth]
Apr 22 00:13:41 metasploitable3-ub1404 sshd[4292]: Invalid user Ali from 192.168.56.7
Apr 22 00:13:41 metasploitable3-ub1404 sshd[4292]: input_userauth_request: invalid user Ali [preauth]
Apr 22 00:13:41 metasploitable3-ub1404 sshd[4292]: pam_unix(sshd:auth): check pass; user unknown
Apr 22 00:13:41 metasploitable3-ub1404 sshd[4292]: pam_unix(sshd:auth): authentication failure; logname= uid=0 euid=0 tty=ssh ruser= rhost=192.168.56.7 
Apr 22 00:13:43 metasploitable3-ub1404 sshd[4292]: Failed password for invalid user Ali from 192.168.56.7 port 35325 ssh2
Apr 22 00:13:43 metasploitable3-ub1404 sshd[4292]: Connection closed by 192.168.56.7 [preauth]
Apr 22 00:13:43 metasploitable3-ub1404 sshd[4294]: Invalid user Ali from 192.168.56.7
Apr 22 00:13:43 metasploitable3-ub1404 sshd[4294]: input_userauth_request: invalid user Ali [preauth]
Apr 22 00:13:43 metasploitable3-ub1404 sshd[4294]: pam_unix(sshd:auth): check pass; user unknown
Apr 22 00:13:43 metasploitable3-ub1404 sshd[4294]: pam_unix(sshd:auth): authentication failure; logname= uid=0 euid=0 tty=ssh ruser= rhost=192.168.56.7 
Apr 22 00:13:45 metasploitable3-ub1404 sshd[4294]: Failed password for invalid user Ali from 192.168.56.7 port 38543 ssh2
Apr 22 00:13:45 metasploitable3-ub1404 sshd[4294]: Connection closed by 192.168.56.7 [preauth]
Apr 22 00:13:45 metasploitable3-ub1404 sshd[4296]: Invalid user Ali from 192.168.56.7
Apr 22 00:13:45 metasploitable3-ub1404 sshd[4296]: input_userauth_request: invalid user Ali [preauth]
Apr 22 00:13:45 metasploitable3-ub1404 sshd[4296]: pam_unix(sshd:auth): check pass; user unknown
Apr 22 00:13:45 metasploitable3-ub1404 sshd[4296]: pam_unix(sshd:auth): authentication failure; logname= uid=0 euid=0 tty=ssh ruser= rhost=192.168.56.7 
Apr 22 00:13:47 metasploitable3-ub1404 sshd[4296]: Failed password for invalid user Ali from 192.168.56.7 port 37931 ssh2
Apr 22 00:13:47 metasploitable3-ub1404 sshd[4296]: Connection closed by 192.168.56.7 [preauth]
Apr 22 00:13:47 metasploitable3-ub1404 sshd[4298]: Invalid user Ali from 192.168.56.7
Apr 22 00:13:47 metasploitable3-ub1404 sshd[4298]: input_userauth_request: invalid user Ali [preauth]
Apr 22 00:13:47 metasploitable3-ub1404 sshd[4298]: pam_unix(sshd:auth): check pass; user unknown
Apr 22 00:13:47 metasploitable3-ub1404 sshd[4298]: pam_unix(sshd:auth): authentication failure; logname= uid=0 euid=0 tty=ssh ruser= rhost=192.168.56.7 
Apr 22 00:13:49 metasploitable3-ub1404 sshd[4298]: Failed password for invalid user Ali from 192.168.56.7 port 46389 ssh2
Apr 22 00:13:49 metasploitable3-ub1404 sshd[4298]: Connection closed by 192.168.56.7 [preauth]
Apr 22 00:13:49 metasploitable3-ub1404 sshd[4300]: Invalid user Ali from 192.168.56.7
Apr 22 00:13:49 metasploitable3-ub1404 sshd[4300]: input_userauth_request: invalid user Ali [preauth]
Apr 22 00:13:49 metasploitable3-ub1404 sshd[4300]: pam_unix(sshd:auth): check pass; user unknown
Apr 22 00:13:49 metasploitable3-ub1404 sshd[4300]: pam_unix(sshd:auth): authentication failure; logname= uid=0 euid=0 tty=ssh ruser= rhost=192.168.56.7 
Apr 22 00:13:51 metasploitable3-ub1404 sshd[4300]: Failed password for invalid user Ali from 192.168.56.7 port 36363 ssh2
Apr 22 00:13:51 metasploitable3-ub1404 sshd[4300]: Connection closed by 192.168.56.7 [preauth]
Apr 22 00:13:51 metasploitable3-ub1404 sshd[4302]: Invalid user Ali from 192.168.56.7
Apr 22 00:13:51 metasploitable3-ub1404 sshd[4302]: input_userauth_request: invalid user Ali [preauth]
Apr 22 00:13:51 metasploitable3-ub1404 sshd[4302]: Failed none for invalid user Ali from 192.168.56.7 port 39721 ssh2
Apr 22 00:13:51 metasploitable3-ub1404 sshd[4302]: Connection closed by 192.168.56.7 [preauth]
Apr 22 00:13:51 metasploitable3-ub1404 sshd[4304]: Invalid user Ooody  from 192.168.56.7
Apr 22 00:13:51 metasploitable3-ub1404 sshd[4304]: input_userauth_request: invalid user Ooody  [preauth]
Apr 22 00:13:51 metasploitable3-ub1404 sshd[4304]: pam_unix(sshd:auth): check pass; user unknown
Apr 22 00:13:51 metasploitable3-ub1404 sshd[4304]: pam_unix(sshd:auth): authentication failure; logname= uid=0 euid=0 tty=ssh ruser= rhost=192.168.56.7 
Apr 22 00:13:53 metasploitable3-ub1404 sshd[4304]: Failed password for invalid user Ooody  from 192.168.56.7 port 39651 ssh2
Apr 22 00:13:53 metasploitable3-ub1404 sshd[4304]: Connection closed by 192.168.56.7 [preauth]
Apr 22 00:13:53 metasploitable3-ub1404 sshd[4306]: Invalid user Ooody  from 192.168.56.7
Apr 22 00:13:53 metasploitable3-ub1404 sshd[4306]: input_userauth_request: invalid user Ooody  [preauth]
Apr 22 00:13:53 metasploitable3-ub1404 sshd[4306]: pam_unix(sshd:auth): check pass; user unknown
Apr 22 00:13:53 metasploitable3-ub1404 sshd[4306]: pam_unix(sshd:auth): authentication failure; logname= uid=0 euid=0 tty=ssh ruser= rhost=192.168.56.7 
Apr 22 00:13:55 metasploitable3-ub1404 sshd[4306]: Failed password for invalid user Ooody  from 192.168.56.7 port 42107 ssh2
Apr 22 00:13:55 metasploitable3-ub1404 sshd[4306]: Connection closed by 192.168.56.7 [preauth]
Apr 22 00:13:55 metasploitable3-ub1404 sshd[4308]: Invalid user Ooody  from 192.168.56.7
Apr 22 00:13:55 metasploitable3-ub1404 sshd[4308]: input_userauth_request: invalid user Ooody  [preauth]
Apr 22 00:13:55 metasploitable3-ub1404 sshd[4308]: pam_unix(sshd:auth): check pass; user unknown
Apr 22 00:13:55 metasploitable3-ub1404 sshd[4308]: pam_unix(sshd:auth): authentication failure; logname= uid=0 euid=0 tty=ssh ruser= rhost=192.168.56.7 
Apr 22 00:13:57 metasploitable3-ub1404 sshd[4308]: Failed password for invalid user Ooody  from 192.168.56.7 port 42711 ssh2
Apr 22 00:13:57 metasploitable3-ub1404 sshd[4308]: Connection closed by 192.168.56.7 [preauth]
Apr 22 00:13:57 metasploitable3-ub1404 sshd[4310]: Invalid user Ooody  from 192.168.56.7
Apr 22 00:13:57 metasploitable3-ub1404 sshd[4310]: input_userauth_request: invalid user Ooody  [preauth]
Apr 22 00:13:57 metasploitable3-ub1404 sshd[4310]: pam_unix(sshd:auth): check pass; user unknown
Apr 22 00:13:57 metasploitable3-ub1404 sshd[4310]: pam_unix(sshd:auth): authentication failure; logname= uid=0 euid=0 tty=ssh ruser= rhost=192.168.56.7 
Apr 22 00:14:00 metasploitable3-ub1404 sshd[4310]: Failed password for invalid user Ooody  from 192.168.56.7 port 33611 ssh2
Apr 22 00:14:00 metasploitable3-ub1404 sshd[4310]: Connection closed by 192.168.56.7 [preauth]
Apr 22 00:14:00 metasploitable3-ub1404 sshd[4312]: Invalid user Ooody  from 192.168.56.7
Apr 22 00:14:00 metasploitable3-ub1404 sshd[4312]: input_userauth_request: invalid user Ooody  [preauth]
Apr 22 00:14:00 metasploitable3-ub1404 sshd[4312]: pam_unix(sshd:auth): check pass; user unknown
Apr 22 00:14:00 metasploitable3-ub1404 sshd[4312]: pam_unix(sshd:auth): authentication failure; logname= uid=0 euid=0 tty=ssh ruser= rhost=192.168.56.7 
Apr 22 00:14:02 metasploitable3-ub1404 sshd[4312]: Failed password for invalid user Ooody  from 192.168.56.7 port 44403 ssh2
Apr 22 00:14:02 metasploitable3-ub1404 sshd[4312]: Connection closed by 192.168.56.7 [preauth]
Apr 22 00:14:02 metasploitable3-ub1404 sshd[4314]: Invalid user Ooody  from 192.168.56.7
Apr 22 00:14:02 metasploitable3-ub1404 sshd[4314]: input_userauth_request: invalid user Ooody  [preauth]
Apr 22 00:14:02 metasploitable3-ub1404 sshd[4314]: pam_unix(sshd:auth): check pass; user unknown
Apr 22 00:14:02 metasploitable3-ub1404 sshd[4314]: pam_unix(sshd:auth): authentication failure; logname= uid=0 euid=0 tty=ssh ruser= rhost=192.168.56.7 
Apr 22 00:14:04 metasploitable3-ub1404 sshd[4314]: Failed password for invalid user Ooody  from 192.168.56.7 port 33589 ssh2
Apr 22 00:14:04 metasploitable3-ub1404 sshd[4314]: Connection closed by 192.168.56.7 [preauth]
Apr 22 00:14:04 metasploitable3-ub1404 sshd[4316]: Invalid user Ooody  from 192.168.56.7
Apr 22 00:14:04 metasploitable3-ub1404 sshd[4316]: input_userauth_request: invalid user Ooody  [preauth]
Apr 22 00:14:04 metasploitable3-ub1404 sshd[4316]: pam_unix(sshd:auth): check pass; user unknown
Apr 22 00:14:04 metasploitable3-ub1404 sshd[4316]: pam_unix(sshd:auth): authentication failure; logname= uid=0 euid=0 tty=ssh ruser= rhost=192.168.56.7 
Apr 22 00:14:06 metasploitable3-ub1404 sshd[4316]: Failed password for invalid user Ooody  from 192.168.56.7 port 43771 ssh2
Apr 22 00:14:06 metasploitable3-ub1404 sshd[4316]: Connection closed by 192.168.56.7 [preauth]
Apr 22 00:14:06 metasploitable3-ub1404 sshd[4318]: Invalid user Ooody  from 192.168.56.7
Apr 22 00:14:06 metasploitable3-ub1404 sshd[4318]: input_userauth_request: invalid user Ooody  [preauth]
Apr 22 00:14:06 metasploitable3-ub1404 sshd[4318]: pam_unix(sshd:auth): check pass; user unknown
Apr 22 00:14:06 metasploitable3-ub1404 sshd[4318]: pam_unix(sshd:auth): authentication failure; logname= uid=0 euid=0 tty=ssh ruser= rhost=192.168.56.7 
Apr 22 00:14:08 metasploitable3-ub1404 sshd[4318]: Failed password for invalid user Ooody  from 192.168.56.7 port 45221 ssh2
Apr 22 00:14:08 metasploitable3-ub1404 sshd[4318]: Connection closed by 192.168.56.7 [preauth]
Apr 22 00:14:08 metasploitable3-ub1404 sshd[4320]: Invalid user Ooody  from 192.168.56.7
Apr 22 00:14:08 metasploitable3-ub1404 sshd[4320]: input_userauth_request: invalid user Ooody  [preauth]
Apr 22 00:14:08 metasploitable3-ub1404 sshd[4320]: pam_unix(sshd:auth): check pass; user unknown
Apr 22 00:14:08 metasploitable3-ub1404 sshd[4320]: pam_unix(sshd:auth): authentication failure; logname= uid=0 euid=0 tty=ssh ruser= rhost=192.168.56.7 
Apr 22 00:14:10 metasploitable3-ub1404 sshd[4320]: Failed password for invalid user Ooody  from 192.168.56.7 port 34111 ssh2
Apr 22 00:14:10 metasploitable3-ub1404 sshd[4320]: Connection closed by 192.168.56.7 [preauth]
Apr 22 00:14:10 metasploitable3-ub1404 sshd[4322]: Invalid user Ooody  from 192.168.56.7
Apr 22 00:14:10 metasploitable3-ub1404 sshd[4322]: input_userauth_request: invalid user Ooody  [preauth]
Apr 22 00:14:10 metasploitable3-ub1404 sshd[4322]: pam_unix(sshd:auth): check pass; user unknown
Apr 22 00:14:10 metasploitable3-ub1404 sshd[4322]: pam_unix(sshd:auth): authentication failure; logname= uid=0 euid=0 tty=ssh ruser= rhost=192.168.56.7 
Apr 22 00:14:11 metasploitable3-ub1404 sshd[4322]: Failed password for invalid user Ooody  from 192.168.56.7 port 36259 ssh2
Apr 22 00:14:11 metasploitable3-ub1404 sshd[4322]: Connection closed by 192.168.56.7 [preauth]
Apr 22 00:14:11 metasploitable3-ub1404 sshd[4324]: Invalid user Ooody  from 192.168.56.7
Apr 22 00:14:11 metasploitable3-ub1404 sshd[4324]: input_userauth_request: invalid user Ooody  [preauth]
Apr 22 00:14:11 metasploitable3-ub1404 sshd[4324]: pam_unix(sshd:auth): check pass; user unknown
Apr 22 00:14:11 metasploitable3-ub1404 sshd[4324]: pam_unix(sshd:auth): authentication failure; logname= uid=0 euid=0 tty=ssh ruser= rhost=192.168.56.7 
Apr 22 00:14:13 metasploitable3-ub1404 sshd[4324]: Failed password for invalid user Ooody  from 192.168.56.7 port 34667 ssh2
Apr 22 00:14:13 metasploitable3-ub1404 sshd[4324]: Connection closed by 192.168.56.7 [preauth]
Apr 22 00:14:13 metasploitable3-ub1404 sshd[4326]: Invalid user Ooody  from 192.168.56.7
Apr 22 00:14:13 metasploitable3-ub1404 sshd[4326]: input_userauth_request: invalid user Ooody  [preauth]
Apr 22 00:14:13 metasploitable3-ub1404 sshd[4326]: pam_unix(sshd:auth): check pass; user unknown
Apr 22 00:14:13 metasploitable3-ub1404 sshd[4326]: pam_unix(sshd:auth): authentication failure; logname= uid=0 euid=0 tty=ssh ruser= rhost=192.168.56.7 
Apr 22 00:14:15 metasploitable3-ub1404 sshd[4326]: Failed password for invalid user Ooody  from 192.168.56.7 port 46093 ssh2
Apr 22 00:14:15 metasploitable3-ub1404 sshd[4326]: Connection closed by 192.168.56.7 [preauth]
Apr 22 00:14:15 metasploitable3-ub1404 sshd[4328]: Invalid user Ooody  from 192.168.56.7
Apr 22 00:14:15 metasploitable3-ub1404 sshd[4328]: input_userauth_request: invalid user Ooody  [preauth]
Apr 22 00:14:15 metasploitable3-ub1404 sshd[4328]: Failed none for invalid user Ooody  from 192.168.56.7 port 44003 ssh2
Apr 22 00:14:15 metasploitable3-ub1404 sshd[4328]: Connection closed by 192.168.56.7 [preauth]
Apr 22 00:17:01 metasploitable3-ub1404 CRON[4372]: pam_unix(cron:session): session opened for user root by (uid=0)
Apr 22 00:17:01 metasploitable3-ub1404 CRON[4372]: pam_unix(cron:session): session closed for user root
Apr 22 00:20:57 metasploitable3-ub1404 sshd[4052]: pam_unix(sshd:session): session closed for user vagrant
Apr 22 00:27:12 metasploitable3-ub1404 sshd[4459]: Invalid user Shahad from 192.168.56.7
Apr 22 00:27:12 metasploitable3-ub1404 sshd[4459]: input_userauth_request: invalid user Shahad [preauth]
Apr 22 00:27:12 metasploitable3-ub1404 sshd[4459]: pam_unix(sshd:auth): check pass; user unknown
Apr 22 00:27:12 metasploitable3-ub1404 sshd[4459]: pam_unix(sshd:auth): authentication failure; logname= uid=0 euid=0 tty=ssh ruser= rhost=192.168.56.7 
Apr 22 00:27:13 metasploitable3-ub1404 sshd[4459]: Failed password for invalid user Shahad from 192.168.56.7 port 35535 ssh2
Apr 22 00:27:13 metasploitable3-ub1404 sshd[4459]: Connection closed by 192.168.56.7 [preauth]
Apr 22 00:27:13 metasploitable3-ub1404 sshd[4461]: Invalid user Shahad from 192.168.56.7
Apr 22 00:27:13 metasploitable3-ub1404 sshd[4461]: input_userauth_request: invalid user Shahad [preauth]
Apr 22 00:27:13 metasploitable3-ub1404 sshd[4461]: pam_unix(sshd:auth): check pass; user unknown
Apr 22 00:27:13 metasploitable3-ub1404 sshd[4461]: pam_unix(sshd:auth): authentication failure; logname= uid=0 euid=0 tty=ssh ruser= rhost=192.168.56.7 
Apr 22 00:27:15 metasploitable3-ub1404 sshd[4461]: Failed password for invalid user Shahad from 192.168.56.7 port 38775 ssh2
Apr 22 00:27:15 metasploitable3-ub1404 sshd[4461]: Connection closed by 192.168.56.7 [preauth]
Apr 22 00:27:15 metasploitable3-ub1404 sshd[4463]: Invalid user Shahad from 192.168.56.7
Apr 22 00:27:15 metasploitable3-ub1404 sshd[4463]: input_userauth_request: invalid user Shahad [preauth]
Apr 22 00:27:15 metasploitable3-ub1404 sshd[4463]: pam_unix(sshd:auth): check pass; user unknown
Apr 22 00:27:15 metasploitable3-ub1404 sshd[4463]: pam_unix(sshd:auth): authentication failure; logname= uid=0 euid=0 tty=ssh ruser= rhost=192.168.56.7 
Apr 22 00:27:17 metasploitable3-ub1404 sshd[4463]: Failed password for invalid user Shahad from 192.168.56.7 port 32969 ssh2
Apr 22 00:27:17 metasploitable3-ub1404 sshd[4463]: Connection closed by 192.168.56.7 [preauth]
Apr 22 00:27:17 metasploitable3-ub1404 sshd[4465]: Invalid user Shahad from 192.168.56.7
Apr 22 00:27:17 metasploitable3-ub1404 sshd[4465]: input_userauth_request: invalid user Shahad [preauth]
Apr 22 00:27:17 metasploitable3-ub1404 sshd[4465]: pam_unix(sshd:auth): check pass; user unknown
Apr 22 00:27:17 metasploitable3-ub1404 sshd[4465]: pam_unix(sshd:auth): authentication failure; logname= uid=0 euid=0 tty=ssh ruser= rhost=192.168.56.7 
Apr 22 00:27:19 metasploitable3-ub1404 sshd[4465]: Failed password for invalid user Shahad from 192.168.56.7 port 45789 ssh2
Apr 22 00:27:19 metasploitable3-ub1404 sshd[4465]: Connection closed by 192.168.56.7 [preauth]
Apr 22 00:27:19 metasploitable3-ub1404 sshd[4467]: Invalid user Shahad from 192.168.56.7
Apr 22 00:27:19 metasploitable3-ub1404 sshd[4467]: input_userauth_request: invalid user Shahad [preauth]
Apr 22 00:27:19 metasploitable3-ub1404 sshd[4467]: pam_unix(sshd:auth): check pass; user unknown
Apr 22 00:27:19 metasploitable3-ub1404 sshd[4467]: pam_unix(sshd:auth): authentication failure; logname= uid=0 euid=0 tty=ssh ruser= rhost=192.168.56.7 
Apr 22 00:27:20 metasploitable3-ub1404 sshd[4467]: Failed password for invalid user Shahad from 192.168.56.7 port 36533 ssh2
Apr 22 00:27:20 metasploitable3-ub1404 sshd[4467]: Connection closed by 192.168.56.7 [preauth]
Apr 22 00:27:21 metasploitable3-ub1404 sshd[4469]: Invalid user Shahad from 192.168.56.7
Apr 22 00:27:21 metasploitable3-ub1404 sshd[4469]: input_userauth_request: invalid user Shahad [preauth]
Apr 22 00:27:21 metasploitable3-ub1404 sshd[4469]: pam_unix(sshd:auth): check pass; user unknown
Apr 22 00:27:21 metasploitable3-ub1404 sshd[4469]: pam_unix(sshd:auth): authentication failure; logname= uid=0 euid=0 tty=ssh ruser= rhost=192.168.56.7 
Apr 22 00:27:23 metasploitable3-ub1404 sshd[4469]: Failed password for invalid user Shahad from 192.168.56.7 port 40043 ssh2
Apr 22 00:27:23 metasploitable3-ub1404 sshd[4469]: Connection closed by 192.168.56.7 [preauth]
Apr 22 00:27:23 metasploitable3-ub1404 sshd[4471]: Invalid user Shahad from 192.168.56.7
Apr 22 00:27:23 metasploitable3-ub1404 sshd[4471]: input_userauth_request: invalid user Shahad [preauth]
Apr 22 00:27:23 metasploitable3-ub1404 sshd[4471]: pam_unix(sshd:auth): check pass; user unknown
Apr 22 00:27:23 metasploitable3-ub1404 sshd[4471]: pam_unix(sshd:auth): authentication failure; logname= uid=0 euid=0 tty=ssh ruser= rhost=192.168.56.7 
Apr 22 00:27:25 metasploitable3-ub1404 sshd[4471]: Failed password for invalid user Shahad from 192.168.56.7 port 46153 ssh2
Apr 22 00:27:25 metasploitable3-ub1404 sshd[4471]: Connection closed by 192.168.56.7 [preauth]
Apr 22 00:27:25 metasploitable3-ub1404 sshd[4473]: Invalid user Shahad from 192.168.56.7
Apr 22 00:27:25 metasploitable3-ub1404 sshd[4473]: input_userauth_request: invalid user Shahad [preauth]
Apr 22 00:27:25 metasploitable3-ub1404 sshd[4473]: pam_unix(sshd:auth): check pass; user unknown
Apr 22 00:27:25 metasploitable3-ub1404 sshd[4473]: pam_unix(sshd:auth): authentication failure; logname= uid=0 euid=0 tty=ssh ruser= rhost=192.168.56.7 
Apr 22 00:27:27 metasploitable3-ub1404 sshd[4473]: Failed password for invalid user Shahad from 192.168.56.7 port 33153 ssh2
Apr 22 00:27:27 metasploitable3-ub1404 sshd[4473]: Connection closed by 192.168.56.7 [preauth]
Apr 22 00:27:27 metasploitable3-ub1404 sshd[4475]: Invalid user Shahad from 192.168.56.7
Apr 22 00:27:27 metasploitable3-ub1404 sshd[4475]: input_userauth_request: invalid user Shahad [preauth]
Apr 22 00:27:27 metasploitable3-ub1404 sshd[4475]: pam_unix(sshd:auth): check pass; user unknown
Apr 22 00:27:27 metasploitable3-ub1404 sshd[4475]: pam_unix(sshd:auth): authentication failure; logname= uid=0 euid=0 tty=ssh ruser= rhost=192.168.56.7 
Apr 22 00:27:29 metasploitable3-ub1404 sshd[4475]: Failed password for invalid user Shahad from 192.168.56.7 port 44691 ssh2
Apr 22 00:27:29 metasploitable3-ub1404 sshd[4475]: Connection closed by 192.168.56.7 [preauth]
Apr 22 00:27:29 metasploitable3-ub1404 sshd[4478]: Invalid user Shahad from 192.168.56.7
Apr 22 00:27:29 metasploitable3-ub1404 sshd[4478]: input_userauth_request: invalid user Shahad [preauth]
Apr 22 00:27:29 metasploitable3-ub1404 sshd[4478]: pam_unix(sshd:auth): check pass; user unknown
Apr 22 00:27:29 metasploitable3-ub1404 sshd[4478]: pam_unix(sshd:auth): authentication failure; logname= uid=0 euid=0 tty=ssh ruser= rhost=192.168.56.7 
Apr 22 00:27:31 metasploitable3-ub1404 sshd[4478]: Failed password for invalid user Shahad from 192.168.56.7 port 33279 ssh2
Apr 22 00:27:31 metasploitable3-ub1404 sshd[4478]: Connection closed by 192.168.56.7 [preauth]
Apr 22 00:27:31 metasploitable3-ub1404 sshd[4480]: Invalid user Shahad from 192.168.56.7
Apr 22 00:27:31 metasploitable3-ub1404 sshd[4480]: input_userauth_request: invalid user Shahad [preauth]
Apr 22 00:27:31 metasploitable3-ub1404 sshd[4480]: pam_unix(sshd:auth): check pass; user unknown
Apr 22 00:27:31 metasploitable3-ub1404 sshd[4480]: pam_unix(sshd:auth): authentication failure; logname= uid=0 euid=0 tty=ssh ruser= rhost=192.168.56.7 
Apr 22 00:27:33 metasploitable3-ub1404 sshd[4480]: Failed password for invalid user Shahad from 192.168.56.7 port 43949 ssh2
Apr 22 00:27:33 metasploitable3-ub1404 sshd[4480]: Connection closed by 192.168.56.7 [preauth]
Apr 22 00:27:33 metasploitable3-ub1404 sshd[4482]: Invalid user Shahad from 192.168.56.7
Apr 22 00:27:33 metasploitable3-ub1404 sshd[4482]: input_userauth_request: invalid user Shahad [preauth]
Apr 22 00:27:33 metasploitable3-ub1404 sshd[4482]: pam_unix(sshd:auth): check pass; user unknown
Apr 22 00:27:33 metasploitable3-ub1404 sshd[4482]: pam_unix(sshd:auth): authentication failure; logname= uid=0 euid=0 tty=ssh ruser= rhost=192.168.56.7 
Apr 22 00:27:35 metasploitable3-ub1404 sshd[4482]: Failed password for invalid user Shahad from 192.168.56.7 port 42479 ssh2
Apr 22 00:27:35 metasploitable3-ub1404 sshd[4482]: Connection closed by 192.168.56.7 [preauth]
Apr 22 00:27:35 metasploitable3-ub1404 sshd[4484]: Invalid user Shahad from 192.168.56.7
Apr 22 00:27:35 metasploitable3-ub1404 sshd[4484]: input_userauth_request: invalid user Shahad [preauth]
Apr 22 00:27:35 metasploitable3-ub1404 sshd[4484]: Failed none for invalid user Shahad from 192.168.56.7 port 34867 ssh2
Apr 22 00:27:35 metasploitable3-ub1404 sshd[4484]: Connection closed by 192.168.56.7 [preauth]
Apr 22 00:27:35 metasploitable3-ub1404 sshd[4486]: Invalid user Norah from 192.168.56.7
Apr 22 00:27:35 metasploitable3-ub1404 sshd[4486]: input_userauth_request: invalid user Norah [preauth]
Apr 22 00:27:35 metasploitable3-ub1404 sshd[4486]: pam_unix(sshd:auth): check pass; user unknown
Apr 22 00:27:35 metasploitable3-ub1404 sshd[4486]: pam_unix(sshd:auth): authentication failure; logname= uid=0 euid=0 tty=ssh ruser= rhost=192.168.56.7 
Apr 22 00:27:37 metasploitable3-ub1404 sshd[4486]: Failed password for invalid user Norah from 192.168.56.7 port 45765 ssh2
Apr 22 00:27:37 metasploitable3-ub1404 sshd[4486]: Connection closed by 192.168.56.7 [preauth]
Apr 22 00:27:37 metasploitable3-ub1404 sshd[4488]: Invalid user Norah from 192.168.56.7
Apr 22 00:27:37 metasploitable3-ub1404 sshd[4488]: input_userauth_request: invalid user Norah [preauth]
Apr 22 00:27:37 metasploitable3-ub1404 sshd[4488]: pam_unix(sshd:auth): check pass; user unknown
Apr 22 00:27:37 metasploitable3-ub1404 sshd[4488]: pam_unix(sshd:auth): authentication failure; logname= uid=0 euid=0 tty=ssh ruser= rhost=192.168.56.7 
Apr 22 00:27:39 metasploitable3-ub1404 sshd[4488]: Failed password for invalid user Norah from 192.168.56.7 port 36215 ssh2
Apr 22 00:27:39 metasploitable3-ub1404 sshd[4488]: Connection closed by 192.168.56.7 [preauth]
Apr 22 00:27:39 metasploitable3-ub1404 sshd[4490]: Invalid user Norah from 192.168.56.7
Apr 22 00:27:39 metasploitable3-ub1404 sshd[4490]: input_userauth_request: invalid user Norah [preauth]
Apr 22 00:27:39 metasploitable3-ub1404 sshd[4490]: pam_unix(sshd:auth): check pass; user unknown
Apr 22 00:27:39 metasploitable3-ub1404 sshd[4490]: pam_unix(sshd:auth): authentication failure; logname= uid=0 euid=0 tty=ssh ruser= rhost=192.168.56.7 
Apr 22 00:27:41 metasploitable3-ub1404 sshd[4490]: Failed password for invalid user Norah from 192.168.56.7 port 37031 ssh2
Apr 22 00:27:41 metasploitable3-ub1404 sshd[4490]: Connection closed by 192.168.56.7 [preauth]
Apr 22 00:27:41 metasploitable3-ub1404 sshd[4492]: Invalid user Norah from 192.168.56.7
Apr 22 00:27:41 metasploitable3-ub1404 sshd[4492]: input_userauth_request: invalid user Norah [preauth]
Apr 22 00:27:41 metasploitable3-ub1404 sshd[4492]: pam_unix(sshd:auth): check pass; user unknown
Apr 22 00:27:41 metasploitable3-ub1404 sshd[4492]: pam_unix(sshd:auth): authentication failure; logname= uid=0 euid=0 tty=ssh ruser= rhost=192.168.56.7 
Apr 22 00:27:43 metasploitable3-ub1404 sshd[4492]: Failed password for invalid user Norah from 192.168.56.7 port 39613 ssh2
Apr 22 00:27:43 metasploitable3-ub1404 sshd[4492]: Connection closed by 192.168.56.7 [preauth]
Apr 22 00:27:43 metasploitable3-ub1404 sshd[4494]: Invalid user Norah from 192.168.56.7
Apr 22 00:27:43 metasploitable3-ub1404 sshd[4494]: input_userauth_request: invalid user Norah [preauth]
Apr 22 00:27:43 metasploitable3-ub1404 sshd[4494]: pam_unix(sshd:auth): check pass; user unknown
Apr 22 00:27:43 metasploitable3-ub1404 sshd[4494]: pam_unix(sshd:auth): authentication failure; logname= uid=0 euid=0 tty=ssh ruser= rhost=192.168.56.7 
Apr 22 00:27:45 metasploitable3-ub1404 sshd[4494]: Failed password for invalid user Norah from 192.168.56.7 port 36605 ssh2
Apr 22 00:27:45 metasploitable3-ub1404 sshd[4494]: Connection closed by 192.168.56.7 [preauth]
Apr 22 00:27:45 metasploitable3-ub1404 sshd[4496]: Invalid user Norah from 192.168.56.7
Apr 22 00:27:45 metasploitable3-ub1404 sshd[4496]: input_userauth_request: invalid user Norah [preauth]
Apr 22 00:27:45 metasploitable3-ub1404 sshd[4496]: pam_unix(sshd:auth): check pass; user unknown
Apr 22 00:27:45 metasploitable3-ub1404 sshd[4496]: pam_unix(sshd:auth): authentication failure; logname= uid=0 euid=0 tty=ssh ruser= rhost=192.168.56.7 
Apr 22 00:27:47 metasploitable3-ub1404 sshd[4496]: Failed password for invalid user Norah from 192.168.56.7 port 36235 ssh2
Apr 22 00:27:47 metasploitable3-ub1404 sshd[4496]: Connection closed by 192.168.56.7 [preauth]
Apr 22 00:27:47 metasploitable3-ub1404 sshd[4498]: Invalid user Norah from 192.168.56.7
Apr 22 00:27:47 metasploitable3-ub1404 sshd[4498]: input_userauth_request: invalid user Norah [preauth]
Apr 22 00:27:47 metasploitable3-ub1404 sshd[4498]: pam_unix(sshd:auth): check pass; user unknown
Apr 22 00:27:47 metasploitable3-ub1404 sshd[4498]: pam_unix(sshd:auth): authentication failure; logname= uid=0 euid=0 tty=ssh ruser= rhost=192.168.56.7 
Apr 22 00:27:49 metasploitable3-ub1404 sshd[4498]: Failed password for invalid user Norah from 192.168.56.7 port 38453 ssh2
Apr 22 00:27:49 metasploitable3-ub1404 sshd[4498]: Connection closed by 192.168.56.7 [preauth]
Apr 22 00:27:49 metasploitable3-ub1404 sshd[4500]: Invalid user Norah from 192.168.56.7
Apr 22 00:27:49 metasploitable3-ub1404 sshd[4500]: input_userauth_request: invalid user Norah [preauth]
Apr 22 00:27:49 metasploitable3-ub1404 sshd[4500]: pam_unix(sshd:auth): check pass; user unknown
Apr 22 00:27:49 metasploitable3-ub1404 sshd[4500]: pam_unix(sshd:auth): authentication failure; logname= uid=0 euid=0 tty=ssh ruser= rhost=192.168.56.7 
Apr 22 00:27:51 metasploitable3-ub1404 sshd[4500]: Failed password for invalid user Norah from 192.168.56.7 port 36527 ssh2
Apr 22 00:27:51 metasploitable3-ub1404 sshd[4500]: Connection closed by 192.168.56.7 [preauth]
Apr 22 00:27:51 metasploitable3-ub1404 sshd[4502]: Invalid user Norah from 192.168.56.7
Apr 22 00:27:51 metasploitable3-ub1404 sshd[4502]: input_userauth_request: invalid user Norah [preauth]
Apr 22 00:27:51 metasploitable3-ub1404 sshd[4502]: pam_unix(sshd:auth): check pass; user unknown
Apr 22 00:27:51 metasploitable3-ub1404 sshd[4502]: pam_unix(sshd:auth): authentication failure; logname= uid=0 euid=0 tty=ssh ruser= rhost=192.168.56.7 
Apr 22 00:27:53 metasploitable3-ub1404 sshd[4502]: Failed password for invalid user Norah from 192.168.56.7 port 46279 ssh2
Apr 22 00:27:53 metasploitable3-ub1404 sshd[4502]: Connection closed by 192.168.56.7 [preauth]
Apr 22 00:27:53 metasploitable3-ub1404 sshd[4504]: Invalid user Norah from 192.168.56.7
Apr 22 00:27:53 metasploitable3-ub1404 sshd[4504]: input_userauth_request: invalid user Norah [preauth]
Apr 22 00:27:53 metasploitable3-ub1404 sshd[4504]: pam_unix(sshd:auth): check pass; user unknown
Apr 22 00:27:53 metasploitable3-ub1404 sshd[4504]: pam_unix(sshd:auth): authentication failure; logname= uid=0 euid=0 tty=ssh ruser= rhost=192.168.56.7 
Apr 22 00:27:55 metasploitable3-ub1404 sshd[4504]: Failed password for invalid user Norah from 192.168.56.7 port 41413 ssh2
Apr 22 00:27:55 metasploitable3-ub1404 sshd[4504]: Connection closed by 192.168.56.7 [preauth]
Apr 22 00:27:55 metasploitable3-ub1404 sshd[4506]: Invalid user Norah from 192.168.56.7
Apr 22 00:27:55 metasploitable3-ub1404 sshd[4506]: input_userauth_request: invalid user Norah [preauth]
Apr 22 00:27:55 metasploitable3-ub1404 sshd[4506]: pam_unix(sshd:auth): check pass; user unknown
Apr 22 00:27:55 metasploitable3-ub1404 sshd[4506]: pam_unix(sshd:auth): authentication failure; logname= uid=0 euid=0 tty=ssh ruser= rhost=192.168.56.7 
Apr 22 00:27:57 metasploitable3-ub1404 sshd[4506]: Failed password for invalid user Norah from 192.168.56.7 port 41325 ssh2
Apr 22 00:27:57 metasploitable3-ub1404 sshd[4506]: Connection closed by 192.168.56.7 [preauth]
Apr 22 00:27:57 metasploitable3-ub1404 sshd[4508]: Invalid user Norah from 192.168.56.7
Apr 22 00:27:57 metasploitable3-ub1404 sshd[4508]: input_userauth_request: invalid user Norah [preauth]
Apr 22 00:27:57 metasploitable3-ub1404 sshd[4508]: pam_unix(sshd:auth): check pass; user unknown
Apr 22 00:27:57 metasploitable3-ub1404 sshd[4508]: pam_unix(sshd:auth): authentication failure; logname= uid=0 euid=0 tty=ssh ruser= rhost=192.168.56.7 
Apr 22 00:27:59 metasploitable3-ub1404 sshd[4508]: Failed password for invalid user Norah from 192.168.56.7 port 36485 ssh2
Apr 22 00:27:59 metasploitable3-ub1404 sshd[4508]: Connection closed by 192.168.56.7 [preauth]
Apr 22 00:27:59 metasploitable3-ub1404 sshd[4510]: Invalid user Norah from 192.168.56.7
Apr 22 00:27:59 metasploitable3-ub1404 sshd[4510]: input_userauth_request: invalid user Norah [preauth]
Apr 22 00:27:59 metasploitable3-ub1404 sshd[4510]: Failed none for invalid user Norah from 192.168.56.7 port 34005 ssh2
Apr 22 00:27:59 metasploitable3-ub1404 sshd[4510]: Connection closed by 192.168.56.7 [preauth]
Apr 22 00:27:59 metasploitable3-ub1404 sshd[4512]: Invalid user Nora from 192.168.56.7
Apr 22 00:27:59 metasploitable3-ub1404 sshd[4512]: input_userauth_request: invalid user Nora [preauth]
Apr 22 00:27:59 metasploitable3-ub1404 sshd[4512]: pam_unix(sshd:auth): check pass; user unknown
Apr 22 00:27:59 metasploitable3-ub1404 sshd[4512]: pam_unix(sshd:auth): authentication failure; logname= uid=0 euid=0 tty=ssh ruser= rhost=192.168.56.7 
Apr 22 00:28:01 metasploitable3-ub1404 sshd[4512]: Failed password for invalid user Nora from 192.168.56.7 port 34959 ssh2
Apr 22 00:28:01 metasploitable3-ub1404 sshd[4512]: Connection closed by 192.168.56.7 [preauth]
Apr 22 00:28:01 metasploitable3-ub1404 sshd[4514]: Invalid user Nora from 192.168.56.7
Apr 22 00:28:01 metasploitable3-ub1404 sshd[4514]: input_userauth_request: invalid user Nora [preauth]
Apr 22 00:28:01 metasploitable3-ub1404 sshd[4514]: pam_unix(sshd:auth): check pass; user unknown
Apr 22 00:28:01 metasploitable3-ub1404 sshd[4514]: pam_unix(sshd:auth): authentication failure; logname= uid=0 euid=0 tty=ssh ruser= rhost=192.168.56.7 
Apr 22 00:28:03 metasploitable3-ub1404 sshd[4514]: Failed password for invalid user Nora from 192.168.56.7 port 35509 ssh2
Apr 22 00:28:03 metasploitable3-ub1404 sshd[4514]: Connection closed by 192.168.56.7 [preauth]
Apr 22 00:28:03 metasploitable3-ub1404 sshd[4516]: Invalid user Nora from 192.168.56.7
Apr 22 00:28:03 metasploitable3-ub1404 sshd[4516]: input_userauth_request: invalid user Nora [preauth]
Apr 22 00:28:03 metasploitable3-ub1404 sshd[4516]: pam_unix(sshd:auth): check pass; user unknown
Apr 22 00:28:03 metasploitable3-ub1404 sshd[4516]: pam_unix(sshd:auth): authentication failure; logname= uid=0 euid=0 tty=ssh ruser= rhost=192.168.56.7 
Apr 22 00:28:06 metasploitable3-ub1404 sshd[4516]: Failed password for invalid user Nora from 192.168.56.7 port 41101 ssh2
Apr 22 00:28:06 metasploitable3-ub1404 sshd[4516]: Connection closed by 192.168.56.7 [preauth]
Apr 22 00:28:06 metasploitable3-ub1404 sshd[4518]: Invalid user Nora from 192.168.56.7
Apr 22 00:28:06 metasploitable3-ub1404 sshd[4518]: input_userauth_request: invalid user Nora [preauth]
Apr 22 00:28:06 metasploitable3-ub1404 sshd[4518]: pam_unix(sshd:auth): check pass; user unknown
Apr 22 00:28:06 metasploitable3-ub1404 sshd[4518]: pam_unix(sshd:auth): authentication failure; logname= uid=0 euid=0 tty=ssh ruser= rhost=192.168.56.7 
Apr 22 00:28:08 metasploitable3-ub1404 sshd[4518]: Failed password for invalid user Nora from 192.168.56.7 port 43247 ssh2
Apr 22 00:28:08 metasploitable3-ub1404 sshd[4518]: Connection closed by 192.168.56.7 [preauth]
Apr 22 00:28:08 metasploitable3-ub1404 sshd[4520]: Invalid user Nora from 192.168.56.7
Apr 22 00:28:08 metasploitable3-ub1404 sshd[4520]: input_userauth_request: invalid user Nora [preauth]
Apr 22 00:28:08 metasploitable3-ub1404 sshd[4520]: pam_unix(sshd:auth): check pass; user unknown
Apr 22 00:28:08 metasploitable3-ub1404 sshd[4520]: pam_unix(sshd:auth): authentication failure; logname= uid=0 euid=0 tty=ssh ruser= rhost=192.168.56.7 
Apr 22 00:28:10 metasploitable3-ub1404 sshd[4520]: Failed password for invalid user Nora from 192.168.56.7 port 45813 ssh2
Apr 22 00:28:10 metasploitable3-ub1404 sshd[4520]: Connection closed by 192.168.56.7 [preauth]
Apr 22 00:28:10 metasploitable3-ub1404 sshd[4522]: Invalid user Nora from 192.168.56.7
Apr 22 00:28:10 metasploitable3-ub1404 sshd[4522]: input_userauth_request: invalid user Nora [preauth]
Apr 22 00:28:10 metasploitable3-ub1404 sshd[4522]: pam_unix(sshd:auth): check pass; user unknown
Apr 22 00:28:10 metasploitable3-ub1404 sshd[4522]: pam_unix(sshd:auth): authentication failure; logname= uid=0 euid=0 tty=ssh ruser= rhost=192.168.56.7 
Apr 22 00:28:12 metasploitable3-ub1404 sshd[4522]: Failed password for invalid user Nora from 192.168.56.7 port 38843 ssh2
Apr 22 00:28:12 metasploitable3-ub1404 sshd[4522]: Connection closed by 192.168.56.7 [preauth]
Apr 22 00:28:12 metasploitable3-ub1404 sshd[4525]: Invalid user Nora from 192.168.56.7
Apr 22 00:28:12 metasploitable3-ub1404 sshd[4525]: input_userauth_request: invalid user Nora [preauth]
Apr 22 00:28:12 metasploitable3-ub1404 sshd[4525]: pam_unix(sshd:auth): check pass; user unknown
Apr 22 00:28:12 metasploitable3-ub1404 sshd[4525]: pam_unix(sshd:auth): authentication failure; logname= uid=0 euid=0 tty=ssh ruser= rhost=192.168.56.7 
Apr 22 00:28:14 metasploitable3-ub1404 sshd[4525]: Failed password for invalid user Nora from 192.168.56.7 port 41335 ssh2
Apr 22 00:28:14 metasploitable3-ub1404 sshd[4525]: Connection closed by 192.168.56.7 [preauth]
Apr 22 00:28:14 metasploitable3-ub1404 sshd[4527]: Invalid user Nora from 192.168.56.7
Apr 22 00:28:14 metasploitable3-ub1404 sshd[4527]: input_userauth_request: invalid user Nora [preauth]
Apr 22 00:28:14 metasploitable3-ub1404 sshd[4527]: pam_unix(sshd:auth): check pass; user unknown
Apr 22 00:28:14 metasploitable3-ub1404 sshd[4527]: pam_unix(sshd:auth): authentication failure; logname= uid=0 euid=0 tty=ssh ruser= rhost=192.168.56.7 
Apr 22 00:28:17 metasploitable3-ub1404 sshd[4527]: Failed password for invalid user Nora from 192.168.56.7 port 41245 ssh2
Apr 22 00:28:17 metasploitable3-ub1404 sshd[4527]: Connection closed by 192.168.56.7 [preauth]
Apr 22 00:28:17 metasploitable3-ub1404 sshd[4529]: Invalid user Nora from 192.168.56.7
Apr 22 00:28:17 metasploitable3-ub1404 sshd[4529]: input_userauth_request: invalid user Nora [preauth]
Apr 22 00:28:17 metasploitable3-ub1404 sshd[4529]: pam_unix(sshd:auth): check pass; user unknown
Apr 22 00:28:17 metasploitable3-ub1404 sshd[4529]: pam_unix(sshd:auth): authentication failure; logname= uid=0 euid=0 tty=ssh ruser= rhost=192.168.56.7 
Apr 22 00:28:19 metasploitable3-ub1404 sshd[4529]: Failed password for invalid user Nora from 192.168.56.7 port 45973 ssh2
Apr 22 00:28:19 metasploitable3-ub1404 sshd[4529]: Connection closed by 192.168.56.7 [preauth]
Apr 22 00:28:19 metasploitable3-ub1404 sshd[4531]: Invalid user Nora from 192.168.56.7
Apr 22 00:28:19 metasploitable3-ub1404 sshd[4531]: input_userauth_request: invalid user Nora [preauth]
Apr 22 00:28:19 metasploitable3-ub1404 sshd[4531]: pam_unix(sshd:auth): check pass; user unknown
Apr 22 00:28:19 metasploitable3-ub1404 sshd[4531]: pam_unix(sshd:auth): authentication failure; logname= uid=0 euid=0 tty=ssh ruser= rhost=192.168.56.7 
Apr 22 00:28:21 metasploitable3-ub1404 sshd[4531]: Failed password for invalid user Nora from 192.168.56.7 port 34045 ssh2
Apr 22 00:28:21 metasploitable3-ub1404 sshd[4531]: Connection closed by 192.168.56.7 [preauth]
Apr 22 00:28:21 metasploitable3-ub1404 sshd[4533]: Invalid user Nora from 192.168.56.7
Apr 22 00:28:21 metasploitable3-ub1404 sshd[4533]: input_userauth_request: invalid user Nora [preauth]
Apr 22 00:28:21 metasploitable3-ub1404 sshd[4533]: pam_unix(sshd:auth): check pass; user unknown
Apr 22 00:28:21 metasploitable3-ub1404 sshd[4533]: pam_unix(sshd:auth): authentication failure; logname= uid=0 euid=0 tty=ssh ruser= rhost=192.168.56.7 
Apr 22 00:28:23 metasploitable3-ub1404 sshd[4533]: Failed password for invalid user Nora from 192.168.56.7 port 41415 ssh2
Apr 22 00:28:23 metasploitable3-ub1404 sshd[4533]: Connection closed by 192.168.56.7 [preauth]
Apr 22 00:28:23 metasploitable3-ub1404 sshd[4535]: Invalid user Nora from 192.168.56.7
Apr 22 00:28:23 metasploitable3-ub1404 sshd[4535]: input_userauth_request: invalid user Nora [preauth]
Apr 22 00:28:23 metasploitable3-ub1404 sshd[4535]: pam_unix(sshd:auth): check pass; user unknown
Apr 22 00:28:23 metasploitable3-ub1404 sshd[4535]: pam_unix(sshd:auth): authentication failure; logname= uid=0 euid=0 tty=ssh ruser= rhost=192.168.56.7 
Apr 22 00:28:25 metasploitable3-ub1404 sshd[4535]: Failed password for invalid user Nora from 192.168.56.7 port 41615 ssh2
Apr 22 00:28:25 metasploitable3-ub1404 sshd[4535]: Connection closed by 192.168.56.7 [preauth]
Apr 22 00:28:25 metasploitable3-ub1404 sshd[4537]: Invalid user Nora from 192.168.56.7
Apr 22 00:28:25 metasploitable3-ub1404 sshd[4537]: input_userauth_request: invalid user Nora [preauth]
Apr 22 00:28:25 metasploitable3-ub1404 sshd[4537]: Failed none for invalid user Nora from 192.168.56.7 port 42047 ssh2
Apr 22 00:28:25 metasploitable3-ub1404 sshd[4537]: Connection closed by 192.168.56.7 [preauth]
Apr 22 00:28:25 metasploitable3-ub1404 sshd[4539]: pam_unix(sshd:auth): authentication failure; logname= uid=0 euid=0 tty=ssh ruser= rhost=192.168.56.7  user=vagrant
Apr 22 00:28:27 metasploitable3-ub1404 sshd[4539]: Failed password for vagrant from 192.168.56.7 port 38601 ssh2
Apr 22 00:28:27 metasploitable3-ub1404 sshd[4539]: Connection closed by 192.168.56.7 [preauth]
Apr 22 00:28:27 metasploitable3-ub1404 sshd[4541]: pam_unix(sshd:auth): authentication failure; logname= uid=0 euid=0 tty=ssh ruser= rhost=192.168.56.7  user=vagrant
Apr 22 00:28:29 metasploitable3-ub1404 sshd[4541]: Failed password for vagrant from 192.168.56.7 port 38081 ssh2
Apr 22 00:28:29 metasploitable3-ub1404 sshd[4541]: Connection closed by 192.168.56.7 [preauth]
Apr 22 00:28:29 metasploitable3-ub1404 sshd[4543]: pam_unix(sshd:auth): authentication failure; logname= uid=0 euid=0 tty=ssh ruser= rhost=192.168.56.7  user=vagrant
Apr 22 00:28:31 metasploitable3-ub1404 sshd[4543]: Failed password for vagrant from 192.168.56.7 port 39209 ssh2
Apr 22 00:28:31 metasploitable3-ub1404 sshd[4543]: Connection closed by 192.168.56.7 [preauth]
Apr 22 00:28:31 metasploitable3-ub1404 sshd[4545]: Accepted password for vagrant from 192.168.56.7 port 41595 ssh2
Apr 22 00:28:31 metasploitable3-ub1404 sshd[4545]: pam_unix(sshd:session): session opened for user vagrant by (uid=0)
Apr 22 00:28:32 metasploitable3-ub1404 sshd[4572]: Invalid user Jude from 192.168.56.7
Apr 22 00:28:32 metasploitable3-ub1404 sshd[4572]: input_userauth_request: invalid user Jude [preauth]
Apr 22 00:28:32 metasploitable3-ub1404 sshd[4572]: pam_unix(sshd:auth): check pass; user unknown
Apr 22 00:28:32 metasploitable3-ub1404 sshd[4572]: pam_unix(sshd:auth): authentication failure; logname= uid=0 euid=0 tty=ssh ruser= rhost=192.168.56.7 
Apr 22 00:28:34 metasploitable3-ub1404 sshd[4572]: Failed password for invalid user Jude from 192.168.56.7 port 40959 ssh2
Apr 22 00:28:34 metasploitable3-ub1404 sshd[4572]: Connection closed by 192.168.56.7 [preauth]
Apr 22 00:28:34 metasploitable3-ub1404 sshd[4615]: Invalid user Jude from 192.168.56.7
Apr 22 00:28:34 metasploitable3-ub1404 sshd[4615]: input_userauth_request: invalid user Jude [preauth]
Apr 22 00:28:34 metasploitable3-ub1404 sshd[4615]: pam_unix(sshd:auth): check pass; user unknown
Apr 22 00:28:34 metasploitable3-ub1404 sshd[4615]: pam_unix(sshd:auth): authentication failure; logname= uid=0 euid=0 tty=ssh ruser= rhost=192.168.56.7 
Apr 22 00:28:36 metasploitable3-ub1404 sshd[4615]: Failed password for invalid user Jude from 192.168.56.7 port 42123 ssh2
Apr 22 00:28:36 metasploitable3-ub1404 sshd[4615]: Connection closed by 192.168.56.7 [preauth]
Apr 22 00:28:36 metasploitable3-ub1404 sshd[4617]: Invalid user Jude from 192.168.56.7
Apr 22 00:28:36 metasploitable3-ub1404 sshd[4617]: input_userauth_request: invalid user Jude [preauth]
Apr 22 00:28:36 metasploitable3-ub1404 sshd[4617]: pam_unix(sshd:auth): check pass; user unknown
Apr 22 00:28:36 metasploitable3-ub1404 sshd[4617]: pam_unix(sshd:auth): authentication failure; logname= uid=0 euid=0 tty=ssh ruser= rhost=192.168.56.7 
Apr 22 00:28:39 metasploitable3-ub1404 sshd[4617]: Failed password for invalid user Jude from 192.168.56.7 port 45895 ssh2
Apr 22 00:28:39 metasploitable3-ub1404 sshd[4617]: Connection closed by 192.168.56.7 [preauth]
Apr 22 00:28:39 metasploitable3-ub1404 sshd[4619]: Invalid user Jude from 192.168.56.7
Apr 22 00:28:39 metasploitable3-ub1404 sshd[4619]: input_userauth_request: invalid user Jude [preauth]
Apr 22 00:28:39 metasploitable3-ub1404 sshd[4619]: pam_unix(sshd:auth): check pass; user unknown
Apr 22 00:28:39 metasploitable3-ub1404 sshd[4619]: pam_unix(sshd:auth): authentication failure; logname= uid=0 euid=0 tty=ssh ruser= rhost=192.168.56.7 
Apr 22 00:28:41 metasploitable3-ub1404 sshd[4619]: Failed password for invalid user Jude from 192.168.56.7 port 33019 ssh2
Apr 22 00:28:41 metasploitable3-ub1404 sshd[4619]: Connection closed by 192.168.56.7 [preauth]
Apr 22 00:28:41 metasploitable3-ub1404 sshd[4621]: Invalid user Jude from 192.168.56.7
Apr 22 00:28:41 metasploitable3-ub1404 sshd[4621]: input_userauth_request: invalid user Jude [preauth]
Apr 22 00:28:41 metasploitable3-ub1404 sshd[4621]: pam_unix(sshd:auth): check pass; user unknown
Apr 22 00:28:41 metasploitable3-ub1404 sshd[4621]: pam_unix(sshd:auth): authentication failure; logname= uid=0 euid=0 tty=ssh ruser= rhost=192.168.56.7 
Apr 22 00:28:43 metasploitable3-ub1404 sshd[4621]: Failed password for invalid user Jude from 192.168.56.7 port 45859 ssh2
Apr 22 00:28:43 metasploitable3-ub1404 sshd[4621]: Connection closed by 192.168.56.7 [preauth]
Apr 22 00:28:43 metasploitable3-ub1404 sshd[4623]: Invalid user Jude from 192.168.56.7
Apr 22 00:28:43 metasploitable3-ub1404 sshd[4623]: input_userauth_request: invalid user Jude [preauth]
Apr 22 00:28:43 metasploitable3-ub1404 sshd[4623]: pam_unix(sshd:auth): check pass; user unknown
Apr 22 00:28:43 metasploitable3-ub1404 sshd[4623]: pam_unix(sshd:auth): authentication failure; logname= uid=0 euid=0 tty=ssh ruser= rhost=192.168.56.7 
Apr 22 00:28:45 metasploitable3-ub1404 sshd[4623]: Failed password for invalid user Jude from 192.168.56.7 port 44269 ssh2
Apr 22 00:28:45 metasploitable3-ub1404 sshd[4623]: Connection closed by 192.168.56.7 [preauth]
Apr 22 00:28:45 metasploitable3-ub1404 sshd[4625]: Invalid user Jude from 192.168.56.7
Apr 22 00:28:45 metasploitable3-ub1404 sshd[4625]: input_userauth_request: invalid user Jude [preauth]
Apr 22 00:28:45 metasploitable3-ub1404 sshd[4625]: pam_unix(sshd:auth): check pass; user unknown
Apr 22 00:28:45 metasploitable3-ub1404 sshd[4625]: pam_unix(sshd:auth): authentication failure; logname= uid=0 euid=0 tty=ssh ruser= rhost=192.168.56.7 
Apr 22 00:28:48 metasploitable3-ub1404 sshd[4625]: Failed password for invalid user Jude from 192.168.56.7 port 41403 ssh2
Apr 22 00:28:48 metasploitable3-ub1404 sshd[4625]: Connection closed by 192.168.56.7 [preauth]
Apr 22 00:28:48 metasploitable3-ub1404 sshd[4627]: Invalid user Jude from 192.168.56.7
Apr 22 00:28:48 metasploitable3-ub1404 sshd[4627]: input_userauth_request: invalid user Jude [preauth]
Apr 22 00:28:48 metasploitable3-ub1404 sshd[4627]: pam_unix(sshd:auth): check pass; user unknown
Apr 22 00:28:48 metasploitable3-ub1404 sshd[4627]: pam_unix(sshd:auth): authentication failure; logname= uid=0 euid=0 tty=ssh ruser= rhost=192.168.56.7 
Apr 22 00:28:50 metasploitable3-ub1404 sshd[4627]: Failed password for invalid user Jude from 192.168.56.7 port 33731 ssh2
Apr 22 00:28:50 metasploitable3-ub1404 sshd[4627]: Connection closed by 192.168.56.7 [preauth]
Apr 22 00:28:50 metasploitable3-ub1404 sshd[4629]: Invalid user Jude from 192.168.56.7
Apr 22 00:28:50 metasploitable3-ub1404 sshd[4629]: input_userauth_request: invalid user Jude [preauth]
Apr 22 00:28:50 metasploitable3-ub1404 sshd[4629]: pam_unix(sshd:auth): check pass; user unknown
Apr 22 00:28:50 metasploitable3-ub1404 sshd[4629]: pam_unix(sshd:auth): authentication failure; logname= uid=0 euid=0 tty=ssh ruser= rhost=192.168.56.7 
Apr 22 00:28:52 metasploitable3-ub1404 sshd[4629]: Failed password for invalid user Jude from 192.168.56.7 port 46419 ssh2
Apr 22 00:28:52 metasploitable3-ub1404 sshd[4629]: Connection closed by 192.168.56.7 [preauth]
Apr 22 00:28:53 metasploitable3-ub1404 sshd[4631]: Invalid user Jude from 192.168.56.7
Apr 22 00:28:53 metasploitable3-ub1404 sshd[4631]: input_userauth_request: invalid user Jude [preauth]
Apr 22 00:28:53 metasploitable3-ub1404 sshd[4631]: pam_unix(sshd:auth): check pass; user unknown
Apr 22 00:28:53 metasploitable3-ub1404 sshd[4631]: pam_unix(sshd:auth): authentication failure; logname= uid=0 euid=0 tty=ssh ruser= rhost=192.168.56.7 
Apr 22 00:28:54 metasploitable3-ub1404 sshd[4631]: Failed password for invalid user Jude from 192.168.56.7 port 33711 ssh2
Apr 22 00:28:54 metasploitable3-ub1404 sshd[4631]: Connection closed by 192.168.56.7 [preauth]
Apr 22 00:28:55 metasploitable3-ub1404 sshd[4633]: Invalid user Jude from 192.168.56.7
Apr 22 00:28:55 metasploitable3-ub1404 sshd[4633]: input_userauth_request: invalid user Jude [preauth]
Apr 22 00:28:55 metasploitable3-ub1404 sshd[4633]: pam_unix(sshd:auth): check pass; user unknown
Apr 22 00:28:55 metasploitable3-ub1404 sshd[4633]: pam_unix(sshd:auth): authentication failure; logname= uid=0 euid=0 tty=ssh ruser= rhost=192.168.56.7 
Apr 22 00:28:57 metasploitable3-ub1404 sshd[4633]: Failed password for invalid user Jude from 192.168.56.7 port 38593 ssh2
Apr 22 00:28:57 metasploitable3-ub1404 sshd[4633]: Connection closed by 192.168.56.7 [preauth]
Apr 22 00:28:57 metasploitable3-ub1404 sshd[4635]: Invalid user Jude from 192.168.56.7
Apr 22 00:28:57 metasploitable3-ub1404 sshd[4635]: input_userauth_request: invalid user Jude [preauth]
Apr 22 00:28:57 metasploitable3-ub1404 sshd[4635]: pam_unix(sshd:auth): check pass; user unknown
Apr 22 00:28:57 metasploitable3-ub1404 sshd[4635]: pam_unix(sshd:auth): authentication failure; logname= uid=0 euid=0 tty=ssh ruser= rhost=192.168.56.7 
Apr 22 00:28:59 metasploitable3-ub1404 sshd[4635]: Failed password for invalid user Jude from 192.168.56.7 port 40221 ssh2
Apr 22 00:28:59 metasploitable3-ub1404 sshd[4635]: Connection closed by 192.168.56.7 [preauth]
Apr 22 00:28:59 metasploitable3-ub1404 sshd[4637]: Invalid user Jude from 192.168.56.7
Apr 22 00:28:59 metasploitable3-ub1404 sshd[4637]: input_userauth_request: invalid user Jude [preauth]
Apr 22 00:28:59 metasploitable3-ub1404 sshd[4637]: Failed none for invalid user Jude from 192.168.56.7 port 40767 ssh2
Apr 22 00:28:59 metasploitable3-ub1404 sshd[4637]: Connection closed by 192.168.56.7 [preauth]
Apr 22 00:28:59 metasploitable3-ub1404 sshd[4639]: Invalid user Jouri from 192.168.56.7
Apr 22 00:28:59 metasploitable3-ub1404 sshd[4639]: input_userauth_request: invalid user Jouri [preauth]
Apr 22 00:28:59 metasploitable3-ub1404 sshd[4639]: pam_unix(sshd:auth): check pass; user unknown
Apr 22 00:28:59 metasploitable3-ub1404 sshd[4639]: pam_unix(sshd:auth): authentication failure; logname= uid=0 euid=0 tty=ssh ruser= rhost=192.168.56.7 
Apr 22 00:29:02 metasploitable3-ub1404 sshd[4639]: Failed password for invalid user Jouri from 192.168.56.7 port 39175 ssh2
Apr 22 00:29:02 metasploitable3-ub1404 sshd[4639]: Connection closed by 192.168.56.7 [preauth]
Apr 22 00:29:02 metasploitable3-ub1404 sshd[4641]: Invalid user Jouri from 192.168.56.7
Apr 22 00:29:02 metasploitable3-ub1404 sshd[4641]: input_userauth_request: invalid user Jouri [preauth]
Apr 22 00:29:02 metasploitable3-ub1404 sshd[4641]: pam_unix(sshd:auth): check pass; user unknown
Apr 22 00:29:02 metasploitable3-ub1404 sshd[4641]: pam_unix(sshd:auth): authentication failure; logname= uid=0 euid=0 tty=ssh ruser= rhost=192.168.56.7 
Apr 22 00:29:04 metasploitable3-ub1404 sshd[4641]: Failed password for invalid user Jouri from 192.168.56.7 port 45229 ssh2
Apr 22 00:29:04 metasploitable3-ub1404 sshd[4641]: Connection closed by 192.168.56.7 [preauth]
Apr 22 00:29:04 metasploitable3-ub1404 sshd[4643]: Invalid user Jouri from 192.168.56.7
Apr 22 00:29:04 metasploitable3-ub1404 sshd[4643]: input_userauth_request: invalid user Jouri [preauth]
Apr 22 00:29:04 metasploitable3-ub1404 sshd[4643]: pam_unix(sshd:auth): check pass; user unknown
Apr 22 00:29:04 metasploitable3-ub1404 sshd[4643]: pam_unix(sshd:auth): authentication failure; logname= uid=0 euid=0 tty=ssh ruser= rhost=192.168.56.7 
Apr 22 00:29:06 metasploitable3-ub1404 sshd[4643]: Failed password for invalid user Jouri from 192.168.56.7 port 45925 ssh2
Apr 22 00:29:06 metasploitable3-ub1404 sshd[4643]: Connection closed by 192.168.56.7 [preauth]
Apr 22 00:29:06 metasploitable3-ub1404 sshd[4645]: Invalid user Jouri from 192.168.56.7
Apr 22 00:29:06 metasploitable3-ub1404 sshd[4645]: input_userauth_request: invalid user Jouri [preauth]
Apr 22 00:29:06 metasploitable3-ub1404 sshd[4645]: pam_unix(sshd:auth): check pass; user unknown
Apr 22 00:29:06 metasploitable3-ub1404 sshd[4645]: pam_unix(sshd:auth): authentication failure; logname= uid=0 euid=0 tty=ssh ruser= rhost=192.168.56.7 
Apr 22 00:29:08 metasploitable3-ub1404 sshd[4645]: Failed password for invalid user Jouri from 192.168.56.7 port 46531 ssh2
Apr 22 00:29:08 metasploitable3-ub1404 sshd[4645]: Connection closed by 192.168.56.7 [preauth]
Apr 22 00:29:08 metasploitable3-ub1404 sshd[4647]: Invalid user Jouri from 192.168.56.7
Apr 22 00:29:08 metasploitable3-ub1404 sshd[4647]: input_userauth_request: invalid user Jouri [preauth]
Apr 22 00:29:08 metasploitable3-ub1404 sshd[4647]: pam_unix(sshd:auth): check pass; user unknown
Apr 22 00:29:08 metasploitable3-ub1404 sshd[4647]: pam_unix(sshd:auth): authentication failure; logname= uid=0 euid=0 tty=ssh ruser= rhost=192.168.56.7 
Apr 22 00:29:10 metasploitable3-ub1404 sshd[4647]: Failed password for invalid user Jouri from 192.168.56.7 port 42235 ssh2
Apr 22 00:29:10 metasploitable3-ub1404 sshd[4647]: Connection closed by 192.168.56.7 [preauth]
Apr 22 00:29:10 metasploitable3-ub1404 sshd[4649]: Invalid user Jouri from 192.168.56.7
Apr 22 00:29:10 metasploitable3-ub1404 sshd[4649]: input_userauth_request: invalid user Jouri [preauth]
Apr 22 00:29:10 metasploitable3-ub1404 sshd[4649]: pam_unix(sshd:auth): check pass; user unknown
Apr 22 00:29:10 metasploitable3-ub1404 sshd[4649]: pam_unix(sshd:auth): authentication failure; logname= uid=0 euid=0 tty=ssh ruser= rhost=192.168.56.7 
Apr 22 00:29:13 metasploitable3-ub1404 sshd[4649]: Failed password for invalid user Jouri from 192.168.56.7 port 36229 ssh2
Apr 22 00:29:13 metasploitable3-ub1404 sshd[4649]: Connection closed by 192.168.56.7 [preauth]
Apr 22 00:29:13 metasploitable3-ub1404 sshd[4651]: Invalid user Jouri from 192.168.56.7
Apr 22 00:29:13 metasploitable3-ub1404 sshd[4651]: input_userauth_request: invalid user Jouri [preauth]
Apr 22 00:29:13 metasploitable3-ub1404 sshd[4651]: pam_unix(sshd:auth): check pass; user unknown
Apr 22 00:29:13 metasploitable3-ub1404 sshd[4651]: pam_unix(sshd:auth): authentication failure; logname= uid=0 euid=0 tty=ssh ruser= rhost=192.168.56.7 
Apr 22 00:29:15 metasploitable3-ub1404 sshd[4651]: Failed password for invalid user Jouri from 192.168.56.7 port 35505 ssh2
Apr 22 00:29:15 metasploitable3-ub1404 sshd[4651]: Connection closed by 192.168.56.7 [preauth]
Apr 22 00:29:15 metasploitable3-ub1404 sshd[4653]: Invalid user Jouri from 192.168.56.7
Apr 22 00:29:15 metasploitable3-ub1404 sshd[4653]: input_userauth_request: invalid user Jouri [preauth]
Apr 22 00:29:15 metasploitable3-ub1404 sshd[4653]: pam_unix(sshd:auth): check pass; user unknown
Apr 22 00:29:15 metasploitable3-ub1404 sshd[4653]: pam_unix(sshd:auth): authentication failure; logname= uid=0 euid=0 tty=ssh ruser= rhost=192.168.56.7 
Apr 22 00:29:17 metasploitable3-ub1404 sshd[4653]: Failed password for invalid user Jouri from 192.168.56.7 port 41389 ssh2
Apr 22 00:29:17 metasploitable3-ub1404 sshd[4653]: Connection closed by 192.168.56.7 [preauth]
Apr 22 00:29:17 metasploitable3-ub1404 sshd[4655]: Invalid user Jouri from 192.168.56.7
Apr 22 00:29:17 metasploitable3-ub1404 sshd[4655]: input_userauth_request: invalid user Jouri [preauth]
Apr 22 00:29:17 metasploitable3-ub1404 sshd[4655]: pam_unix(sshd:auth): check pass; user unknown
Apr 22 00:29:17 metasploitable3-ub1404 sshd[4655]: pam_unix(sshd:auth): authentication failure; logname= uid=0 euid=0 tty=ssh ruser= rhost=192.168.56.7 
Apr 22 00:29:19 metasploitable3-ub1404 sshd[4655]: Failed password for invalid user Jouri from 192.168.56.7 port 33637 ssh2
Apr 22 00:29:19 metasploitable3-ub1404 sshd[4655]: Connection closed by 192.168.56.7 [preauth]
Apr 22 00:29:19 metasploitable3-ub1404 sshd[4657]: Invalid user Jouri from 192.168.56.7
Apr 22 00:29:19 metasploitable3-ub1404 sshd[4657]: input_userauth_request: invalid user Jouri [preauth]
Apr 22 00:29:19 metasploitable3-ub1404 sshd[4657]: pam_unix(sshd:auth): check pass; user unknown
Apr 22 00:29:19 metasploitable3-ub1404 sshd[4657]: pam_unix(sshd:auth): authentication failure; logname= uid=0 euid=0 tty=ssh ruser= rhost=192.168.56.7 
Apr 22 00:29:21 metasploitable3-ub1404 sshd[4657]: Failed password for invalid user Jouri from 192.168.56.7 port 42169 ssh2
Apr 22 00:29:21 metasploitable3-ub1404 sshd[4657]: Connection closed by 192.168.56.7 [preauth]
Apr 22 00:29:22 metasploitable3-ub1404 sshd[4659]: Invalid user Jouri from 192.168.56.7
Apr 22 00:29:22 metasploitable3-ub1404 sshd[4659]: input_userauth_request: invalid user Jouri [preauth]
Apr 22 00:29:22 metasploitable3-ub1404 sshd[4659]: pam_unix(sshd:auth): check pass; user unknown
Apr 22 00:29:22 metasploitable3-ub1404 sshd[4659]: pam_unix(sshd:auth): authentication failure; logname= uid=0 euid=0 tty=ssh ruser= rhost=192.168.56.7 
Apr 22 00:29:24 metasploitable3-ub1404 sshd[4659]: Failed password for invalid user Jouri from 192.168.56.7 port 43993 ssh2
Apr 22 00:29:24 metasploitable3-ub1404 sshd[4659]: Connection closed by 192.168.56.7 [preauth]
Apr 22 00:29:24 metasploitable3-ub1404 sshd[4661]: Invalid user Jouri from 192.168.56.7
Apr 22 00:29:24 metasploitable3-ub1404 sshd[4661]: input_userauth_request: invalid user Jouri [preauth]
Apr 22 00:29:24 metasploitable3-ub1404 sshd[4661]: pam_unix(sshd:auth): check pass; user unknown
Apr 22 00:29:24 metasploitable3-ub1404 sshd[4661]: pam_unix(sshd:auth): authentication failure; logname= uid=0 euid=0 tty=ssh ruser= rhost=192.168.56.7 
Apr 22 00:29:26 metasploitable3-ub1404 sshd[4661]: Failed password for invalid user Jouri from 192.168.56.7 port 43043 ssh2
Apr 22 00:29:26 metasploitable3-ub1404 sshd[4661]: Connection closed by 192.168.56.7 [preauth]
Apr 22 00:29:26 metasploitable3-ub1404 sshd[4663]: Invalid user Jouri from 192.168.56.7
Apr 22 00:29:26 metasploitable3-ub1404 sshd[4663]: input_userauth_request: invalid user Jouri [preauth]
Apr 22 00:29:26 metasploitable3-ub1404 sshd[4663]: Failed none for invalid user Jouri from 192.168.56.7 port 42089 ssh2
Apr 22 00:29:26 metasploitable3-ub1404 sshd[4663]: Connection closed by 192.168.56.7 [preauth]
Apr 22 00:29:26 metasploitable3-ub1404 sshd[4665]: Invalid user Abood from 192.168.56.7
Apr 22 00:29:26 metasploitable3-ub1404 sshd[4665]: input_userauth_request: invalid user Abood [preauth]
Apr 22 00:29:26 metasploitable3-ub1404 sshd[4665]: pam_unix(sshd:auth): check pass; user unknown
Apr 22 00:29:26 metasploitable3-ub1404 sshd[4665]: pam_unix(sshd:auth): authentication failure; logname= uid=0 euid=0 tty=ssh ruser= rhost=192.168.56.7 
Apr 22 00:29:28 metasploitable3-ub1404 sshd[4665]: Failed password for invalid user Abood from 192.168.56.7 port 44655 ssh2
Apr 22 00:29:28 metasploitable3-ub1404 sshd[4665]: Connection closed by 192.168.56.7 [preauth]
Apr 22 00:29:28 metasploitable3-ub1404 sshd[4667]: Invalid user Abood from 192.168.56.7
Apr 22 00:29:28 metasploitable3-ub1404 sshd[4667]: input_userauth_request: invalid user Abood [preauth]
Apr 22 00:29:28 metasploitable3-ub1404 sshd[4667]: pam_unix(sshd:auth): check pass; user unknown
Apr 22 00:29:28 metasploitable3-ub1404 sshd[4667]: pam_unix(sshd:auth): authentication failure; logname= uid=0 euid=0 tty=ssh ruser= rhost=192.168.56.7 
Apr 22 00:29:30 metasploitable3-ub1404 sshd[4667]: Failed password for invalid user Abood from 192.168.56.7 port 45155 ssh2
Apr 22 00:29:30 metasploitable3-ub1404 sshd[4667]: Connection closed by 192.168.56.7 [preauth]
Apr 22 00:29:30 metasploitable3-ub1404 sshd[4669]: Invalid user Abood from 192.168.56.7
Apr 22 00:29:30 metasploitable3-ub1404 sshd[4669]: input_userauth_request: invalid user Abood [preauth]
Apr 22 00:29:30 metasploitable3-ub1404 sshd[4669]: pam_unix(sshd:auth): check pass; user unknown
Apr 22 00:29:30 metasploitable3-ub1404 sshd[4669]: pam_unix(sshd:auth): authentication failure; logname= uid=0 euid=0 tty=ssh ruser= rhost=192.168.56.7 
Apr 22 00:29:33 metasploitable3-ub1404 sshd[4669]: Failed password for invalid user Abood from 192.168.56.7 port 38413 ssh2
Apr 22 00:29:33 metasploitable3-ub1404 sshd[4669]: Connection closed by 192.168.56.7 [preauth]
Apr 22 00:29:33 metasploitable3-ub1404 sshd[4671]: Invalid user Abood from 192.168.56.7
Apr 22 00:29:33 metasploitable3-ub1404 sshd[4671]: input_userauth_request: invalid user Abood [preauth]
Apr 22 00:29:33 metasploitable3-ub1404 sshd[4671]: pam_unix(sshd:auth): check pass; user unknown
Apr 22 00:29:33 metasploitable3-ub1404 sshd[4671]: pam_unix(sshd:auth): authentication failure; logname= uid=0 euid=0 tty=ssh ruser= rhost=192.168.56.7 
Apr 22 00:29:35 metasploitable3-ub1404 sshd[4671]: Failed password for invalid user Abood from 192.168.56.7 port 36747 ssh2
Apr 22 00:29:35 metasploitable3-ub1404 sshd[4671]: Connection closed by 192.168.56.7 [preauth]
Apr 22 00:29:35 metasploitable3-ub1404 sshd[4673]: Invalid user Abood from 192.168.56.7
Apr 22 00:29:35 metasploitable3-ub1404 sshd[4673]: input_userauth_request: invalid user Abood [preauth]
Apr 22 00:29:35 metasploitable3-ub1404 sshd[4673]: pam_unix(sshd:auth): check pass; user unknown
Apr 22 00:29:35 metasploitable3-ub1404 sshd[4673]: pam_unix(sshd:auth): authentication failure; logname= uid=0 euid=0 tty=ssh ruser= rhost=192.168.56.7 
Apr 22 00:29:37 metasploitable3-ub1404 sshd[4673]: Failed password for invalid user Abood from 192.168.56.7 port 33395 ssh2
Apr 22 00:29:37 metasploitable3-ub1404 sshd[4673]: Connection closed by 192.168.56.7 [preauth]
Apr 22 00:29:37 metasploitable3-ub1404 sshd[4675]: Invalid user Abood from 192.168.56.7
Apr 22 00:29:37 metasploitable3-ub1404 sshd[4675]: input_userauth_request: invalid user Abood [preauth]
Apr 22 00:29:37 metasploitable3-ub1404 sshd[4675]: pam_unix(sshd:auth): check pass; user unknown
Apr 22 00:29:37 metasploitable3-ub1404 sshd[4675]: pam_unix(sshd:auth): authentication failure; logname= uid=0 euid=0 tty=ssh ruser= rhost=192.168.56.7 
Apr 22 00:29:39 metasploitable3-ub1404 sshd[4675]: Failed password for invalid user Abood from 192.168.56.7 port 42845 ssh2
Apr 22 00:29:39 metasploitable3-ub1404 sshd[4675]: Connection closed by 192.168.56.7 [preauth]
Apr 22 00:29:40 metasploitable3-ub1404 sshd[4677]: Invalid user Abood from 192.168.56.7
Apr 22 00:29:40 metasploitable3-ub1404 sshd[4677]: input_userauth_request: invalid user Abood [preauth]
Apr 22 00:29:40 metasploitable3-ub1404 sshd[4677]: pam_unix(sshd:auth): check pass; user unknown
Apr 22 00:29:40 metasploitable3-ub1404 sshd[4677]: pam_unix(sshd:auth): authentication failure; logname= uid=0 euid=0 tty=ssh ruser= rhost=192.168.56.7 
Apr 22 00:29:42 metasploitable3-ub1404 sshd[4677]: Failed password for invalid user Abood from 192.168.56.7 port 41059 ssh2
Apr 22 00:29:42 metasploitable3-ub1404 sshd[4677]: Connection closed by 192.168.56.7 [preauth]
Apr 22 00:29:42 metasploitable3-ub1404 sshd[4679]: Invalid user Abood from 192.168.56.7
Apr 22 00:29:42 metasploitable3-ub1404 sshd[4679]: input_userauth_request: invalid user Abood [preauth]
Apr 22 00:29:42 metasploitable3-ub1404 sshd[4679]: pam_unix(sshd:auth): check pass; user unknown
Apr 22 00:29:42 metasploitable3-ub1404 sshd[4679]: pam_unix(sshd:auth): authentication failure; logname= uid=0 euid=0 tty=ssh ruser= rhost=192.168.56.7 
Apr 22 00:29:44 metasploitable3-ub1404 sshd[4679]: Failed password for invalid user Abood from 192.168.56.7 port 39855 ssh2
Apr 22 00:29:44 metasploitable3-ub1404 sshd[4679]: Connection closed by 192.168.56.7 [preauth]
Apr 22 00:29:44 metasploitable3-ub1404 sshd[4681]: Invalid user Abood from 192.168.56.7
Apr 22 00:29:44 metasploitable3-ub1404 sshd[4681]: input_userauth_request: invalid user Abood [preauth]
Apr 22 00:29:44 metasploitable3-ub1404 sshd[4681]: pam_unix(sshd:auth): check pass; user unknown
Apr 22 00:29:44 metasploitable3-ub1404 sshd[4681]: pam_unix(sshd:auth): authentication failure; logname= uid=0 euid=0 tty=ssh ruser= rhost=192.168.56.7 
Apr 22 00:29:46 metasploitable3-ub1404 sshd[4681]: Failed password for invalid user Abood from 192.168.56.7 port 37511 ssh2
Apr 22 00:29:46 metasploitable3-ub1404 sshd[4681]: Connection closed by 192.168.56.7 [preauth]
Apr 22 00:29:47 metasploitable3-ub1404 sshd[4683]: Invalid user Abood from 192.168.56.7
Apr 22 00:29:47 metasploitable3-ub1404 sshd[4683]: input_userauth_request: invalid user Abood [preauth]
Apr 22 00:29:47 metasploitable3-ub1404 sshd[4683]: pam_unix(sshd:auth): check pass; user unknown
Apr 22 00:29:47 metasploitable3-ub1404 sshd[4683]: pam_unix(sshd:auth): authentication failure; logname= uid=0 euid=0 tty=ssh ruser= rhost=192.168.56.7 
Apr 22 00:29:49 metasploitable3-ub1404 sshd[4683]: Failed password for invalid user Abood from 192.168.56.7 port 45827 ssh2
Apr 22 00:29:49 metasploitable3-ub1404 sshd[4683]: Connection closed by 192.168.56.7 [preauth]
Apr 22 00:29:49 metasploitable3-ub1404 sshd[4685]: Invalid user Abood from 192.168.56.7
Apr 22 00:29:49 metasploitable3-ub1404 sshd[4685]: input_userauth_request: invalid user Abood [preauth]
Apr 22 00:29:49 metasploitable3-ub1404 sshd[4685]: pam_unix(sshd:auth): check pass; user unknown
Apr 22 00:29:49 metasploitable3-ub1404 sshd[4685]: pam_unix(sshd:auth): authentication failure; logname= uid=0 euid=0 tty=ssh ruser= rhost=192.168.56.7 
Apr 22 00:29:51 metasploitable3-ub1404 sshd[4685]: Failed password for invalid user Abood from 192.168.56.7 port 41633 ssh2
Apr 22 00:29:51 metasploitable3-ub1404 sshd[4685]: Connection closed by 192.168.56.7 [preauth]
Apr 22 00:29:51 metasploitable3-ub1404 sshd[4687]: Invalid user Abood from 192.168.56.7
Apr 22 00:29:51 metasploitable3-ub1404 sshd[4687]: input_userauth_request: invalid user Abood [preauth]
Apr 22 00:29:51 metasploitable3-ub1404 sshd[4687]: pam_unix(sshd:auth): check pass; user unknown
Apr 22 00:29:51 metasploitable3-ub1404 sshd[4687]: pam_unix(sshd:auth): authentication failure; logname= uid=0 euid=0 tty=ssh ruser= rhost=192.168.56.7 
Apr 22 00:29:53 metasploitable3-ub1404 sshd[4687]: Failed password for invalid user Abood from 192.168.56.7 port 34649 ssh2
Apr 22 00:29:53 metasploitable3-ub1404 sshd[4687]: Connection closed by 192.168.56.7 [preauth]
Apr 22 00:29:53 metasploitable3-ub1404 sshd[4689]: Invalid user Abood from 192.168.56.7
Apr 22 00:29:53 metasploitable3-ub1404 sshd[4689]: input_userauth_request: invalid user Abood [preauth]
Apr 22 00:29:53 metasploitable3-ub1404 sshd[4689]: Failed none for invalid user Abood from 192.168.56.7 port 37453 ssh2
Apr 22 00:29:53 metasploitable3-ub1404 sshd[4689]: Connection closed by 192.168.56.7 [preauth]
Apr 22 00:29:53 metasploitable3-ub1404 sshd[4691]: Invalid user Hamood from 192.168.56.7
Apr 22 00:29:53 metasploitable3-ub1404 sshd[4691]: input_userauth_request: invalid user Hamood [preauth]
Apr 22 00:29:53 metasploitable3-ub1404 sshd[4691]: pam_unix(sshd:auth): check pass; user unknown
Apr 22 00:29:53 metasploitable3-ub1404 sshd[4691]: pam_unix(sshd:auth): authentication failure; logname= uid=0 euid=0 tty=ssh ruser= rhost=192.168.56.7 
Apr 22 00:29:56 metasploitable3-ub1404 sshd[4691]: Failed password for invalid user Hamood from 192.168.56.7 port 45907 ssh2
Apr 22 00:29:56 metasploitable3-ub1404 sshd[4691]: Connection closed by 192.168.56.7 [preauth]
Apr 22 00:29:56 metasploitable3-ub1404 sshd[4693]: Invalid user Hamood from 192.168.56.7
Apr 22 00:29:56 metasploitable3-ub1404 sshd[4693]: input_userauth_request: invalid user Hamood [preauth]
Apr 22 00:29:56 metasploitable3-ub1404 sshd[4693]: pam_unix(sshd:auth): check pass; user unknown
Apr 22 00:29:56 metasploitable3-ub1404 sshd[4693]: pam_unix(sshd:auth): authentication failure; logname= uid=0 euid=0 tty=ssh ruser= rhost=192.168.56.7 
Apr 22 00:29:58 metasploitable3-ub1404 sshd[4693]: Failed password for invalid user Hamood from 192.168.56.7 port 33345 ssh2
Apr 22 00:29:58 metasploitable3-ub1404 sshd[4693]: Connection closed by 192.168.56.7 [preauth]
Apr 22 00:29:58 metasploitable3-ub1404 sshd[4695]: Invalid user Hamood from 192.168.56.7
Apr 22 00:29:58 metasploitable3-ub1404 sshd[4695]: input_userauth_request: invalid user Hamood [preauth]
Apr 22 00:29:58 metasploitable3-ub1404 sshd[4695]: pam_unix(sshd:auth): check pass; user unknown
Apr 22 00:29:58 metasploitable3-ub1404 sshd[4695]: pam_unix(sshd:auth): authentication failure; logname= uid=0 euid=0 tty=ssh ruser= rhost=192.168.56.7 
Apr 22 00:30:01 metasploitable3-ub1404 sshd[4695]: Failed password for invalid user Hamood from 192.168.56.7 port 40843 ssh2
Apr 22 00:30:01 metasploitable3-ub1404 sshd[4695]: Connection closed by 192.168.56.7 [preauth]
Apr 22 00:30:01 metasploitable3-ub1404 sshd[4697]: Invalid user Hamood from 192.168.56.7
Apr 22 00:30:01 metasploitable3-ub1404 sshd[4697]: input_userauth_request: invalid user Hamood [preauth]
Apr 22 00:30:01 metasploitable3-ub1404 sshd[4697]: pam_unix(sshd:auth): check pass; user unknown
Apr 22 00:30:01 metasploitable3-ub1404 sshd[4697]: pam_unix(sshd:auth): authentication failure; logname= uid=0 euid=0 tty=ssh ruser= rhost=192.168.56.7 
Apr 22 00:30:03 metasploitable3-ub1404 sshd[4697]: Failed password for invalid user Hamood from 192.168.56.7 port 38063 ssh2
Apr 22 00:30:03 metasploitable3-ub1404 sshd[4697]: Connection closed by 192.168.56.7 [preauth]
Apr 22 00:30:03 metasploitable3-ub1404 sshd[4699]: Invalid user Hamood from 192.168.56.7
Apr 22 00:30:03 metasploitable3-ub1404 sshd[4699]: input_userauth_request: invalid user Hamood [preauth]
Apr 22 00:30:03 metasploitable3-ub1404 sshd[4699]: pam_unix(sshd:auth): check pass; user unknown
Apr 22 00:30:03 metasploitable3-ub1404 sshd[4699]: pam_unix(sshd:auth): authentication failure; logname= uid=0 euid=0 tty=ssh ruser= rhost=192.168.56.7 
Apr 22 00:30:06 metasploitable3-ub1404 sshd[4699]: Failed password for invalid user Hamood from 192.168.56.7 port 35347 ssh2
Apr 22 00:30:06 metasploitable3-ub1404 sshd[4699]: Connection closed by 192.168.56.7 [preauth]
Apr 22 00:30:06 metasploitable3-ub1404 sshd[4701]: Invalid user Hamood from 192.168.56.7
Apr 22 00:30:06 metasploitable3-ub1404 sshd[4701]: input_userauth_request: invalid user Hamood [preauth]
Apr 22 00:30:06 metasploitable3-ub1404 sshd[4701]: pam_unix(sshd:auth): check pass; user unknown
Apr 22 00:30:06 metasploitable3-ub1404 sshd[4701]: pam_unix(sshd:auth): authentication failure; logname= uid=0 euid=0 tty=ssh ruser= rhost=192.168.56.7 
Apr 22 00:30:08 metasploitable3-ub1404 sshd[4701]: Failed password for invalid user Hamood from 192.168.56.7 port 44375 ssh2
Apr 22 00:30:08 metasploitable3-ub1404 sshd[4701]: Connection closed by 192.168.56.7 [preauth]
Apr 22 00:30:08 metasploitable3-ub1404 sshd[4703]: Invalid user Hamood from 192.168.56.7
Apr 22 00:30:08 metasploitable3-ub1404 sshd[4703]: input_userauth_request: invalid user Hamood [preauth]
Apr 22 00:30:08 metasploitable3-ub1404 sshd[4703]: pam_unix(sshd:auth): check pass; user unknown
Apr 22 00:30:08 metasploitable3-ub1404 sshd[4703]: pam_unix(sshd:auth): authentication failure; logname= uid=0 euid=0 tty=ssh ruser= rhost=192.168.56.7 
Apr 22 00:30:11 metasploitable3-ub1404 sshd[4703]: Failed password for invalid user Hamood from 192.168.56.7 port 32971 ssh2
Apr 22 00:30:11 metasploitable3-ub1404 sshd[4703]: Connection closed by 192.168.56.7 [preauth]
Apr 22 00:30:11 metasploitable3-ub1404 sshd[4705]: Invalid user Hamood from 192.168.56.7
Apr 22 00:30:11 metasploitable3-ub1404 sshd[4705]: input_userauth_request: invalid user Hamood [preauth]
Apr 22 00:30:11 metasploitable3-ub1404 sshd[4705]: pam_unix(sshd:auth): check pass; user unknown
Apr 22 00:30:11 metasploitable3-ub1404 sshd[4705]: pam_unix(sshd:auth): authentication failure; logname= uid=0 euid=0 tty=ssh ruser= rhost=192.168.56.7 
Apr 22 00:30:13 metasploitable3-ub1404 sshd[4705]: Failed password for invalid user Hamood from 192.168.56.7 port 32897 ssh2
Apr 22 00:30:13 metasploitable3-ub1404 sshd[4705]: Connection closed by 192.168.56.7 [preauth]
Apr 22 00:30:13 metasploitable3-ub1404 sshd[4707]: Invalid user Hamood from 192.168.56.7
Apr 22 00:30:13 metasploitable3-ub1404 sshd[4707]: input_userauth_request: invalid user Hamood [preauth]
Apr 22 00:30:13 metasploitable3-ub1404 sshd[4707]: pam_unix(sshd:auth): check pass; user unknown
Apr 22 00:30:13 metasploitable3-ub1404 sshd[4707]: pam_unix(sshd:auth): authentication failure; logname= uid=0 euid=0 tty=ssh ruser= rhost=192.168.56.7 
Apr 22 00:30:15 metasploitable3-ub1404 sshd[4707]: Failed password for invalid user Hamood from 192.168.56.7 port 41859 ssh2
Apr 22 00:30:15 metasploitable3-ub1404 sshd[4707]: Connection closed by 192.168.56.7 [preauth]
Apr 22 00:30:15 metasploitable3-ub1404 sshd[4709]: Invalid user Hamood from 192.168.56.7
Apr 22 00:30:15 metasploitable3-ub1404 sshd[4709]: input_userauth_request: invalid user Hamood [preauth]
Apr 22 00:30:15 metasploitable3-ub1404 sshd[4709]: pam_unix(sshd:auth): check pass; user unknown
Apr 22 00:30:15 metasploitable3-ub1404 sshd[4709]: pam_unix(sshd:auth): authentication failure; logname= uid=0 euid=0 tty=ssh ruser= rhost=192.168.56.7 
Apr 22 00:30:17 metasploitable3-ub1404 sshd[4709]: Failed password for invalid user Hamood from 192.168.56.7 port 33611 ssh2
Apr 22 00:30:17 metasploitable3-ub1404 sshd[4709]: Connection closed by 192.168.56.7 [preauth]
Apr 22 00:30:17 metasploitable3-ub1404 sshd[4711]: Invalid user Hamood from 192.168.56.7
Apr 22 00:30:17 metasploitable3-ub1404 sshd[4711]: input_userauth_request: invalid user Hamood [preauth]
Apr 22 00:30:17 metasploitable3-ub1404 sshd[4711]: pam_unix(sshd:auth): check pass; user unknown
Apr 22 00:30:17 metasploitable3-ub1404 sshd[4711]: pam_unix(sshd:auth): authentication failure; logname= uid=0 euid=0 tty=ssh ruser= rhost=192.168.56.7 
Apr 22 00:30:20 metasploitable3-ub1404 sshd[4711]: Failed password for invalid user Hamood from 192.168.56.7 port 38897 ssh2
Apr 22 00:30:20 metasploitable3-ub1404 sshd[4711]: Connection closed by 192.168.56.7 [preauth]
Apr 22 00:30:20 metasploitable3-ub1404 sshd[4713]: Invalid user Hamood from 192.168.56.7
Apr 22 00:30:20 metasploitable3-ub1404 sshd[4713]: input_userauth_request: invalid user Hamood [preauth]
Apr 22 00:30:20 metasploitable3-ub1404 sshd[4713]: pam_unix(sshd:auth): check pass; user unknown
Apr 22 00:30:20 metasploitable3-ub1404 sshd[4713]: pam_unix(sshd:auth): authentication failure; logname= uid=0 euid=0 tty=ssh ruser= rhost=192.168.56.7 
Apr 22 00:30:22 metasploitable3-ub1404 sshd[4713]: Failed password for invalid user Hamood from 192.168.56.7 port 37227 ssh2
Apr 22 00:30:22 metasploitable3-ub1404 sshd[4713]: Connection closed by 192.168.56.7 [preauth]
Apr 22 00:30:22 metasploitable3-ub1404 sshd[4715]: Invalid user Hamood from 192.168.56.7
Apr 22 00:30:22 metasploitable3-ub1404 sshd[4715]: input_userauth_request: invalid user Hamood [preauth]
Apr 22 00:30:22 metasploitable3-ub1404 sshd[4715]: Failed none for invalid user Hamood from 192.168.56.7 port 41535 ssh2
Apr 22 00:30:22 metasploitable3-ub1404 sshd[4715]: Connection closed by 192.168.56.7 [preauth]
Apr 22 00:30:22 metasploitable3-ub1404 sshd[4717]: Invalid user Noor from 192.168.56.7
Apr 22 00:30:22 metasploitable3-ub1404 sshd[4717]: input_userauth_request: invalid user Noor [preauth]
Apr 22 00:30:22 metasploitable3-ub1404 sshd[4717]: pam_unix(sshd:auth): check pass; user unknown
Apr 22 00:30:22 metasploitable3-ub1404 sshd[4717]: pam_unix(sshd:auth): authentication failure; logname= uid=0 euid=0 tty=ssh ruser= rhost=192.168.56.7 
Apr 22 00:30:25 metasploitable3-ub1404 sshd[4717]: Failed password for invalid user Noor from 192.168.56.7 port 33137 ssh2
Apr 22 00:30:25 metasploitable3-ub1404 sshd[4717]: Connection closed by 192.168.56.7 [preauth]
Apr 22 00:30:25 metasploitable3-ub1404 sshd[4719]: Invalid user Noor from 192.168.56.7
Apr 22 00:30:25 metasploitable3-ub1404 sshd[4719]: input_userauth_request: invalid user Noor [preauth]
Apr 22 00:30:25 metasploitable3-ub1404 sshd[4719]: pam_unix(sshd:auth): check pass; user unknown
Apr 22 00:30:25 metasploitable3-ub1404 sshd[4719]: pam_unix(sshd:auth): authentication failure; logname= uid=0 euid=0 tty=ssh ruser= rhost=192.168.56.7 
Apr 22 00:30:27 metasploitable3-ub1404 sshd[4719]: Failed password for invalid user Noor from 192.168.56.7 port 38275 ssh2
Apr 22 00:30:27 metasploitable3-ub1404 sshd[4719]: Connection closed by 192.168.56.7 [preauth]
Apr 22 00:30:27 metasploitable3-ub1404 sshd[4721]: Invalid user Noor from 192.168.56.7
Apr 22 00:30:27 metasploitable3-ub1404 sshd[4721]: input_userauth_request: invalid user Noor [preauth]
Apr 22 00:30:27 metasploitable3-ub1404 sshd[4721]: pam_unix(sshd:auth): check pass; user unknown
Apr 22 00:30:27 metasploitable3-ub1404 sshd[4721]: pam_unix(sshd:auth): authentication failure; logname= uid=0 euid=0 tty=ssh ruser= rhost=192.168.56.7 
Apr 22 00:30:29 metasploitable3-ub1404 sshd[4721]: Failed password for invalid user Noor from 192.168.56.7 port 34809 ssh2
Apr 22 00:30:29 metasploitable3-ub1404 sshd[4721]: Connection closed by 192.168.56.7 [preauth]
Apr 22 00:30:29 metasploitable3-ub1404 sshd[4723]: Invalid user Noor from 192.168.56.7
Apr 22 00:30:29 metasploitable3-ub1404 sshd[4723]: input_userauth_request: invalid user Noor [preauth]
Apr 22 00:30:29 metasploitable3-ub1404 sshd[4723]: pam_unix(sshd:auth): check pass; user unknown
Apr 22 00:30:29 metasploitable3-ub1404 sshd[4723]: pam_unix(sshd:auth): authentication failure; logname= uid=0 euid=0 tty=ssh ruser= rhost=192.168.56.7 
Apr 22 00:30:31 metasploitable3-ub1404 sshd[4723]: Failed password for invalid user Noor from 192.168.56.7 port 38029 ssh2
Apr 22 00:30:31 metasploitable3-ub1404 sshd[4723]: Connection closed by 192.168.56.7 [preauth]
Apr 22 00:30:31 metasploitable3-ub1404 sshd[4725]: Invalid user Noor from 192.168.56.7
Apr 22 00:30:31 metasploitable3-ub1404 sshd[4725]: input_userauth_request: invalid user Noor [preauth]
Apr 22 00:30:31 metasploitable3-ub1404 sshd[4725]: pam_unix(sshd:auth): check pass; user unknown
Apr 22 00:30:31 metasploitable3-ub1404 sshd[4725]: pam_unix(sshd:auth): authentication failure; logname= uid=0 euid=0 tty=ssh ruser= rhost=192.168.56.7 
Apr 22 00:30:34 metasploitable3-ub1404 sshd[4725]: Failed password for invalid user Noor from 192.168.56.7 port 36553 ssh2
Apr 22 00:30:34 metasploitable3-ub1404 sshd[4725]: Connection closed by 192.168.56.7 [preauth]
Apr 22 00:30:34 metasploitable3-ub1404 sshd[4727]: Invalid user Noor from 192.168.56.7
Apr 22 00:30:34 metasploitable3-ub1404 sshd[4727]: input_userauth_request: invalid user Noor [preauth]
Apr 22 00:30:34 metasploitable3-ub1404 sshd[4727]: pam_unix(sshd:auth): check pass; user unknown
Apr 22 00:30:34 metasploitable3-ub1404 sshd[4727]: pam_unix(sshd:auth): authentication failure; logname= uid=0 euid=0 tty=ssh ruser= rhost=192.168.56.7 
Apr 22 00:30:36 metasploitable3-ub1404 sshd[4727]: Failed password for invalid user Noor from 192.168.56.7 port 32797 ssh2
Apr 22 00:30:36 metasploitable3-ub1404 sshd[4727]: Connection closed by 192.168.56.7 [preauth]
Apr 22 00:30:36 metasploitable3-ub1404 sshd[4729]: Invalid user Noor from 192.168.56.7
Apr 22 00:30:36 metasploitable3-ub1404 sshd[4729]: input_userauth_request: invalid user Noor [preauth]
Apr 22 00:30:36 metasploitable3-ub1404 sshd[4729]: pam_unix(sshd:auth): check pass; user unknown
Apr 22 00:30:36 metasploitable3-ub1404 sshd[4729]: pam_unix(sshd:auth): authentication failure; logname= uid=0 euid=0 tty=ssh ruser= rhost=192.168.56.7 
Apr 22 00:30:38 metasploitable3-ub1404 sshd[4729]: Failed password for invalid user Noor from 192.168.56.7 port 34169 ssh2
Apr 22 00:30:38 metasploitable3-ub1404 sshd[4729]: Connection closed by 192.168.56.7 [preauth]
Apr 22 00:30:38 metasploitable3-ub1404 sshd[4731]: Invalid user Noor from 192.168.56.7
Apr 22 00:30:38 metasploitable3-ub1404 sshd[4731]: input_userauth_request: invalid user Noor [preauth]
Apr 22 00:30:38 metasploitable3-ub1404 sshd[4731]: pam_unix(sshd:auth): check pass; user unknown
Apr 22 00:30:38 metasploitable3-ub1404 sshd[4731]: pam_unix(sshd:auth): authentication failure; logname= uid=0 euid=0 tty=ssh ruser= rhost=192.168.56.7 
Apr 22 00:30:40 metasploitable3-ub1404 sshd[4731]: Failed password for invalid user Noor from 192.168.56.7 port 42161 ssh2
Apr 22 00:30:40 metasploitable3-ub1404 sshd[4731]: Connection closed by 192.168.56.7 [preauth]
Apr 22 00:30:40 metasploitable3-ub1404 sshd[4733]: Invalid user Noor from 192.168.56.7
Apr 22 00:30:40 metasploitable3-ub1404 sshd[4733]: input_userauth_request: invalid user Noor [preauth]
Apr 22 00:30:40 metasploitable3-ub1404 sshd[4733]: pam_unix(sshd:auth): check pass; user unknown
Apr 22 00:30:40 metasploitable3-ub1404 sshd[4733]: pam_unix(sshd:auth): authentication failure; logname= uid=0 euid=0 tty=ssh ruser= rhost=192.168.56.7 
Apr 22 00:30:43 metasploitable3-ub1404 sshd[4733]: Failed password for invalid user Noor from 192.168.56.7 port 42759 ssh2
Apr 22 00:30:43 metasploitable3-ub1404 sshd[4733]: Connection closed by 192.168.56.7 [preauth]
Apr 22 00:30:43 metasploitable3-ub1404 sshd[4735]: Invalid user Noor from 192.168.56.7
Apr 22 00:30:43 metasploitable3-ub1404 sshd[4735]: input_userauth_request: invalid user Noor [preauth]
Apr 22 00:30:43 metasploitable3-ub1404 sshd[4735]: pam_unix(sshd:auth): check pass; user unknown
Apr 22 00:30:43 metasploitable3-ub1404 sshd[4735]: pam_unix(sshd:auth): authentication failure; logname= uid=0 euid=0 tty=ssh ruser= rhost=192.168.56.7 
Apr 22 00:30:46 metasploitable3-ub1404 sshd[4735]: Failed password for invalid user Noor from 192.168.56.7 port 45133 ssh2
Apr 22 00:30:46 metasploitable3-ub1404 sshd[4735]: Connection closed by 192.168.56.7 [preauth]
Apr 22 00:30:46 metasploitable3-ub1404 sshd[4737]: Invalid user Noor from 192.168.56.7
Apr 22 00:30:46 metasploitable3-ub1404 sshd[4737]: input_userauth_request: invalid user Noor [preauth]
Apr 22 00:30:46 metasploitable3-ub1404 sshd[4737]: pam_unix(sshd:auth): check pass; user unknown
Apr 22 00:30:46 metasploitable3-ub1404 sshd[4737]: pam_unix(sshd:auth): authentication failure; logname= uid=0 euid=0 tty=ssh ruser= rhost=192.168.56.7 
Apr 22 00:30:48 metasploitable3-ub1404 sshd[4737]: Failed password for invalid user Noor from 192.168.56.7 port 46843 ssh2
Apr 22 00:30:48 metasploitable3-ub1404 sshd[4737]: Connection closed by 192.168.56.7 [preauth]
Apr 22 00:30:48 metasploitable3-ub1404 sshd[4739]: Invalid user Noor from 192.168.56.7
Apr 22 00:30:48 metasploitable3-ub1404 sshd[4739]: input_userauth_request: invalid user Noor [preauth]
Apr 22 00:30:48 metasploitable3-ub1404 sshd[4739]: pam_unix(sshd:auth): check pass; user unknown
Apr 22 00:30:48 metasploitable3-ub1404 sshd[4739]: pam_unix(sshd:auth): authentication failure; logname= uid=0 euid=0 tty=ssh ruser= rhost=192.168.56.7 
Apr 22 00:30:50 metasploitable3-ub1404 sshd[4739]: Failed password for invalid user Noor from 192.168.56.7 port 34173 ssh2
Apr 22 00:30:50 metasploitable3-ub1404 sshd[4739]: Connection closed by 192.168.56.7 [preauth]
Apr 22 00:30:50 metasploitable3-ub1404 sshd[4741]: Invalid user Noor from 192.168.56.7
Apr 22 00:30:50 metasploitable3-ub1404 sshd[4741]: input_userauth_request: invalid user Noor [preauth]
Apr 22 00:30:50 metasploitable3-ub1404 sshd[4741]: Failed none for invalid user Noor from 192.168.56.7 port 38023 ssh2
Apr 22 00:30:50 metasploitable3-ub1404 sshd[4741]: Connection closed by 192.168.56.7 [preauth]
Apr 22 00:30:50 metasploitable3-ub1404 sshd[4743]: Invalid user Rawan from 192.168.56.7
Apr 22 00:30:50 metasploitable3-ub1404 sshd[4743]: input_userauth_request: invalid user Rawan [preauth]
Apr 22 00:30:50 metasploitable3-ub1404 sshd[4743]: pam_unix(sshd:auth): check pass; user unknown
Apr 22 00:30:50 metasploitable3-ub1404 sshd[4743]: pam_unix(sshd:auth): authentication failure; logname= uid=0 euid=0 tty=ssh ruser= rhost=192.168.56.7 
Apr 22 00:30:52 metasploitable3-ub1404 sshd[4743]: Failed password for invalid user Rawan from 192.168.56.7 port 44279 ssh2
Apr 22 00:30:52 metasploitable3-ub1404 sshd[4743]: Connection closed by 192.168.56.7 [preauth]
Apr 22 00:30:52 metasploitable3-ub1404 sshd[4745]: Invalid user Rawan from 192.168.56.7
Apr 22 00:30:52 metasploitable3-ub1404 sshd[4745]: input_userauth_request: invalid user Rawan [preauth]
Apr 22 00:30:52 metasploitable3-ub1404 sshd[4745]: pam_unix(sshd:auth): check pass; user unknown
Apr 22 00:30:52 metasploitable3-ub1404 sshd[4745]: pam_unix(sshd:auth): authentication failure; logname= uid=0 euid=0 tty=ssh ruser= rhost=192.168.56.7 
Apr 22 00:30:55 metasploitable3-ub1404 sshd[4745]: Failed password for invalid user Rawan from 192.168.56.7 port 36769 ssh2
Apr 22 00:30:55 metasploitable3-ub1404 sshd[4745]: Connection closed by 192.168.56.7 [preauth]
Apr 22 00:30:55 metasploitable3-ub1404 sshd[4747]: Invalid user Rawan from 192.168.56.7
Apr 22 00:30:55 metasploitable3-ub1404 sshd[4747]: input_userauth_request: invalid user Rawan [preauth]
Apr 22 00:30:55 metasploitable3-ub1404 sshd[4747]: pam_unix(sshd:auth): check pass; user unknown
Apr 22 00:30:55 metasploitable3-ub1404 sshd[4747]: pam_unix(sshd:auth): authentication failure; logname= uid=0 euid=0 tty=ssh ruser= rhost=192.168.56.7 
Apr 22 00:30:58 metasploitable3-ub1404 sshd[4747]: Failed password for invalid user Rawan from 192.168.56.7 port 39989 ssh2
Apr 22 00:30:58 metasploitable3-ub1404 sshd[4747]: Connection closed by 192.168.56.7 [preauth]
Apr 22 00:30:58 metasploitable3-ub1404 sshd[4749]: Invalid user Rawan from 192.168.56.7
Apr 22 00:30:58 metasploitable3-ub1404 sshd[4749]: input_userauth_request: invalid user Rawan [preauth]
Apr 22 00:30:58 metasploitable3-ub1404 sshd[4749]: pam_unix(sshd:auth): check pass; user unknown
Apr 22 00:30:58 metasploitable3-ub1404 sshd[4749]: pam_unix(sshd:auth): authentication failure; logname= uid=0 euid=0 tty=ssh ruser= rhost=192.168.56.7 
Apr 22 00:30:59 metasploitable3-ub1404 sshd[4749]: Failed password for invalid user Rawan from 192.168.56.7 port 40013 ssh2
Apr 22 00:30:59 metasploitable3-ub1404 sshd[4749]: Connection closed by 192.168.56.7 [preauth]
Apr 22 00:30:59 metasploitable3-ub1404 sshd[4751]: Invalid user Rawan from 192.168.56.7
Apr 22 00:30:59 metasploitable3-ub1404 sshd[4751]: input_userauth_request: invalid user Rawan [preauth]
Apr 22 00:30:59 metasploitable3-ub1404 sshd[4751]: pam_unix(sshd:auth): check pass; user unknown
Apr 22 00:30:59 metasploitable3-ub1404 sshd[4751]: pam_unix(sshd:auth): authentication failure; logname= uid=0 euid=0 tty=ssh ruser= rhost=192.168.56.7 
Apr 22 00:31:01 metasploitable3-ub1404 sshd[4751]: Failed password for invalid user Rawan from 192.168.56.7 port 43135 ssh2
Apr 22 00:31:01 metasploitable3-ub1404 sshd[4751]: Connection closed by 192.168.56.7 [preauth]
Apr 22 00:31:01 metasploitable3-ub1404 sshd[4753]: Invalid user Rawan from 192.168.56.7
Apr 22 00:31:01 metasploitable3-ub1404 sshd[4753]: input_userauth_request: invalid user Rawan [preauth]
Apr 22 00:31:01 metasploitable3-ub1404 sshd[4753]: pam_unix(sshd:auth): check pass; user unknown
Apr 22 00:31:01 metasploitable3-ub1404 sshd[4753]: pam_unix(sshd:auth): authentication failure; logname= uid=0 euid=0 tty=ssh ruser= rhost=192.168.56.7 
Apr 22 00:31:03 metasploitable3-ub1404 sshd[4753]: Failed password for invalid user Rawan from 192.168.56.7 port 33817 ssh2
Apr 22 00:31:03 metasploitable3-ub1404 sshd[4753]: Connection closed by 192.168.56.7 [preauth]
Apr 22 00:31:03 metasploitable3-ub1404 sshd[4755]: Invalid user Rawan from 192.168.56.7
Apr 22 00:31:03 metasploitable3-ub1404 sshd[4755]: input_userauth_request: invalid user Rawan [preauth]
Apr 22 00:31:03 metasploitable3-ub1404 sshd[4755]: pam_unix(sshd:auth): check pass; user unknown
Apr 22 00:31:03 metasploitable3-ub1404 sshd[4755]: pam_unix(sshd:auth): authentication failure; logname= uid=0 euid=0 tty=ssh ruser= rhost=192.168.56.7 
Apr 22 00:31:06 metasploitable3-ub1404 sshd[4755]: Failed password for invalid user Rawan from 192.168.56.7 port 35103 ssh2
Apr 22 00:31:06 metasploitable3-ub1404 sshd[4755]: Connection closed by 192.168.56.7 [preauth]
Apr 22 00:31:06 metasploitable3-ub1404 sshd[4757]: Invalid user Rawan from 192.168.56.7
Apr 22 00:31:06 metasploitable3-ub1404 sshd[4757]: input_userauth_request: invalid user Rawan [preauth]
Apr 22 00:31:06 metasploitable3-ub1404 sshd[4757]: pam_unix(sshd:auth): check pass; user unknown
Apr 22 00:31:06 metasploitable3-ub1404 sshd[4757]: pam_unix(sshd:auth): authentication failure; logname= uid=0 euid=0 tty=ssh ruser= rhost=192.168.56.7 
Apr 22 00:31:08 metasploitable3-ub1404 sshd[4757]: Failed password for invalid user Rawan from 192.168.56.7 port 36675 ssh2
Apr 22 00:31:08 metasploitable3-ub1404 sshd[4757]: Connection closed by 192.168.56.7 [preauth]
Apr 22 00:31:08 metasploitable3-ub1404 sshd[4759]: Invalid user Rawan from 192.168.56.7
Apr 22 00:31:08 metasploitable3-ub1404 sshd[4759]: input_userauth_request: invalid user Rawan [preauth]
Apr 22 00:31:08 metasploitable3-ub1404 sshd[4759]: pam_unix(sshd:auth): check pass; user unknown
Apr 22 00:31:08 metasploitable3-ub1404 sshd[4759]: pam_unix(sshd:auth): authentication failure; logname= uid=0 euid=0 tty=ssh ruser= rhost=192.168.56.7 
Apr 22 00:31:10 metasploitable3-ub1404 sshd[4759]: Failed password for invalid user Rawan from 192.168.56.7 port 35591 ssh2
Apr 22 00:31:10 metasploitable3-ub1404 sshd[4759]: Connection closed by 192.168.56.7 [preauth]
Apr 22 00:31:10 metasploitable3-ub1404 sshd[4761]: Invalid user Rawan from 192.168.56.7
Apr 22 00:31:10 metasploitable3-ub1404 sshd[4761]: input_userauth_request: invalid user Rawan [preauth]
Apr 22 00:31:10 metasploitable3-ub1404 sshd[4761]: pam_unix(sshd:auth): check pass; user unknown
Apr 22 00:31:10 metasploitable3-ub1404 sshd[4761]: pam_unix(sshd:auth): authentication failure; logname= uid=0 euid=0 tty=ssh ruser= rhost=192.168.56.7 
Apr 22 00:31:12 metasploitable3-ub1404 sshd[4761]: Failed password for invalid user Rawan from 192.168.56.7 port 33411 ssh2
Apr 22 00:31:12 metasploitable3-ub1404 sshd[4761]: Connection closed by 192.168.56.7 [preauth]
Apr 22 00:31:12 metasploitable3-ub1404 sshd[4763]: Invalid user Rawan from 192.168.56.7
Apr 22 00:31:12 metasploitable3-ub1404 sshd[4763]: input_userauth_request: invalid user Rawan [preauth]
Apr 22 00:31:12 metasploitable3-ub1404 sshd[4763]: pam_unix(sshd:auth): check pass; user unknown
Apr 22 00:31:12 metasploitable3-ub1404 sshd[4763]: pam_unix(sshd:auth): authentication failure; logname= uid=0 euid=0 tty=ssh ruser= rhost=192.168.56.7 
Apr 22 00:31:13 metasploitable3-ub1404 sshd[4763]: Failed password for invalid user Rawan from 192.168.56.7 port 39971 ssh2
Apr 22 00:31:13 metasploitable3-ub1404 sshd[4763]: Connection closed by 192.168.56.7 [preauth]
Apr 22 00:31:13 metasploitable3-ub1404 sshd[4765]: Invalid user Rawan from 192.168.56.7
Apr 22 00:31:13 metasploitable3-ub1404 sshd[4765]: input_userauth_request: invalid user Rawan [preauth]
Apr 22 00:31:13 metasploitable3-ub1404 sshd[4765]: pam_unix(sshd:auth): check pass; user unknown
Apr 22 00:31:13 metasploitable3-ub1404 sshd[4765]: pam_unix(sshd:auth): authentication failure; logname= uid=0 euid=0 tty=ssh ruser= rhost=192.168.56.7 
Apr 22 00:31:15 metasploitable3-ub1404 sshd[4765]: Failed password for invalid user Rawan from 192.168.56.7 port 39771 ssh2
Apr 22 00:31:15 metasploitable3-ub1404 sshd[4765]: Connection closed by 192.168.56.7 [preauth]
Apr 22 00:31:15 metasploitable3-ub1404 sshd[4767]: Invalid user Rawan from 192.168.56.7
Apr 22 00:31:15 metasploitable3-ub1404 sshd[4767]: input_userauth_request: invalid user Rawan [preauth]
Apr 22 00:31:15 metasploitable3-ub1404 sshd[4767]: Failed none for invalid user Rawan from 192.168.56.7 port 40843 ssh2
Apr 22 00:31:15 metasploitable3-ub1404 sshd[4767]: Connection closed by 192.168.56.7 [preauth]
Apr 22 00:31:15 metasploitable3-ub1404 sshd[4770]: Invalid user Ali from 192.168.56.7
Apr 22 00:31:15 metasploitable3-ub1404 sshd[4770]: input_userauth_request: invalid user Ali [preauth]
Apr 22 00:31:15 metasploitable3-ub1404 sshd[4770]: pam_unix(sshd:auth): check pass; user unknown
Apr 22 00:31:15 metasploitable3-ub1404 sshd[4770]: pam_unix(sshd:auth): authentication failure; logname= uid=0 euid=0 tty=ssh ruser= rhost=192.168.56.7 
Apr 22 00:31:17 metasploitable3-ub1404 sshd[4770]: Failed password for invalid user Ali from 192.168.56.7 port 37733 ssh2
Apr 22 00:31:17 metasploitable3-ub1404 sshd[4770]: Connection closed by 192.168.56.7 [preauth]
Apr 22 00:31:18 metasploitable3-ub1404 sshd[4772]: Invalid user Ali from 192.168.56.7
Apr 22 00:31:18 metasploitable3-ub1404 sshd[4772]: input_userauth_request: invalid user Ali [preauth]
Apr 22 00:31:18 metasploitable3-ub1404 sshd[4772]: pam_unix(sshd:auth): check pass; user unknown
Apr 22 00:31:18 metasploitable3-ub1404 sshd[4772]: pam_unix(sshd:auth): authentication failure; logname= uid=0 euid=0 tty=ssh ruser= rhost=192.168.56.7 
Apr 22 00:31:20 metasploitable3-ub1404 sshd[4772]: Failed password for invalid user Ali from 192.168.56.7 port 40277 ssh2
Apr 22 00:31:20 metasploitable3-ub1404 sshd[4772]: Connection closed by 192.168.56.7 [preauth]
Apr 22 00:31:20 metasploitable3-ub1404 sshd[4774]: Invalid user Ali from 192.168.56.7
Apr 22 00:31:20 metasploitable3-ub1404 sshd[4774]: input_userauth_request: invalid user Ali [preauth]
Apr 22 00:31:20 metasploitable3-ub1404 sshd[4774]: pam_unix(sshd:auth): check pass; user unknown
Apr 22 00:31:20 metasploitable3-ub1404 sshd[4774]: pam_unix(sshd:auth): authentication failure; logname= uid=0 euid=0 tty=ssh ruser= rhost=192.168.56.7 
Apr 22 00:31:22 metasploitable3-ub1404 sshd[4774]: Failed password for invalid user Ali from 192.168.56.7 port 38827 ssh2
Apr 22 00:31:22 metasploitable3-ub1404 sshd[4774]: Connection closed by 192.168.56.7 [preauth]
Apr 22 00:31:22 metasploitable3-ub1404 sshd[4776]: Invalid user Ali from 192.168.56.7
Apr 22 00:31:22 metasploitable3-ub1404 sshd[4776]: input_userauth_request: invalid user Ali [preauth]
Apr 22 00:31:22 metasploitable3-ub1404 sshd[4776]: pam_unix(sshd:auth): check pass; user unknown
Apr 22 00:31:22 metasploitable3-ub1404 sshd[4776]: pam_unix(sshd:auth): authentication failure; logname= uid=0 euid=0 tty=ssh ruser= rhost=192.168.56.7 
Apr 22 00:31:23 metasploitable3-ub1404 sshd[4776]: Failed password for invalid user Ali from 192.168.56.7 port 42053 ssh2
Apr 22 00:31:23 metasploitable3-ub1404 sshd[4776]: Connection closed by 192.168.56.7 [preauth]
Apr 22 00:31:24 metasploitable3-ub1404 sshd[4778]: Invalid user Ali from 192.168.56.7
Apr 22 00:31:24 metasploitable3-ub1404 sshd[4778]: input_userauth_request: invalid user Ali [preauth]
Apr 22 00:31:24 metasploitable3-ub1404 sshd[4778]: pam_unix(sshd:auth): check pass; user unknown
Apr 22 00:31:24 metasploitable3-ub1404 sshd[4778]: pam_unix(sshd:auth): authentication failure; logname= uid=0 euid=0 tty=ssh ruser= rhost=192.168.56.7 
Apr 22 00:31:25 metasploitable3-ub1404 sshd[4778]: Failed password for invalid user Ali from 192.168.56.7 port 41453 ssh2
Apr 22 00:31:25 metasploitable3-ub1404 sshd[4778]: Connection closed by 192.168.56.7 [preauth]
Apr 22 00:31:25 metasploitable3-ub1404 sshd[4780]: Invalid user Ali from 192.168.56.7
Apr 22 00:31:25 metasploitable3-ub1404 sshd[4780]: input_userauth_request: invalid user Ali [preauth]
Apr 22 00:31:25 metasploitable3-ub1404 sshd[4780]: pam_unix(sshd:auth): check pass; user unknown
Apr 22 00:31:25 metasploitable3-ub1404 sshd[4780]: pam_unix(sshd:auth): authentication failure; logname= uid=0 euid=0 tty=ssh ruser= rhost=192.168.56.7 
Apr 22 00:31:27 metasploitable3-ub1404 sshd[4780]: Failed password for invalid user Ali from 192.168.56.7 port 39285 ssh2
Apr 22 00:31:27 metasploitable3-ub1404 sshd[4780]: Connection closed by 192.168.56.7 [preauth]
Apr 22 00:31:27 metasploitable3-ub1404 sshd[4782]: Invalid user Ali from 192.168.56.7
Apr 22 00:31:27 metasploitable3-ub1404 sshd[4782]: input_userauth_request: invalid user Ali [preauth]
Apr 22 00:31:28 metasploitable3-ub1404 sshd[4782]: pam_unix(sshd:auth): check pass; user unknown
Apr 22 00:31:28 metasploitable3-ub1404 sshd[4782]: pam_unix(sshd:auth): authentication failure; logname= uid=0 euid=0 tty=ssh ruser= rhost=192.168.56.7 
Apr 22 00:31:30 metasploitable3-ub1404 sshd[4782]: Failed password for invalid user Ali from 192.168.56.7 port 41033 ssh2
Apr 22 00:31:30 metasploitable3-ub1404 sshd[4782]: Connection closed by 192.168.56.7 [preauth]
Apr 22 00:31:30 metasploitable3-ub1404 sshd[4784]: Invalid user Ali from 192.168.56.7
Apr 22 00:31:30 metasploitable3-ub1404 sshd[4784]: input_userauth_request: invalid user Ali [preauth]
Apr 22 00:31:30 metasploitable3-ub1404 sshd[4784]: pam_unix(sshd:auth): check pass; user unknown
Apr 22 00:31:30 metasploitable3-ub1404 sshd[4784]: pam_unix(sshd:auth): authentication failure; logname= uid=0 euid=0 tty=ssh ruser= rhost=192.168.56.7 
Apr 22 00:31:32 metasploitable3-ub1404 sshd[4784]: Failed password for invalid user Ali from 192.168.56.7 port 35081 ssh2
Apr 22 00:31:32 metasploitable3-ub1404 sshd[4784]: Connection closed by 192.168.56.7 [preauth]
Apr 22 00:31:32 metasploitable3-ub1404 sshd[4786]: Invalid user Ali from 192.168.56.7
Apr 22 00:31:32 metasploitable3-ub1404 sshd[4786]: input_userauth_request: invalid user Ali [preauth]
Apr 22 00:31:32 metasploitable3-ub1404 sshd[4786]: pam_unix(sshd:auth): check pass; user unknown
Apr 22 00:31:32 metasploitable3-ub1404 sshd[4786]: pam_unix(sshd:auth): authentication failure; logname= uid=0 euid=0 tty=ssh ruser= rhost=192.168.56.7 
Apr 22 00:31:34 metasploitable3-ub1404 sshd[4786]: Failed password for invalid user Ali from 192.168.56.7 port 42663 ssh2
Apr 22 00:31:34 metasploitable3-ub1404 sshd[4786]: Connection closed by 192.168.56.7 [preauth]
Apr 22 00:31:34 metasploitable3-ub1404 sshd[4788]: Invalid user Ali from 192.168.56.7
Apr 22 00:31:34 metasploitable3-ub1404 sshd[4788]: input_userauth_request: invalid user Ali [preauth]
Apr 22 00:31:34 metasploitable3-ub1404 sshd[4788]: pam_unix(sshd:auth): check pass; user unknown
Apr 22 00:31:34 metasploitable3-ub1404 sshd[4788]: pam_unix(sshd:auth): authentication failure; logname= uid=0 euid=0 tty=ssh ruser= rhost=192.168.56.7 
Apr 22 00:31:36 metasploitable3-ub1404 sshd[4788]: Failed password for invalid user Ali from 192.168.56.7 port 41523 ssh2
Apr 22 00:31:36 metasploitable3-ub1404 sshd[4788]: Connection closed by 192.168.56.7 [preauth]
Apr 22 00:31:36 metasploitable3-ub1404 sshd[4790]: Invalid user Ali from 192.168.56.7
Apr 22 00:31:36 metasploitable3-ub1404 sshd[4790]: input_userauth_request: invalid user Ali [preauth]
Apr 22 00:31:36 metasploitable3-ub1404 sshd[4790]: pam_unix(sshd:auth): check pass; user unknown
Apr 22 00:31:36 metasploitable3-ub1404 sshd[4790]: pam_unix(sshd:auth): authentication failure; logname= uid=0 euid=0 tty=ssh ruser= rhost=192.168.56.7 
Apr 22 00:31:38 metasploitable3-ub1404 sshd[4790]: Failed password for invalid user Ali from 192.168.56.7 port 33903 ssh2
Apr 22 00:31:38 metasploitable3-ub1404 sshd[4790]: Connection closed by 192.168.56.7 [preauth]
Apr 22 00:31:38 metasploitable3-ub1404 sshd[4792]: Invalid user Ali from 192.168.56.7
Apr 22 00:31:38 metasploitable3-ub1404 sshd[4792]: input_userauth_request: invalid user Ali [preauth]
Apr 22 00:31:38 metasploitable3-ub1404 sshd[4792]: pam_unix(sshd:auth): check pass; user unknown
Apr 22 00:31:38 metasploitable3-ub1404 sshd[4792]: pam_unix(sshd:auth): authentication failure; logname= uid=0 euid=0 tty=ssh ruser= rhost=192.168.56.7 
Apr 22 00:31:40 metasploitable3-ub1404 sshd[4792]: Failed password for invalid user Ali from 192.168.56.7 port 34053 ssh2
Apr 22 00:31:40 metasploitable3-ub1404 sshd[4792]: Connection closed by 192.168.56.7 [preauth]
Apr 22 00:31:40 metasploitable3-ub1404 sshd[4794]: Invalid user Ali from 192.168.56.7
Apr 22 00:31:40 metasploitable3-ub1404 sshd[4794]: input_userauth_request: invalid user Ali [preauth]
Apr 22 00:31:40 metasploitable3-ub1404 sshd[4794]: Failed none for invalid user Ali from 192.168.56.7 port 41611 ssh2
Apr 22 00:31:40 metasploitable3-ub1404 sshd[4794]: Connection closed by 192.168.56.7 [preauth]
Apr 22 00:31:40 metasploitable3-ub1404 sshd[4796]: Invalid user Ooody  from 192.168.56.7
Apr 22 00:31:40 metasploitable3-ub1404 sshd[4796]: input_userauth_request: invalid user Ooody  [preauth]
Apr 22 00:31:40 metasploitable3-ub1404 sshd[4796]: pam_unix(sshd:auth): check pass; user unknown
Apr 22 00:31:40 metasploitable3-ub1404 sshd[4796]: pam_unix(sshd:auth): authentication failure; logname= uid=0 euid=0 tty=ssh ruser= rhost=192.168.56.7 
Apr 22 00:31:43 metasploitable3-ub1404 sshd[4796]: Failed password for invalid user Ooody  from 192.168.56.7 port 40549 ssh2
Apr 22 00:31:43 metasploitable3-ub1404 sshd[4796]: Connection closed by 192.168.56.7 [preauth]
Apr 22 00:31:43 metasploitable3-ub1404 sshd[4798]: Invalid user Ooody  from 192.168.56.7
Apr 22 00:31:43 metasploitable3-ub1404 sshd[4798]: input_userauth_request: invalid user Ooody  [preauth]
Apr 22 00:31:43 metasploitable3-ub1404 sshd[4798]: pam_unix(sshd:auth): check pass; user unknown
Apr 22 00:31:43 metasploitable3-ub1404 sshd[4798]: pam_unix(sshd:auth): authentication failure; logname= uid=0 euid=0 tty=ssh ruser= rhost=192.168.56.7 
Apr 22 00:31:44 metasploitable3-ub1404 sshd[4798]: Failed password for invalid user Ooody  from 192.168.56.7 port 37001 ssh2
Apr 22 00:31:44 metasploitable3-ub1404 sshd[4798]: Connection closed by 192.168.56.7 [preauth]
Apr 22 00:31:44 metasploitable3-ub1404 sshd[4800]: Invalid user Ooody  from 192.168.56.7
Apr 22 00:31:44 metasploitable3-ub1404 sshd[4800]: input_userauth_request: invalid user Ooody  [preauth]
Apr 22 00:31:44 metasploitable3-ub1404 sshd[4800]: pam_unix(sshd:auth): check pass; user unknown
Apr 22 00:31:44 metasploitable3-ub1404 sshd[4800]: pam_unix(sshd:auth): authentication failure; logname= uid=0 euid=0 tty=ssh ruser= rhost=192.168.56.7 
Apr 22 00:31:47 metasploitable3-ub1404 sshd[4800]: Failed password for invalid user Ooody  from 192.168.56.7 port 37745 ssh2
Apr 22 00:31:47 metasploitable3-ub1404 sshd[4800]: Connection closed by 192.168.56.7 [preauth]
Apr 22 00:31:47 metasploitable3-ub1404 sshd[4802]: Invalid user Ooody  from 192.168.56.7
Apr 22 00:31:47 metasploitable3-ub1404 sshd[4802]: input_userauth_request: invalid user Ooody  [preauth]
Apr 22 00:31:47 metasploitable3-ub1404 sshd[4802]: pam_unix(sshd:auth): check pass; user unknown
Apr 22 00:31:47 metasploitable3-ub1404 sshd[4802]: pam_unix(sshd:auth): authentication failure; logname= uid=0 euid=0 tty=ssh ruser= rhost=192.168.56.7 
Apr 22 00:31:48 metasploitable3-ub1404 sshd[4802]: Failed password for invalid user Ooody  from 192.168.56.7 port 40407 ssh2
Apr 22 00:31:48 metasploitable3-ub1404 sshd[4802]: Connection closed by 192.168.56.7 [preauth]
Apr 22 00:31:48 metasploitable3-ub1404 sshd[4804]: Invalid user Ooody  from 192.168.56.7
Apr 22 00:31:48 metasploitable3-ub1404 sshd[4804]: input_userauth_request: invalid user Ooody  [preauth]
Apr 22 00:31:48 metasploitable3-ub1404 sshd[4804]: pam_unix(sshd:auth): check pass; user unknown
Apr 22 00:31:48 metasploitable3-ub1404 sshd[4804]: pam_unix(sshd:auth): authentication failure; logname= uid=0 euid=0 tty=ssh ruser= rhost=192.168.56.7 
Apr 22 00:31:49 metasploitable3-ub1404 sshd[4804]: Failed password for invalid user Ooody  from 192.168.56.7 port 38225 ssh2
Apr 22 00:31:49 metasploitable3-ub1404 sshd[4804]: Connection closed by 192.168.56.7 [preauth]
Apr 22 00:31:49 metasploitable3-ub1404 sshd[4806]: Invalid user Ooody  from 192.168.56.7
Apr 22 00:31:49 metasploitable3-ub1404 sshd[4806]: input_userauth_request: invalid user Ooody  [preauth]
Apr 22 00:31:49 metasploitable3-ub1404 sshd[4806]: pam_unix(sshd:auth): check pass; user unknown
Apr 22 00:31:49 metasploitable3-ub1404 sshd[4806]: pam_unix(sshd:auth): authentication failure; logname= uid=0 euid=0 tty=ssh ruser= rhost=192.168.56.7 
Apr 22 00:31:52 metasploitable3-ub1404 sshd[4806]: Failed password for invalid user Ooody  from 192.168.56.7 port 36853 ssh2
Apr 22 00:31:52 metasploitable3-ub1404 sshd[4806]: Connection closed by 192.168.56.7 [preauth]
Apr 22 00:31:52 metasploitable3-ub1404 sshd[4808]: Invalid user Ooody  from 192.168.56.7
Apr 22 00:31:52 metasploitable3-ub1404 sshd[4808]: input_userauth_request: invalid user Ooody  [preauth]
Apr 22 00:31:52 metasploitable3-ub1404 sshd[4808]: pam_unix(sshd:auth): check pass; user unknown
Apr 22 00:31:52 metasploitable3-ub1404 sshd[4808]: pam_unix(sshd:auth): authentication failure; logname= uid=0 euid=0 tty=ssh ruser= rhost=192.168.56.7 
Apr 22 00:31:54 metasploitable3-ub1404 sshd[4808]: Failed password for invalid user Ooody  from 192.168.56.7 port 45379 ssh2
Apr 22 00:31:54 metasploitable3-ub1404 sshd[4808]: Connection closed by 192.168.56.7 [preauth]
Apr 22 00:31:54 metasploitable3-ub1404 sshd[4810]: Invalid user Ooody  from 192.168.56.7
Apr 22 00:31:54 metasploitable3-ub1404 sshd[4810]: input_userauth_request: invalid user Ooody  [preauth]
Apr 22 00:31:54 metasploitable3-ub1404 sshd[4810]: pam_unix(sshd:auth): check pass; user unknown
Apr 22 00:31:54 metasploitable3-ub1404 sshd[4810]: pam_unix(sshd:auth): authentication failure; logname= uid=0 euid=0 tty=ssh ruser= rhost=192.168.56.7 
Apr 22 00:31:56 metasploitable3-ub1404 sshd[4810]: Failed password for invalid user Ooody  from 192.168.56.7 port 45489 ssh2
Apr 22 00:31:56 metasploitable3-ub1404 sshd[4810]: Connection closed by 192.168.56.7 [preauth]
Apr 22 00:31:56 metasploitable3-ub1404 sshd[4812]: Invalid user Ooody  from 192.168.56.7
Apr 22 00:31:56 metasploitable3-ub1404 sshd[4812]: input_userauth_request: invalid user Ooody  [preauth]
Apr 22 00:31:56 metasploitable3-ub1404 sshd[4812]: pam_unix(sshd:auth): check pass; user unknown
Apr 22 00:31:56 metasploitable3-ub1404 sshd[4812]: pam_unix(sshd:auth): authentication failure; logname= uid=0 euid=0 tty=ssh ruser= rhost=192.168.56.7 
Apr 22 00:31:58 metasploitable3-ub1404 sshd[4812]: Failed password for invalid user Ooody  from 192.168.56.7 port 41303 ssh2
Apr 22 00:31:58 metasploitable3-ub1404 sshd[4812]: Connection closed by 192.168.56.7 [preauth]
Apr 22 00:31:58 metasploitable3-ub1404 sshd[4814]: Invalid user Ooody  from 192.168.56.7
Apr 22 00:31:58 metasploitable3-ub1404 sshd[4814]: input_userauth_request: invalid user Ooody  [preauth]
Apr 22 00:31:58 metasploitable3-ub1404 sshd[4814]: pam_unix(sshd:auth): check pass; user unknown
Apr 22 00:31:58 metasploitable3-ub1404 sshd[4814]: pam_unix(sshd:auth): authentication failure; logname= uid=0 euid=0 tty=ssh ruser= rhost=192.168.56.7 
Apr 22 00:32:00 metasploitable3-ub1404 sshd[4814]: Failed password for invalid user Ooody  from 192.168.56.7 port 37889 ssh2
Apr 22 00:32:00 metasploitable3-ub1404 sshd[4814]: Connection closed by 192.168.56.7 [preauth]
Apr 22 00:32:00 metasploitable3-ub1404 sshd[4816]: Invalid user Ooody  from 192.168.56.7
Apr 22 00:32:00 metasploitable3-ub1404 sshd[4816]: input_userauth_request: invalid user Ooody  [preauth]
Apr 22 00:32:00 metasploitable3-ub1404 sshd[4816]: pam_unix(sshd:auth): check pass; user unknown
Apr 22 00:32:00 metasploitable3-ub1404 sshd[4816]: pam_unix(sshd:auth): authentication failure; logname= uid=0 euid=0 tty=ssh ruser= rhost=192.168.56.7 
Apr 22 00:32:03 metasploitable3-ub1404 sshd[4816]: Failed password for invalid user Ooody  from 192.168.56.7 port 43267 ssh2
Apr 22 00:32:03 metasploitable3-ub1404 sshd[4816]: Connection closed by 192.168.56.7 [preauth]
Apr 22 00:32:03 metasploitable3-ub1404 sshd[4818]: Invalid user Ooody  from 192.168.56.7
Apr 22 00:32:03 metasploitable3-ub1404 sshd[4818]: input_userauth_request: invalid user Ooody  [preauth]
Apr 22 00:32:03 metasploitable3-ub1404 sshd[4818]: pam_unix(sshd:auth): check pass; user unknown
Apr 22 00:32:03 metasploitable3-ub1404 sshd[4818]: pam_unix(sshd:auth): authentication failure; logname= uid=0 euid=0 tty=ssh ruser= rhost=192.168.56.7 
Apr 22 00:32:05 metasploitable3-ub1404 sshd[4818]: Failed password for invalid user Ooody  from 192.168.56.7 port 35055 ssh2
Apr 22 00:32:05 metasploitable3-ub1404 sshd[4818]: Connection closed by 192.168.56.7 [preauth]
Apr 22 00:32:05 metasploitable3-ub1404 sshd[4820]: Invalid user Ooody  from 192.168.56.7
Apr 22 00:32:05 metasploitable3-ub1404 sshd[4820]: input_userauth_request: invalid user Ooody  [preauth]
Apr 22 00:32:05 metasploitable3-ub1404 sshd[4820]: Failed none for invalid user Ooody  from 192.168.56.7 port 35551 ssh2
Apr 22 00:32:05 metasploitable3-ub1404 sshd[4820]: Connection closed by 192.168.56.7 [preauth]
Apr 22 02:00:22 metasploitable3-ub1404 sshd[4545]: pam_unix(sshd:session): session closed for user vagrant
Apr 22 02:07:17 metasploitable3-ub1404 sshd[5567]: Received disconnect from 192.168.56.7: 11: Bye Bye [preauth]
Apr 22 02:07:18 metasploitable3-ub1404 sshd[5569]: pam_unix(sshd:auth): authentication failure; logname= uid=0 euid=0 tty=ssh ruser= rhost=192.168.56.7  user=vagrant
Apr 22 02:07:18 metasploitable3-ub1404 sshd[5571]: pam_unix(sshd:auth): authentication failure; logname= uid=0 euid=0 tty=ssh ruser= rhost=192.168.56.7  user=vagrant
Apr 22 02:07:18 metasploitable3-ub1404 sshd[5570]: pam_unix(sshd:auth): authentication failure; logname= uid=0 euid=0 tty=ssh ruser= rhost=192.168.56.7  user=vagrant
Apr 22 02:07:18 metasploitable3-ub1404 sshd[5572]: Accepted password for vagrant from 192.168.56.7 port 35970 ssh2
Apr 22 02:07:18 metasploitable3-ub1404 sshd[5572]: pam_unix(sshd:session): session opened for user vagrant by (uid=0)
Apr 22 02:07:18 metasploitable3-ub1404 sshd[5572]: pam_unix(sshd:session): session closed for user vagrant
Apr 22 02:07:19 metasploitable3-ub1404 sshd[5569]: Failed password for vagrant from 192.168.56.7 port 35938 ssh2
Apr 22 02:07:19 metasploitable3-ub1404 sshd[5571]: Failed password for vagrant from 192.168.56.7 port 35956 ssh2
Apr 22 02:07:19 metasploitable3-ub1404 sshd[5571]: Connection closed by 192.168.56.7 [preauth]
Apr 22 02:07:19 metasploitable3-ub1404 sshd[5569]: Connection closed by 192.168.56.7 [preauth]
Apr 22 02:07:19 metasploitable3-ub1404 sshd[5570]: Failed password for vagrant from 192.168.56.7 port 35952 ssh2
Apr 22 02:07:19 metasploitable3-ub1404 sshd[5570]: Connection closed by 192.168.56.7 [preauth]
Apr 22 02:17:01 metasploitable3-ub1404 CRON[5679]: pam_unix(cron:session): session opened for user root by (uid=0)
Apr 22 02:17:01 metasploitable3-ub1404 CRON[5679]: pam_unix(cron:session): session closed for user root
Apr 22 04:08:43 metasploitable3-ub1404 sshd[6158]: Received disconnect from 192.168.56.7: 11: Bye Bye [preauth]
Apr 22 04:08:43 metasploitable3-ub1404 sshd[6161]: pam_unix(sshd:auth): authentication failure; logname= uid=0 euid=0 tty=ssh ruser= rhost=192.168.56.7  user=vagrant
Apr 22 04:08:43 metasploitable3-ub1404 sshd[6163]: pam_unix(sshd:auth): authentication failure; logname= uid=0 euid=0 tty=ssh ruser= rhost=192.168.56.7  user=vagrant
Apr 22 04:08:43 metasploitable3-ub1404 sshd[6162]: Accepted password for vagrant from 192.168.56.7 port 34368 ssh2
Apr 22 04:08:43 metasploitable3-ub1404 sshd[6162]: pam_unix(sshd:session): session opened for user vagrant by (uid=0)
Apr 22 04:08:43 metasploitable3-ub1404 sshd[6160]: pam_unix(sshd:auth): authentication failure; logname= uid=0 euid=0 tty=ssh ruser= rhost=192.168.56.7  user=vagrant
Apr 22 04:08:43 metasploitable3-ub1404 sshd[6162]: pam_unix(sshd:session): session closed for user vagrant
Apr 22 04:08:44 metasploitable3-ub1404 sshd[6161]: Failed password for vagrant from 192.168.56.7 port 34354 ssh2
Apr 22 04:08:44 metasploitable3-ub1404 sshd[6161]: Connection closed by 192.168.56.7 [preauth]
Apr 22 04:08:44 metasploitable3-ub1404 sshd[6163]: Failed password for vagrant from 192.168.56.7 port 34374 ssh2
Apr 22 04:08:44 metasploitable3-ub1404 sshd[6163]: Connection closed by 192.168.56.7 [preauth]
Apr 22 04:08:44 metasploitable3-ub1404 sshd[6160]: Failed password for vagrant from 192.168.56.7 port 34352 ssh2
Apr 22 04:08:44 metasploitable3-ub1404 sshd[6160]: Connection closed by 192.168.56.7 [preauth]
Apr 22 04:17:01 metasploitable3-ub1404 CRON[6270]: pam_unix(cron:session): session opened for user root by (uid=0)
Apr 22 04:17:01 metasploitable3-ub1404 CRON[6270]: pam_unix(cron:session): session closed for user root
Apr 22 04:38:08 metasploitable3-ub1404 sudo:  vagrant : TTY=tty1 ; PWD=/home/vagrant ; USER=root ; COMMAND=/bin/cat /var/log/auth.log
Apr 22 04:38:08 metasploitable3-ub1404 sudo: pam_unix(sudo:session): session opened for user root by vagrant(uid=0)
Apr 22 04:38:13 metasploitable3-ub1404 sudo: pam_unix(sudo:session): session closed for user root
Apr 22 04:40:16 metasploitable3-ub1404 sudo:  vagrant : TTY=tty1 ; PWD=/home/vagrant ; USER=root ; COMMAND=/bin/cp /var/log/auth.log /home/vagrant/
Apr 22 04:40:16 metasploitable3-ub1404 sudo: pam_unix(sudo:session): session opened for user root by vagrant(uid=0)
Apr 22 04:40:16 metasploitable3-ub1404 sudo: pam_unix(sudo:session): session closed for user root
Apr 22 04:43:26 metasploitable3-ub1404 sudo:  vagrant : TTY=tty1 ; PWD=/home/vagrant ; USER=root ; COMMAND=/bin/mount -t vboxsf shared /mnt
Apr 22 04:43:26 metasploitable3-ub1404 sudo: pam_unix(sudo:session): session opened for user root by vagrant(uid=0)
Apr 22 04:43:26 metasploitable3-ub1404 sudo: pam_unix(sudo:session): session closed for user root
Apr 22 04:44:41 metasploitable3-ub1404 sshd[6535]: Accepted password for vagrant from 192.168.56.7 port 35080 ssh2
Apr 22 04:44:41 metasploitable3-ub1404 sshd[6535]: pam_unix(sshd:session): session opened for user vagrant by (uid=0)
Apr 22 04:44:42 metasploitable3-ub1404 sshd[6554]: Received disconnect from 192.168.56.7: 11: disconnected by user
Apr 22 04:44:42 metasploitable3-ub1404 sshd[6535]: pam_unix(sshd:session): session closed for user vagrant
Apr 22 04:44:57 metasploitable3-ub1404 sshd[6556]: Accepted password for vagrant from 192.168.56.7 port 34626 ssh2
Apr 22 04:44:57 metasploitable3-ub1404 sshd[6556]: pam_unix(sshd:session): session opened for user vagrant by (uid=0)
Apr 22 04:44:57 metasploitable3-ub1404 sshd[6575]: Received disconnect from 192.168.56.7: 11: disconnected by user
Apr 22 04:44:57 metasploitable3-ub1404 sshd[6556]: pam_unix(sshd:session): session closed for user vagrant
Apr 22 04:45:56 metasploitable3-ub1404 sudo:  vagrant : TTY=tty1 ; PWD=/home/vagrant ; USER=root ; COMMAND=/bin/chmod 644 /home/vagrant/auth.log
Apr 22 04:45:56 metasploitable3-ub1404 sudo: pam_unix(sudo:session): session opened for user root by vagrant(uid=0)
Apr 22 04:45:56 metasploitable3-ub1404 sudo: pam_unix(sudo:session): session closed for user root
Apr 22 04:46:14 metasploitable3-ub1404 sshd[6620]: Accepted password for vagrant from 192.168.56.7 port 44386 ssh2
Apr 22 04:46:14 metasploitable3-ub1404 sshd[6620]: pam_unix(sshd:session): session opened for user vagrant by (uid=0)
Apr 22 04:46:14 metasploitable3-ub1404 sshd[6638]: Received disconnect from 192.168.56.7: 11: disconnected by user
Apr 22 04:46:14 metasploitable3-ub1404 sshd[6620]: pam_unix(sshd:session): session closed for user vagrant
Apr 29 17:22:38 metasploitable3-ub1404 sudo:     root : TTY=unknown ; PWD=/ ; USER=chewbacca ; COMMAND=/opt/readme_app/start.sh
Apr 29 17:22:38 metasploitable3-ub1404 sudo: pam_unix(sudo:session): session opened for user chewbacca by (uid=0)
Apr 29 17:22:38 metasploitable3-ub1404 sshd[1441]: Server listening on 0.0.0.0 port 22.
Apr 29 17:22:38 metasploitable3-ub1404 sshd[1441]: Server listening on :: port 22.
Apr 29 17:22:38 metasploitable3-ub1404 su[1507]: Successful su for dirmngr by root
Apr 29 17:22:38 metasploitable3-ub1404 su[1507]: + /dev/console root:dirmngr
Apr 29 17:22:38 metasploitable3-ub1404 su[1507]: pam_unix(su:session): session opened for user dirmngr by (uid=0)
Apr 29 17:22:38 metasploitable3-ub1404 su[1507]: pam_unix(su:session): session closed for user dirmngr
Apr 29 17:22:39 metasploitable3-ub1404 sudo:     root : TTY=unknown ; PWD=/ ; USER=boba_fett ; COMMAND=/opt/unrealircd/Unreal3.2/unreal start
Apr 29 17:22:39 metasploitable3-ub1404 sudo: pam_unix(sudo:session): session opened for user boba_fett by (uid=0)
Apr 29 17:22:40 metasploitable3-ub1404 sudo: pam_unix(sudo:session): session closed for user boba_fett
Apr 29 17:24:29 metasploitable3-ub1404 login[1831]: pam_unix(login:auth): check pass; user unknown
Apr 29 17:24:29 metasploitable3-ub1404 login[1831]: pam_unix(login:auth): authentication failure; logname=LOGIN uid=0 euid=0 tty=/dev/tty1 ruser= rhost= 
Apr 29 17:24:32 metasploitable3-ub1404 login[1831]: FAILED LOGIN (1) on '/dev/tty1' FOR 'UNKNOWN', Authentication failure
Apr 29 17:24:43 metasploitable3-ub1404 login[1831]: pam_unix(login:session): session opened for user vagrant by LOGIN(uid=0)
Apr 29 17:25:09 metasploitable3-ub1404 sudo:  vagrant : TTY=tty1 ; PWD=/home/vagrant ; USER=root ; COMMAND=/bin/chmod 644 /home/vagrant/auth.log
Apr 29 17:25:09 metasploitable3-ub1404 sudo: pam_unix(sudo:session): session opened for user root by vagrant(uid=0)
Apr 29 17:25:09 metasploitable3-ub1404 sudo: pam_unix(sudo:session): session closed for user root
Apr 29 17:25:46 metasploitable3-ub1404 sudo:  vagrant : TTY=tty1 ; PWD=/home/vagrant ; USER=root ; COMMAND=/bin/cp /var/log/auth.log /home/vagrant/auth.log
Apr 29 17:25:46 metasploitable3-ub1404 sudo: pam_unix(sudo:session): session opened for user root by vagrant(uid=0)
Apr 29 17:25:46 metasploitable3-ub1404 sudo: pam_unix(sudo:session): session closed for user root
Apr 29 17:28:20 metasploitable3-ub1404 sshd[1951]: Accepted password for vagrant from 192.168.56.1 port 52045 ssh2
Apr 29 17:28:20 metasploitable3-ub1404 sshd[1951]: pam_unix(sshd:session): session opened for user vagrant by (uid=0)
Apr 29 17:28:20 metasploitable3-ub1404 sshd[1969]: Received disconnect from 192.168.56.1: 11: disconnected by user
Apr 29 17:28:20 metasploitable3-ub1404 sshd[1951]: pam_unix(sshd:session): session closed for user vagrant
Apr 29 17:28:56 metasploitable3-ub1404 sshd[1971]: Accepted password for vagrant from 192.168.56.1 port 52068 ssh2
Apr 29 17:28:56 metasploitable3-ub1404 sshd[1971]: pam_unix(sshd:session): session opened for user vagrant by (uid=0)
Apr 29 17:28:56 metasploitable3-ub1404 sshd[1990]: Received disconnect from 192.168.56.1: 11: disconnected by user
Apr 29 17:28:56 metasploitable3-ub1404 sshd[1971]: pam_unix(sshd:session): session closed for user vagrant
Apr 29 17:29:44 metasploitable3-ub1404 sshd[2035]: Accepted password for vagrant from 192.168.56.1 port 52073 ssh2
Apr 29 17:29:44 metasploitable3-ub1404 sshd[2035]: pam_unix(sshd:session): session opened for user vagrant by (uid=0)
Apr 29 17:29:44 metasploitable3-ub1404 sshd[2054]: Received disconnect from 192.168.56.1: 11: disconnected by user
Apr 29 17:29:44 metasploitable3-ub1404 sshd[2035]: pam_unix(sshd:session): session closed for user vagrant
Apr 29 18:30:43 metasploitable3-ub1404 sudo:     root : TTY=unknown ; PWD=/ ; USER=chewbacca ; COMMAND=/opt/readme_app/start.sh
Apr 29 18:30:43 metasploitable3-ub1404 sudo: pam_unix(sudo:session): session opened for user chewbacca by (uid=0)
Apr 29 18:30:43 metasploitable3-ub1404 sshd[1413]: Server listening on 0.0.0.0 port 22.
Apr 29 18:30:43 metasploitable3-ub1404 sshd[1413]: Server listening on :: port 22.
Apr 29 18:30:44 metasploitable3-ub1404 su[1474]: Successful su for dirmngr by root
Apr 29 18:30:44 metasploitable3-ub1404 su[1474]: + /dev/console root:dirmngr
Apr 29 18:30:44 metasploitable3-ub1404 su[1474]: pam_unix(su:session): session opened for user dirmngr by (uid=0)
Apr 29 18:30:44 metasploitable3-ub1404 su[1474]: pam_unix(su:session): session closed for user dirmngr
Apr 29 18:30:44 metasploitable3-ub1404 sudo:     root : TTY=unknown ; PWD=/ ; USER=boba_fett ; COMMAND=/opt/unrealircd/Unreal3.2/unreal start
Apr 29 18:30:44 metasploitable3-ub1404 sudo: pam_unix(sudo:session): session opened for user boba_fett by (uid=0)
Apr 29 18:30:46 metasploitable3-ub1404 sudo: pam_unix(sudo:session): session closed for user boba_fett
Apr 29 18:32:04 metasploitable3-ub1404 login[1797]: pam_unix(login:session): session opened for user vagrant by LOGIN(uid=0)
Apr 29 18:34:08 metasploitable3-ub1404 sudo:  vagrant : TTY=tty1 ; PWD=/home/vagrant ; USER=root ; COMMAND=/bin/cp /var/log/auth.log /home/vagrant/auth.log
Apr 29 18:34:08 metasploitable3-ub1404 sudo: pam_unix(sudo:session): session opened for user root by vagrant(uid=0)
Apr 29 18:34:08 metasploitable3-ub1404 sudo: pam_unix(sudo:session): session closed for user root
Apr 29 18:34:31 metasploitable3-ub1404 sudo:  vagrant : TTY=tty1 ; PWD=/home/vagrant ; USER=root ; COMMAND=/bin/chmod 644 /home/vagrant/auth.log
Apr 29 18:34:31 metasploitable3-ub1404 sudo: pam_unix(sudo:session): session opened for user root by vagrant(uid=0)
Apr 29 18:34:31 metasploitable3-ub1404 sudo: pam_unix(sudo:session): session closed for user root
Apr 29 18:41:15 metasploitable3-ub1404 sshd[1980]: Accepted password for vagrant from 192.168.56.1 port 52571 ssh2
Apr 29 18:41:15 metasploitable3-ub1404 sshd[1980]: pam_unix(sshd:session): session opened for user vagrant by (uid=0)
Apr 29 18:41:16 metasploitable3-ub1404 sshd[1998]: Received disconnect from 192.168.56.1: 11: disconnected by user
Apr 29 18:41:16 metasploitable3-ub1404 sshd[1980]: pam_unix(sshd:session): session closed for user vagrant
Apr 29 18:48:57 metasploitable3-ub1404 sshd[2085]: Accepted password for vagrant from 192.168.56.1 port 52712 ssh2
Apr 29 18:48:57 metasploitable3-ub1404 sshd[2085]: pam_unix(sshd:session): session opened for user vagrant by (uid=0)
Apr 29 18:48:57 metasploitable3-ub1404 sshd[2104]: Received disconnect from 192.168.56.1: 11: disconnected by user
Apr 29 18:48:57 metasploitable3-ub1404 sshd[2085]: pam_unix(sshd:session): session closed for user vagrant
Apr 29 18:50:02 metasploitable3-ub1404 sshd[2106]: Accepted password for vagrant from 192.168.56.1 port 52723 ssh2
Apr 29 18:50:02 metasploitable3-ub1404 sshd[2106]: pam_unix(sshd:session): session opened for user vagrant by (uid=0)
Apr 29 18:50:02 metasploitable3-ub1404 sshd[2124]: Received disconnect from 192.168.56.1: 11: disconnected by user
Apr 29 18:50:02 metasploitable3-ub1404 sshd[2106]: pam_unix(sshd:session): session closed for user vagrant
Apr 29 18:50:44 metasploitable3-ub1404 sshd[2167]: Accepted password for vagrant from 192.168.56.1 port 52728 ssh2
Apr 29 18:50:44 metasploitable3-ub1404 sshd[2167]: pam_unix(sshd:session): session opened for user vagrant by (uid=0)
Apr 29 18:50:44 metasploitable3-ub1404 sshd[2185]: Received disconnect from 192.168.56.1: 11: disconnected by user
Apr 29 18:50:44 metasploitable3-ub1404 sshd[2167]: pam_unix(sshd:session): session closed for user vagrant
Apr 29 18:52:35 metasploitable3-ub1404 sudo:  vagrant : TTY=tty1 ; PWD=/home/vagrant ; USER=root ; COMMAND=/bin/cp /var/log/auth.log /home/vagrant/auth.log
Apr 29 18:52:35 metasploitable3-ub1404 sudo: pam_unix(sudo:session): session opened for user root by vagrant(uid=0)
Apr 29 18:52:35 metasploitable3-ub1404 sudo: pam_unix(sudo:session): session closed for user root
Apr 29 18:52:42 metasploitable3-ub1404 sudo:  vagrant : TTY=tty1 ; PWD=/home/vagrant ; USER=root ; COMMAND=/bin/chmod 644 /home/vagrant/auth.log
Apr 29 18:52:42 metasploitable3-ub1404 sudo: pam_unix(sudo:session): session opened for user root by vagrant(uid=0)
Apr 29 18:52:42 metasploitable3-ub1404 sudo: pam_unix(sudo:session): session closed for user root
Apr 29 18:53:05 metasploitable3-ub1404 sshd[2192]: Accepted password for vagrant from 192.168.56.1 port 52754 ssh2
Apr 29 18:53:05 metasploitable3-ub1404 sshd[2192]: pam_unix(sshd:session): session opened for user vagrant by (uid=0)
Apr 29 18:53:05 metasploitable3-ub1404 sshd[2210]: Received disconnect from 192.168.56.1: 11: disconnected by user
Apr 29 18:53:05 metasploitable3-ub1404 sshd[2192]: pam_unix(sshd:session): session closed for user vagrant
Apr 29 18:54:43 metasploitable3-ub1404 sshd[2253]: Accepted password for vagrant from 192.168.56.1 port 52770 ssh2
Apr 29 18:54:43 metasploitable3-ub1404 sshd[2253]: pam_unix(sshd:session): session opened for user vagrant by (uid=0)
Apr 29 18:54:44 metasploitable3-ub1404 sshd[2272]: Received disconnect from 192.168.56.1: 11: disconnected by user
Apr 29 18:54:44 metasploitable3-ub1404 sshd[2253]: pam_unix(sshd:session): session closed for user vagrant
Apr 29 18:58:29 metasploitable3-ub1404 sudo:  vagrant : TTY=tty1 ; PWD=/home/vagrant ; USER=root ; COMMAND=/bin/cp /var/log/auth.log /home/vagrant/auth.log
Apr 29 18:58:29 metasploitable3-ub1404 sudo: pam_unix(sudo:session): session opened for user root by vagrant(uid=0)
Apr 29 18:58:29 metasploitable3-ub1404 sudo: pam_unix(sudo:session): session closed for user root
Apr 29 19:07:41 metasploitable3-ub1404 sudo:     root : TTY=unknown ; PWD=/ ; USER=chewbacca ; COMMAND=/opt/readme_app/start.sh
Apr 29 19:07:41 metasploitable3-ub1404 sudo: pam_unix(sudo:session): session opened for user chewbacca by (uid=0)
Apr 29 19:07:41 metasploitable3-ub1404 sshd[1409]: Server listening on 0.0.0.0 port 22.
Apr 29 19:07:41 metasploitable3-ub1404 sshd[1409]: Server listening on :: port 22.
Apr 29 19:07:41 metasploitable3-ub1404 su[1471]: Successful su for dirmngr by root
Apr 29 19:07:41 metasploitable3-ub1404 su[1471]: + /dev/console root:dirmngr
Apr 29 19:07:41 metasploitable3-ub1404 su[1471]: pam_unix(su:session): session opened for user dirmngr by (uid=0)
Apr 29 19:07:41 metasploitable3-ub1404 su[1471]: pam_unix(su:session): session closed for user dirmngr
Apr 29 19:07:41 metasploitable3-ub1404 sudo:     root : TTY=unknown ; PWD=/ ; USER=boba_fett ; COMMAND=/opt/unrealircd/Unreal3.2/unreal start
Apr 29 19:07:41 metasploitable3-ub1404 sudo: pam_unix(sudo:session): session opened for user boba_fett by (uid=0)
Apr 29 19:07:43 metasploitable3-ub1404 sudo: pam_unix(sudo:session): session closed for user boba_fett
Apr 29 19:08:07 metasploitable3-ub1404 login[1804]: pam_unix(login:session): session opened for user vagrant by LOGIN(uid=0)
Apr 29 19:10:26 metasploitable3-ub1404 sudo:  vagrant : TTY=tty1 ; PWD=/home/vagrant ; USER=root ; COMMAND=/usr/sbin/usermod -aG vboxsf vagrant
Apr 29 19:10:26 metasploitable3-ub1404 sudo: pam_unix(sudo:session): session opened for user root by vagrant(uid=0)
Apr 29 19:10:26 metasploitable3-ub1404 sudo: pam_unix(sudo:session): session closed for user root
Apr 29 19:27:14 metasploitable3-ub1404 sudo:     root : TTY=unknown ; PWD=/ ; USER=chewbacca ; COMMAND=/opt/readme_app/start.sh
Apr 29 19:27:14 metasploitable3-ub1404 sudo: pam_unix(sudo:session): session opened for user chewbacca by (uid=0)
Apr 29 19:27:14 metasploitable3-ub1404 sshd[1485]: Server listening on 0.0.0.0 port 22.
Apr 29 19:27:14 metasploitable3-ub1404 sshd[1485]: Server listening on :: port 22.
Apr 29 19:27:14 metasploitable3-ub1404 su[1544]: Successful su for dirmngr by root
Apr 29 19:27:14 metasploitable3-ub1404 su[1544]: + /dev/console root:dirmngr
Apr 29 19:27:14 metasploitable3-ub1404 su[1544]: pam_unix(su:session): session opened for user dirmngr by (uid=0)
Apr 29 19:27:14 metasploitable3-ub1404 su[1544]: pam_unix(su:session): session closed for user dirmngr
Apr 29 19:27:15 metasploitable3-ub1404 sudo:     root : TTY=unknown ; PWD=/ ; USER=boba_fett ; COMMAND=/opt/unrealircd/Unreal3.2/unreal start
Apr 29 19:27:15 metasploitable3-ub1404 sudo: pam_unix(sudo:session): session opened for user boba_fett by (uid=0)
Apr 29 19:27:16 metasploitable3-ub1404 sudo: pam_unix(sudo:session): session closed for user boba_fett
Apr 29 19:28:03 metasploitable3-ub1404 login[1864]: pam_unix(login:session): session opened for user vagrant by LOGIN(uid=0)
Apr 29 19:30:35 metasploitable3-ub1404 sudo:  vagrant : TTY=tty1 ; PWD=/home/vagrant ; USER=root ; COMMAND=/bin/mkdir /mnt/SharedTemp
Apr 29 19:30:35 metasploitable3-ub1404 sudo: pam_unix(sudo:session): session opened for user root by vagrant(uid=0)
Apr 29 19:30:35 metasploitable3-ub1404 sudo: pam_unix(sudo:session): session closed for user root
Apr 29 19:31:15 metasploitable3-ub1404 sudo:  vagrant : TTY=tty1 ; PWD=/home/vagrant ; USER=root ; COMMAND=/bin/mount -t vboxsf SharedTemp /mnt/SharedTemp
Apr 29 19:31:15 metasploitable3-ub1404 sudo: pam_unix(sudo:session): session opened for user root by vagrant(uid=0)
Apr 29 19:31:15 metasploitable3-ub1404 sudo: pam_unix(sudo:session): session closed for user root
Apr 29 19:33:00 metasploitable3-ub1404 sshd[2000]: Accepted password for vagrant from 192.168.56.1 port 50041 ssh2
Apr 29 19:33:00 metasploitable3-ub1404 sshd[2000]: pam_unix(sshd:session): session opened for user vagrant by (uid=0)
Apr 29 19:33:00 metasploitable3-ub1404 sshd[2018]: Received disconnect from 192.168.56.1: 11: disconnected by user
Apr 29 19:33:00 metasploitable3-ub1404 sshd[2000]: pam_unix(sshd:session): session closed for user vagrant
Apr 29 19:34:55 metasploitable3-ub1404 sudo:  vagrant : TTY=tty1 ; PWD=/home/vagrant ; USER=root ; COMMAND=/bin/cp /var/log/auth.log /home/vagrant/
Apr 29 19:34:55 metasploitable3-ub1404 sudo: pam_unix(sudo:session): session opened for user root by vagrant(uid=0)
